0 info it worked if it ends with ok
1 verbose cli [
1 verbose cli   'C:\\Program Files\\nodejs\\node.exe',
1 verbose cli   'C:\\Users\\dmorah\\AppData\\Roaming\\npm\\node_modules\\npm\\bin\\npm-cli.js',
1 verbose cli   'install',
1 verbose cli   '-g',
1 verbose cli   'npm'
1 verbose cli ]
2 info using npm@1.3.0
3 info using node@v22.13.1
4 verbose cache add [ 'npm', null ]
5 verbose cache add name=undefined spec="npm" args=["npm",null]
6 verbose parsed url Url {
6 verbose parsed url   protocol: null,
6 verbose parsed url   slashes: null,
6 verbose parsed url   auth: null,
6 verbose parsed url   host: null,
6 verbose parsed url   port: null,
6 verbose parsed url   hostname: null,
6 verbose parsed url   hash: null,
6 verbose parsed url   search: null,
6 verbose parsed url   query: null,
6 verbose parsed url   pathname: 'npm',
6 verbose parsed url   path: 'npm',
6 verbose parsed url   href: 'npm'
6 verbose parsed url }
7 silly lockFile 660051d1-npm npm
8 verbose lock npm C:\Users\dmorah\AppData\Roaming\npm-cache\660051d1-npm.lock
9 silly lockFile 660051d1-npm npm
10 silly lockFile 660051d1-npm npm
11 verbose addNamed [ 'npm', '' ]
12 verbose addNamed [ null, '*' ]
13 silly lockFile 2f990b75-npm npm@
14 verbose lock npm@ C:\Users\dmorah\AppData\Roaming\npm-cache\2f990b75-npm.lock
15 silly addNameRange { name: 'npm', range: '*', hasData: false }
16 verbose url raw npm
17 verbose url resolving [ 'https://registry.npmjs.org/', './npm' ]
18 verbose url resolved https://registry.npmjs.org/npm
19 info trying registry request attempt 1 at 15:59:55
20 http GET https://registry.npmjs.org/npm
21 http 200 https://registry.npmjs.org/npm
22 silly registry.get cb [
22 silly registry.get   200,
22 silly registry.get   {
22 silly registry.get     date: 'Mon, 14 Apr 2025 14:00:59 GMT',
22 silly registry.get     'content-type': 'application/json',
22 silly registry.get     'content-length': '22719675',
22 silly registry.get     connection: 'close',
22 silly registry.get     'cf-ray': '9303bb8bfbc7cfee-MAD',
22 silly registry.get     'cf-cache-status': 'HIT',
22 silly registry.get     'accept-ranges': 'bytes',
22 silly registry.get     'access-control-allow-origin': '*',
22 silly registry.get     age: '137',
22 silly registry.get     'cache-control': 'public, max-age=300',
22 silly registry.get     etag: '"a56ded679bc327363405df55b9217bb6"',
22 silly registry.get     'last-modified': 'Tue, 08 Apr 2025 18:19:23 GMT',
22 silly registry.get     vary: 'accept-encoding, accept',
22 silly registry.get     'set-cookie': [
22 silly registry.get       '_cfuvid=G92WA54S1tZwakFhdpoVPZ4rjH52tUXUldhE5PIyPJU-1744639259530-0.0.1.1-604800000; path=/; domain=.npmjs.org; HttpOnly; Secure; SameSite=None'
22 silly registry.get     ],
22 silly registry.get     server: 'cloudflare'
22 silly registry.get   }
22 silly registry.get ]
23 silly addNameRange number 2 { name: 'npm', range: '*', hasData: true }
24 silly addNameRange versions [
24 silly addNameRange   'npm',
24 silly addNameRange   [
24 silly addNameRange     '1.1.25',        '1.2.32',        '1.3.2',         '1.3.4',
24 silly addNameRange     '1.2.20',        '1.2.21',        '1.2.22',        '1.2.23',
24 silly addNameRange     '1.2.24',        '1.2.25',        '1.2.27',        '1.2.28',
24 silly addNameRange     '1.2.30',        '1.2.31',        '1.3.0',         '1.3.1',
24 silly addNameRange     '1.2.19',        '1.1.70',        '1.1.71',        '1.3.5',
24 silly addNameRange     '1.3.6',         '1.3.7',         '1.3.8',         '1.3.9',
24 silly addNameRange     '1.3.10',        '1.3.11',        '1.3.12',        '1.3.13',
24 silly addNameRange     '1.3.14',        '1.3.15',        '1.3.16',        '1.3.17',
24 silly addNameRange     '1.3.18',        '1.3.20',        '1.3.21',        '1.3.22',
24 silly addNameRange     '1.3.23',        '1.3.24',        '1.3.25',        '1.3.26',
24 silly addNameRange     '1.4.0',         '1.4.1',         '1.4.2',         '1.4.3',
24 silly addNameRange     '1.4.4',         '1.4.5',         '1.4.6',         '1.4.7',
24 silly addNameRange     '1.4.8',         '1.4.9',         '1.4.10',        '1.4.11',
24 silly addNameRange     '1.4.12',        '1.4.13',        '1.4.14',        '1.4.15',
24 silly addNameRange     '1.4.16',        '1.2.8000',      '1.4.17',        '1.4.18',
24 silly addNameRange     '1.4.19',        '1.5.0-alpha-0', '1.5.0-alpha-1', '1.4.20',
24 silly addNameRange     '1.5.0-alpha-2', '1.4.21',        '1.5.0-alpha-3', '1.5.0-alpha-4',
24 silly addNameRange     '2.0.0-alpha-5', '1.4.22',        '1.4.23',        '2.0.0-alpha.6.0',
24 silly addNameRange     '1.4.24',        '2.0.0-alpha.6', '2.0.0-alpha.7', '2.0.0-beta.0',
24 silly addNameRange     '1.4.25',        '2.0.0-beta.1',  '1.4.26',        '2.0.0-beta.2',
24 silly addNameRange     '1.4.27',        '2.0.0-beta.3',  '1.4.28',        '2.0.0',
24 silly addNameRange     '2.0.1',         '2.0.2',         '2.1.0',         '2.1.1',
24 silly addNameRange     '2.1.2',         '2.1.3',         '2.1.4',         '2.1.5',
24 silly addNameRange     '2.1.6',         '2.1.7',         '2.1.8',         '2.1.9',
24 silly addNameRange     '2.1.10',        '2.1.11',        '2.1.12',        '2.1.13',
24 silly addNameRange     ... 462 more items
24 silly addNameRange   ]
24 silly addNameRange ]
25 verbose addNamed [ 'npm', '11.3.0' ]
26 verbose addNamed [ '11.3.0', '11.3.0' ]
27 silly lockFile f3666009-npm-11-3-0 npm@11.3.0
28 verbose lock npm@11.3.0 C:\Users\dmorah\AppData\Roaming\npm-cache\f3666009-npm-11-3-0.lock
29 silly lockFile 154de7dc-try-npmjs-org-npm-npm-11-3-0-tgz https://registry.npmjs.org/npm/-/npm-11.3.0.tgz
30 verbose lock https://registry.npmjs.org/npm/-/npm-11.3.0.tgz C:\Users\dmorah\AppData\Roaming\npm-cache\154de7dc-try-npmjs-org-npm-npm-11-3-0-tgz.lock
31 verbose addRemoteTarball [
31 verbose addRemoteTarball   'https://registry.npmjs.org/npm/-/npm-11.3.0.tgz',
31 verbose addRemoteTarball   'ea7801ddc1bad6b2a6af44a6493203e32982918f'
31 verbose addRemoteTarball ]
32 info retry fetch attempt 1 at 15:59:57
33 verbose fetch to= C:\Users\dmorah\AppData\Local\Temp\npm-12488\1744639197917-0.8675655390542851\tmp.tgz
34 http GET https://registry.npmjs.org/npm/-/npm-11.3.0.tgz
35 http 200 https://registry.npmjs.org/npm/-/npm-11.3.0.tgz
36 verbose tar unpack C:\Users\dmorah\AppData\Local\Temp\npm-12488\1744639197917-0.8675655390542851\tmp.tgz
37 silly lockFile 94d697ac-97917-0-8675655390542851-package tar://C:\Users\dmorah\AppData\Local\Temp\npm-12488\1744639197917-0.8675655390542851\package
38 verbose lock tar://C:\Users\dmorah\AppData\Local\Temp\npm-12488\1744639197917-0.8675655390542851\package C:\Users\dmorah\AppData\Roaming\npm-cache\94d697ac-97917-0-8675655390542851-package.lock
39 silly lockFile 97a4870b-97917-0-8675655390542851-tmp-tgz tar://C:\Users\dmorah\AppData\Local\Temp\npm-12488\1744639197917-0.8675655390542851\tmp.tgz
40 verbose lock tar://C:\Users\dmorah\AppData\Local\Temp\npm-12488\1744639197917-0.8675655390542851\tmp.tgz C:\Users\dmorah\AppData\Roaming\npm-cache\97a4870b-97917-0-8675655390542851-tmp-tgz.lock
41 silly gunzTarPerm modes [ '755', '644' ]
42 silly gunzTarPerm extractEntry node_modules/sprintf-js/dist/.gitattributes
43 silly gunzTarPerm extractEntry node_modules/spdx-correct/node_modules/spdx-expression-parse/AUTHORS
44 silly gunzTarPerm extractEntry node_modules/spdx-expression-parse/AUTHORS
45 silly gunzTarPerm extractEntry node_modules/validate-npm-package-license/node_modules/spdx-expression-parse/AUTHORS
46 silly gunzTarPerm extractEntry node_modules/cssesc/bin/cssesc
47 silly gunzTarPerm extractEntry node_modules/node-gyp/gyp/gyp
48 silly gunzTarPerm extractEntry LICENSE
49 silly gunzTarPerm extractEntry node_modules/@isaacs/cliui/node_modules/ansi-regex/license
50 silly gunzTarPerm extractEntry node_modules/@isaacs/cliui/node_modules/string-width/license
51 silly gunzTarPerm extractEntry node_modules/@isaacs/cliui/node_modules/strip-ansi/license
52 silly gunzTarPerm extractEntry node_modules/@isaacs/fs-minipass/LICENSE
53 silly gunzTarPerm extractEntry node_modules/@isaacs/string-locale-compare/LICENSE
54 silly gunzTarPerm extractEntry node_modules/@npmcli/config/LICENSE
55 silly gunzTarPerm extractEntry node_modules/@npmcli/fs/lib/cp/LICENSE
56 silly gunzTarPerm extractEntry node_modules/@npmcli/git/LICENSE
57 silly gunzTarPerm extractEntry node_modules/@npmcli/installed-package-contents/LICENSE
58 silly gunzTarPerm extractEntry node_modules/@npmcli/metavuln-calculator/LICENSE
59 silly gunzTarPerm extractEntry node_modules/@npmcli/name-from-folder/LICENSE
60 silly gunzTarPerm extractEntry node_modules/@npmcli/node-gyp/LICENSE
61 silly gunzTarPerm extractEntry node_modules/@npmcli/package-json/LICENSE
62 silly gunzTarPerm extractEntry node_modules/@npmcli/promise-spawn/LICENSE
63 silly gunzTarPerm extractEntry node_modules/@npmcli/query/LICENSE
64 silly gunzTarPerm extractEntry node_modules/@npmcli/redact/LICENSE
65 silly gunzTarPerm extractEntry node_modules/@npmcli/run-script/LICENSE
66 silly gunzTarPerm extractEntry node_modules/@pkgjs/parseargs/LICENSE
67 silly gunzTarPerm extractEntry node_modules/@sigstore/bundle/LICENSE
68 silly gunzTarPerm extractEntry node_modules/@sigstore/core/LICENSE
69 silly gunzTarPerm extractEntry node_modules/@sigstore/protobuf-specs/LICENSE
70 silly gunzTarPerm extractEntry node_modules/@sigstore/sign/LICENSE
71 silly gunzTarPerm extractEntry node_modules/@sigstore/tuf/LICENSE
72 silly gunzTarPerm extractEntry node_modules/@tufjs/canonical-json/LICENSE
73 silly gunzTarPerm extractEntry node_modules/@tufjs/models/LICENSE
74 silly gunzTarPerm extractEntry node_modules/abbrev/LICENSE
75 silly gunzTarPerm extractEntry node_modules/agent-base/LICENSE
76 silly gunzTarPerm extractEntry node_modules/ansi-regex/license
77 silly gunzTarPerm extractEntry node_modules/ansi-styles/license
78 silly gunzTarPerm extractEntry node_modules/aproba/LICENSE
79 silly gunzTarPerm extractEntry node_modules/archy/LICENSE
80 silly gunzTarPerm extractEntry node_modules/bin-links/LICENSE
81 silly gunzTarPerm extractEntry node_modules/binary-extensions/license
82 silly gunzTarPerm extractEntry node_modules/brace-expansion/LICENSE
83 silly gunzTarPerm extractEntry node_modules/cacache/node_modules/minizlib/LICENSE
84 silly gunzTarPerm extractEntry node_modules/cacache/node_modules/mkdirp/LICENSE
85 silly gunzTarPerm extractEntry node_modules/cacache/node_modules/tar/LICENSE
86 silly gunzTarPerm extractEntry node_modules/chalk/license
87 silly gunzTarPerm extractEntry node_modules/chownr/LICENSE
88 silly gunzTarPerm extractEntry node_modules/ci-info/LICENSE
89 silly gunzTarPerm extractEntry node_modules/cidr-regex/LICENSE
90 silly gunzTarPerm extractEntry node_modules/cli-columns/license
91 silly gunzTarPerm extractEntry node_modules/cmd-shim/LICENSE
92 silly gunzTarPerm extractEntry node_modules/color-convert/LICENSE
93 silly gunzTarPerm extractEntry node_modules/color-name/LICENSE
94 silly gunzTarPerm extractEntry node_modules/common-ancestor-path/LICENSE
95 silly gunzTarPerm extractEntry node_modules/cross-spawn/LICENSE
96 silly gunzTarPerm extractEntry node_modules/cross-spawn/node_modules/which/LICENSE
97 silly gunzTarPerm extractEntry node_modules/debug/LICENSE
98 silly gunzTarPerm extractEntry node_modules/diff/LICENSE
99 silly gunzTarPerm extractEntry node_modules/encoding/LICENSE
100 silly gunzTarPerm extractEntry node_modules/env-paths/license
101 silly gunzTarPerm extractEntry node_modules/exponential-backoff/LICENSE
102 silly gunzTarPerm extractEntry node_modules/foreground-child/LICENSE
103 silly gunzTarPerm extractEntry node_modules/fs-minipass/LICENSE
104 silly gunzTarPerm extractEntry node_modules/glob/LICENSE
105 silly gunzTarPerm extractEntry node_modules/graceful-fs/LICENSE
106 silly gunzTarPerm extractEntry node_modules/hosted-git-info/LICENSE
107 silly gunzTarPerm extractEntry node_modules/http-cache-semantics/LICENSE
108 silly gunzTarPerm extractEntry node_modules/http-proxy-agent/LICENSE
109 silly gunzTarPerm extractEntry node_modules/https-proxy-agent/LICENSE
110 silly gunzTarPerm extractEntry node_modules/iconv-lite/LICENSE
111 silly gunzTarPerm extractEntry node_modules/ignore-walk/LICENSE
112 silly gunzTarPerm extractEntry node_modules/ini/LICENSE
113 silly gunzTarPerm extractEntry node_modules/ip-address/LICENSE
114 silly gunzTarPerm extractEntry node_modules/ip-regex/license
115 silly gunzTarPerm extractEntry node_modules/is-cidr/LICENSE
116 silly gunzTarPerm extractEntry node_modules/is-fullwidth-code-point/license
117 silly gunzTarPerm extractEntry node_modules/isexe/LICENSE
118 silly gunzTarPerm extractEntry node_modules/jsbn/LICENSE
119 silly gunzTarPerm extractEntry node_modules/json-stringify-nice/LICENSE
120 silly gunzTarPerm extractEntry node_modules/jsonparse/LICENSE
121 silly gunzTarPerm extractEntry node_modules/just-diff-apply/LICENSE
122 silly gunzTarPerm extractEntry node_modules/just-diff/LICENSE
123 silly gunzTarPerm extractEntry node_modules/libnpmaccess/LICENSE
124 silly gunzTarPerm extractEntry node_modules/libnpmdiff/LICENSE
125 silly gunzTarPerm extractEntry node_modules/libnpmexec/LICENSE
126 silly gunzTarPerm extractEntry node_modules/libnpmfund/LICENSE
127 silly gunzTarPerm extractEntry node_modules/libnpmorg/LICENSE
128 silly gunzTarPerm extractEntry node_modules/libnpmpack/LICENSE
129 silly gunzTarPerm extractEntry node_modules/libnpmpublish/LICENSE
130 silly gunzTarPerm extractEntry node_modules/libnpmsearch/LICENSE
131 silly gunzTarPerm extractEntry node_modules/libnpmteam/LICENSE
132 silly gunzTarPerm extractEntry node_modules/libnpmversion/LICENSE
133 silly gunzTarPerm extractEntry node_modules/lru-cache/LICENSE
134 silly gunzTarPerm extractEntry node_modules/make-fetch-happen/LICENSE
135 silly gunzTarPerm extractEntry node_modules/make-fetch-happen/node_modules/negotiator/LICENSE
136 silly gunzTarPerm extractEntry node_modules/minimatch/LICENSE
137 silly gunzTarPerm extractEntry node_modules/minipass-collect/LICENSE
138 silly gunzTarPerm extractEntry node_modules/minipass-fetch/LICENSE
139 silly gunzTarPerm extractEntry node_modules/minipass-fetch/node_modules/minizlib/LICENSE
140 silly gunzTarPerm extractEntry node_modules/minipass-flush/LICENSE
141 silly gunzTarPerm extractEntry node_modules/minipass-flush/node_modules/minipass/LICENSE
142 silly gunzTarPerm extractEntry node_modules/minipass-pipeline/LICENSE
143 silly gunzTarPerm extractEntry node_modules/minipass-pipeline/node_modules/minipass/LICENSE
144 silly gunzTarPerm extractEntry node_modules/minipass-sized/LICENSE
145 silly gunzTarPerm extractEntry node_modules/minipass-sized/node_modules/minipass/LICENSE
146 silly gunzTarPerm extractEntry node_modules/minipass/LICENSE
147 silly gunzTarPerm extractEntry node_modules/minizlib/LICENSE
148 silly gunzTarPerm extractEntry node_modules/minizlib/node_modules/minipass/LICENSE
149 silly gunzTarPerm extractEntry node_modules/mkdirp/LICENSE
150 silly gunzTarPerm extractEntry node_modules/mute-stream/LICENSE
151 silly gunzTarPerm extractEntry node_modules/node-gyp/gyp/LICENSE
152 silly gunzTarPerm extractEntry node_modules/node-gyp/gyp/pylib/packaging/LICENSE
153 silly gunzTarPerm extractEntry node_modules/node-gyp/LICENSE
154 silly gunzTarPerm extractEntry node_modules/node-gyp/node_modules/minizlib/LICENSE
155 silly gunzTarPerm extractEntry node_modules/node-gyp/node_modules/mkdirp/LICENSE
156 silly gunzTarPerm extractEntry node_modules/node-gyp/node_modules/tar/LICENSE
157 silly gunzTarPerm extractEntry node_modules/nopt/LICENSE
158 silly gunzTarPerm extractEntry node_modules/normalize-package-data/LICENSE
159 silly gunzTarPerm extractEntry node_modules/npm-audit-report/LICENSE
160 silly gunzTarPerm extractEntry node_modules/npm-bundled/LICENSE
161 silly gunzTarPerm extractEntry node_modules/npm-install-checks/LICENSE
162 silly gunzTarPerm extractEntry node_modules/npm-normalize-package-bin/LICENSE
163 silly gunzTarPerm extractEntry node_modules/npm-package-arg/LICENSE
164 silly gunzTarPerm extractEntry node_modules/npm-packlist/LICENSE
165 silly gunzTarPerm extractEntry node_modules/npm-registry-fetch/node_modules/minizlib/LICENSE
166 silly gunzTarPerm extractEntry node_modules/npm-user-validate/LICENSE
167 silly gunzTarPerm extractEntry node_modules/p-map/license
168 silly gunzTarPerm extractEntry node_modules/pacote/LICENSE
169 silly gunzTarPerm extractEntry node_modules/path-key/license
170 silly gunzTarPerm extractEntry node_modules/proc-log/LICENSE
171 silly gunzTarPerm extractEntry node_modules/proggy/LICENSE
172 silly gunzTarPerm extractEntry node_modules/promise-all-reject-late/LICENSE
173 silly gunzTarPerm extractEntry node_modules/promise-call-limit/LICENSE
174 silly gunzTarPerm extractEntry node_modules/promise-retry/LICENSE
175 silly gunzTarPerm extractEntry node_modules/promzard/LICENSE
176 silly gunzTarPerm extractEntry node_modules/qrcode-terminal/LICENSE
177 silly gunzTarPerm extractEntry node_modules/read-cmd-shim/LICENSE
178 silly gunzTarPerm extractEntry node_modules/read-package-json-fast/LICENSE
179 silly gunzTarPerm extractEntry node_modules/read/LICENSE
180 silly gunzTarPerm extractEntry node_modules/retry/License
181 silly gunzTarPerm extractEntry node_modules/safer-buffer/LICENSE
182 silly gunzTarPerm extractEntry node_modules/semver/LICENSE
183 silly gunzTarPerm extractEntry node_modules/shebang-command/license
184 silly gunzTarPerm extractEntry node_modules/shebang-regex/license
185 silly gunzTarPerm extractEntry node_modules/sigstore/LICENSE
186 silly gunzTarPerm extractEntry node_modules/smart-buffer/LICENSE
187 silly gunzTarPerm extractEntry node_modules/socks-proxy-agent/LICENSE
188 silly gunzTarPerm extractEntry node_modules/socks/LICENSE
189 silly gunzTarPerm extractEntry node_modules/spdx-correct/LICENSE
190 silly gunzTarPerm extractEntry node_modules/spdx-correct/node_modules/spdx-expression-parse/LICENSE
191 silly gunzTarPerm extractEntry node_modules/spdx-expression-parse/LICENSE
192 silly gunzTarPerm extractEntry node_modules/sprintf-js/LICENSE
193 silly gunzTarPerm extractEntry node_modules/string-width-cjs/license
194 silly gunzTarPerm extractEntry node_modules/string-width/license
195 silly gunzTarPerm extractEntry node_modules/strip-ansi-cjs/license
196 silly gunzTarPerm extractEntry node_modules/strip-ansi/license
197 silly gunzTarPerm extractEntry node_modules/supports-color/license
198 silly gunzTarPerm extractEntry node_modules/tar/LICENSE
199 silly gunzTarPerm extractEntry node_modules/tar/node_modules/fs-minipass/LICENSE
200 silly gunzTarPerm extractEntry node_modules/tar/node_modules/fs-minipass/node_modules/minipass/LICENSE
201 silly gunzTarPerm extractEntry node_modules/tar/node_modules/minipass/LICENSE
202 silly gunzTarPerm extractEntry node_modules/text-table/LICENSE
203 silly gunzTarPerm extractEntry node_modules/tinyglobby/LICENSE
204 silly gunzTarPerm extractEntry node_modules/tinyglobby/node_modules/fdir/LICENSE
205 silly gunzTarPerm extractEntry node_modules/tinyglobby/node_modules/picomatch/LICENSE
206 silly gunzTarPerm extractEntry node_modules/treeverse/LICENSE
207 silly gunzTarPerm extractEntry node_modules/tuf-js/LICENSE
208 silly gunzTarPerm extractEntry node_modules/unique-filename/LICENSE
209 silly gunzTarPerm extractEntry node_modules/unique-slug/LICENSE
210 silly gunzTarPerm extractEntry node_modules/util-deprecate/LICENSE
211 silly gunzTarPerm extractEntry node_modules/validate-npm-package-license/LICENSE
212 silly gunzTarPerm extractEntry node_modules/validate-npm-package-license/node_modules/spdx-expression-parse/LICENSE
213 silly gunzTarPerm extractEntry node_modules/validate-npm-package-name/LICENSE
214 silly gunzTarPerm extractEntry node_modules/walk-up-path/LICENSE
215 silly gunzTarPerm extractEntry node_modules/which/LICENSE
216 silly gunzTarPerm extractEntry node_modules/which/node_modules/isexe/LICENSE
217 silly gunzTarPerm extractEntry node_modules/wrap-ansi-cjs/license
218 silly gunzTarPerm extractEntry node_modules/wrap-ansi-cjs/node_modules/ansi-styles/license
219 silly gunzTarPerm extractEntry node_modules/wrap-ansi/license
220 silly gunzTarPerm extractEntry node_modules/wrap-ansi/node_modules/ansi-regex/license
221 silly gunzTarPerm extractEntry node_modules/wrap-ansi/node_modules/string-width/license
222 silly gunzTarPerm extractEntry node_modules/wrap-ansi/node_modules/strip-ansi/license
223 silly gunzTarPerm extractEntry node_modules/yallist/LICENSE
224 silly gunzTarPerm extractEntry node_modules/postcss-selector-parser/LICENSE-MIT
225 silly gunzTarPerm extractEntry node_modules/retry/Makefile
226 silly gunzTarPerm extractEntry bin/node-gyp-bin/node-gyp
227 silly gunzTarPerm extractEntry node_modules/@npmcli/run-script/lib/node-gyp-bin/node-gyp
228 silly gunzTarPerm extractEntry node_modules/cross-spawn/node_modules/which/bin/node-which
229 silly gunzTarPerm extractEntry bin/npm
230 silly gunzTarPerm extractEntry bin/npx
231 silly gunzTarPerm extractEntry node_modules/cssesc/man/cssesc.1
232 silly gunzTarPerm extractEntry man/man1/npm-access.1
233 silly gunzTarPerm extractEntry man/man1/npm-adduser.1
234 silly gunzTarPerm extractEntry man/man1/npm-audit.1
235 silly gunzTarPerm extractEntry man/man1/npm-bugs.1
236 silly gunzTarPerm extractEntry man/man1/npm-cache.1
237 silly gunzTarPerm extractEntry man/man1/npm-ci.1
238 silly gunzTarPerm extractEntry man/man1/npm-completion.1
239 silly gunzTarPerm extractEntry man/man1/npm-config.1
240 silly gunzTarPerm extractEntry man/man1/npm-dedupe.1
241 silly gunzTarPerm extractEntry man/man1/npm-deprecate.1
242 silly gunzTarPerm extractEntry man/man1/npm-diff.1
243 silly gunzTarPerm extractEntry man/man1/npm-dist-tag.1
244 silly gunzTarPerm extractEntry man/man1/npm-docs.1
245 silly gunzTarPerm extractEntry man/man1/npm-doctor.1
246 silly gunzTarPerm extractEntry man/man1/npm-edit.1
247 silly gunzTarPerm extractEntry man/man1/npm-exec.1
248 silly gunzTarPerm extractEntry man/man1/npm-explain.1
249 silly gunzTarPerm extractEntry man/man1/npm-explore.1
250 silly gunzTarPerm extractEntry man/man1/npm-find-dupes.1
251 silly gunzTarPerm extractEntry man/man1/npm-fund.1
252 silly gunzTarPerm extractEntry man/man1/npm-help-search.1
253 silly gunzTarPerm extractEntry man/man1/npm-help.1
254 silly gunzTarPerm extractEntry man/man1/npm-init.1
255 silly gunzTarPerm extractEntry man/man1/npm-install-ci-test.1
256 silly gunzTarPerm extractEntry man/man1/npm-install-test.1
257 silly gunzTarPerm extractEntry man/man1/npm-install.1
258 silly gunzTarPerm extractEntry man/man1/npm-link.1
259 silly gunzTarPerm extractEntry man/man1/npm-login.1
260 silly gunzTarPerm extractEntry man/man1/npm-logout.1
261 silly gunzTarPerm extractEntry man/man1/npm-ls.1
262 silly gunzTarPerm extractEntry man/man1/npm-org.1
263 silly gunzTarPerm extractEntry man/man1/npm-outdated.1
264 silly gunzTarPerm extractEntry man/man1/npm-owner.1
265 silly gunzTarPerm extractEntry man/man1/npm-pack.1
266 silly gunzTarPerm extractEntry man/man1/npm-ping.1
267 silly gunzTarPerm extractEntry man/man1/npm-pkg.1
268 silly gunzTarPerm extractEntry man/man1/npm-prefix.1
269 silly gunzTarPerm extractEntry man/man1/npm-profile.1
270 silly gunzTarPerm extractEntry man/man1/npm-prune.1
271 silly gunzTarPerm extractEntry man/man1/npm-publish.1
272 silly gunzTarPerm extractEntry man/man1/npm-query.1
273 silly gunzTarPerm extractEntry man/man1/npm-rebuild.1
274 silly gunzTarPerm extractEntry man/man1/npm-repo.1
275 silly gunzTarPerm extractEntry man/man1/npm-restart.1
276 silly gunzTarPerm extractEntry man/man1/npm-root.1
277 silly gunzTarPerm extractEntry man/man1/npm-run-script.1
278 silly gunzTarPerm extractEntry man/man1/npm-sbom.1
279 silly gunzTarPerm extractEntry man/man1/npm-search.1
280 silly gunzTarPerm extractEntry man/man1/npm-shrinkwrap.1
281 silly gunzTarPerm extractEntry man/man1/npm-star.1
282 silly gunzTarPerm extractEntry man/man1/npm-stars.1
283 silly gunzTarPerm extractEntry man/man1/npm-start.1
284 silly gunzTarPerm extractEntry man/man1/npm-stop.1
285 silly gunzTarPerm extractEntry man/man1/npm-team.1
286 silly gunzTarPerm extractEntry man/man1/npm-test.1
287 silly gunzTarPerm extractEntry man/man1/npm-token.1
288 silly gunzTarPerm extractEntry man/man1/npm-undeprecate.1
289 silly gunzTarPerm extractEntry man/man1/npm-uninstall.1
290 silly gunzTarPerm extractEntry man/man1/npm-unpublish.1
291 silly gunzTarPerm extractEntry man/man1/npm-unstar.1
292 silly gunzTarPerm extractEntry man/man1/npm-update.1
293 silly gunzTarPerm extractEntry man/man1/npm-version.1
294 silly gunzTarPerm extractEntry man/man1/npm-view.1
295 silly gunzTarPerm extractEntry man/man1/npm-whoami.1
296 silly gunzTarPerm extractEntry man/man1/npm.1
297 silly gunzTarPerm extractEntry man/man1/npx.1
298 silly gunzTarPerm extractEntry man/man5/folders.5
299 silly gunzTarPerm extractEntry man/man5/install.5
300 silly gunzTarPerm extractEntry man/man5/npm-global.5
301 silly gunzTarPerm extractEntry man/man5/npm-json.5
302 silly gunzTarPerm extractEntry man/man5/npm-shrinkwrap-json.5
303 silly gunzTarPerm extractEntry man/man5/npmrc.5
304 silly gunzTarPerm extractEntry man/man5/package-json.5
305 silly gunzTarPerm extractEntry man/man5/package-lock-json.5
306 silly gunzTarPerm extractEntry man/man7/config.7
307 silly gunzTarPerm extractEntry man/man7/dependency-selectors.7
308 silly gunzTarPerm extractEntry man/man7/developers.7
309 silly gunzTarPerm extractEntry man/man7/logging.7
310 silly gunzTarPerm extractEntry man/man7/orgs.7
311 silly gunzTarPerm extractEntry man/man7/package-spec.7
312 silly gunzTarPerm extractEntry man/man7/registry.7
313 silly gunzTarPerm extractEntry man/man7/removal.7
314 silly gunzTarPerm extractEntry man/man7/scope.7
315 silly gunzTarPerm extractEntry man/man7/scripts.7
316 silly gunzTarPerm extractEntry man/man7/workspaces.7
317 silly gunzTarPerm extractEntry node_modules/node-gyp/gyp/pylib/packaging/LICENSE.APACHE
318 silly gunzTarPerm extractEntry node_modules/node-gyp/gyp/gyp.bat
319 silly gunzTarPerm extractEntry node_modules/semver/range.bnf
320 silly gunzTarPerm extractEntry node_modules/node-gyp/gyp/pylib/packaging/LICENSE.BSD
321 silly gunzTarPerm extractEntry node_modules/node-gyp/gyp/data/win/large-pdb-shim.cc
322 silly gunzTarPerm extractEntry node_modules/node-gyp/src/win_delay_load_hook.cc
323 silly gunzTarPerm extractEntry node_modules/@isaacs/cliui/build/index.cjs
324 silly gunzTarPerm extractEntry node_modules/just-diff-apply/index.cjs
325 silly gunzTarPerm extractEntry node_modules/just-diff/index.cjs
326 silly gunzTarPerm extractEntry bin/node-gyp-bin/node-gyp.cmd
327 silly gunzTarPerm extractEntry node_modules/@npmcli/run-script/lib/node-gyp-bin/node-gyp.cmd
328 silly gunzTarPerm extractEntry bin/npm.cmd
329 silly gunzTarPerm extractEntry bin/npx.cmd
330 silly gunzTarPerm extractEntry node_modules/node-gyp/lib/Find-VisualStudio.cs
331 silly gunzTarPerm extractEntry node_modules/@isaacs/cliui/build/index.d.cts
332 silly gunzTarPerm extractEntry lib/utils/completion.fish
333 silly gunzTarPerm extractEntry node_modules/retry/equation.gif
334 silly gunzTarPerm extractEntry node_modules/node-gyp/addon.gypi
335 silly gunzTarPerm extractEntry docs/output/using-npm/config.html
336 silly gunzTarPerm extractEntry docs/output/using-npm/dependency-selectors.html
337 silly gunzTarPerm extractEntry docs/output/using-npm/developers.html
338 silly gunzTarPerm extractEntry node_modules/jsbn/example.html
339 silly gunzTarPerm extractEntry docs/output/configuring-npm/folders.html
340 silly gunzTarPerm extractEntry docs/output/configuring-npm/install.html
341 silly gunzTarPerm extractEntry docs/output/using-npm/logging.html
342 silly gunzTarPerm extractEntry docs/output/commands/npm-access.html
343 silly gunzTarPerm extractEntry docs/output/commands/npm-adduser.html
344 silly gunzTarPerm extractEntry docs/output/commands/npm-audit.html
345 silly gunzTarPerm extractEntry docs/output/commands/npm-bugs.html
346 silly gunzTarPerm extractEntry docs/output/commands/npm-cache.html
347 silly gunzTarPerm extractEntry docs/output/commands/npm-ci.html
348 silly gunzTarPerm extractEntry docs/output/commands/npm-completion.html
349 silly gunzTarPerm extractEntry docs/output/commands/npm-config.html
350 silly gunzTarPerm extractEntry docs/output/commands/npm-dedupe.html
351 silly gunzTarPerm extractEntry docs/output/commands/npm-deprecate.html
352 silly gunzTarPerm extractEntry docs/output/commands/npm-diff.html
353 silly gunzTarPerm extractEntry docs/output/commands/npm-dist-tag.html
354 silly gunzTarPerm extractEntry docs/output/commands/npm-docs.html
355 silly gunzTarPerm extractEntry docs/output/commands/npm-doctor.html
356 silly gunzTarPerm extractEntry docs/output/commands/npm-edit.html
357 silly gunzTarPerm extractEntry docs/output/commands/npm-exec.html
358 silly gunzTarPerm extractEntry docs/output/commands/npm-explain.html
359 silly gunzTarPerm extractEntry docs/output/commands/npm-explore.html
360 silly gunzTarPerm extractEntry docs/output/commands/npm-find-dupes.html
361 silly gunzTarPerm extractEntry docs/output/commands/npm-fund.html
362 silly gunzTarPerm extractEntry docs/output/configuring-npm/npm-global.html
363 silly gunzTarPerm extractEntry docs/output/commands/npm-help-search.html
364 silly gunzTarPerm extractEntry docs/output/commands/npm-help.html
365 silly gunzTarPerm extractEntry docs/output/commands/npm-init.html
366 silly gunzTarPerm extractEntry docs/output/commands/npm-install-ci-test.html
367 silly gunzTarPerm extractEntry docs/output/commands/npm-install-test.html
368 silly gunzTarPerm extractEntry docs/output/commands/npm-install.html
369 silly gunzTarPerm extractEntry docs/output/configuring-npm/npm-json.html
370 silly gunzTarPerm extractEntry docs/output/commands/npm-link.html
371 silly gunzTarPerm extractEntry docs/output/commands/npm-login.html
372 silly gunzTarPerm extractEntry docs/output/commands/npm-logout.html
373 silly gunzTarPerm extractEntry docs/output/commands/npm-ls.html
374 silly gunzTarPerm extractEntry docs/output/commands/npm-org.html
375 silly gunzTarPerm extractEntry docs/output/commands/npm-outdated.html
376 silly gunzTarPerm extractEntry docs/output/commands/npm-owner.html
377 silly gunzTarPerm extractEntry docs/output/commands/npm-pack.html
378 silly gunzTarPerm extractEntry docs/output/commands/npm-ping.html
379 silly gunzTarPerm extractEntry docs/output/commands/npm-pkg.html
380 silly gunzTarPerm extractEntry docs/output/commands/npm-prefix.html
381 silly gunzTarPerm extractEntry docs/output/commands/npm-profile.html
382 silly gunzTarPerm extractEntry docs/output/commands/npm-prune.html
383 silly gunzTarPerm extractEntry docs/output/commands/npm-publish.html
384 silly gunzTarPerm extractEntry docs/output/commands/npm-query.html
385 silly gunzTarPerm extractEntry docs/output/commands/npm-rebuild.html
386 silly gunzTarPerm extractEntry docs/output/commands/npm-repo.html
387 silly gunzTarPerm extractEntry docs/output/commands/npm-restart.html
388 silly gunzTarPerm extractEntry docs/output/commands/npm-root.html
389 silly gunzTarPerm extractEntry docs/output/commands/npm-run-script.html
390 silly gunzTarPerm extractEntry docs/output/commands/npm-sbom.html
391 silly gunzTarPerm extractEntry docs/output/commands/npm-search.html
392 silly gunzTarPerm extractEntry docs/output/configuring-npm/npm-shrinkwrap-json.html
393 silly gunzTarPerm extractEntry docs/output/commands/npm-shrinkwrap.html
394 silly gunzTarPerm extractEntry docs/output/commands/npm-star.html
395 silly gunzTarPerm extractEntry docs/output/commands/npm-stars.html
396 silly gunzTarPerm extractEntry docs/output/commands/npm-start.html
397 silly gunzTarPerm extractEntry docs/output/commands/npm-stop.html
398 silly gunzTarPerm extractEntry docs/output/commands/npm-team.html
399 silly gunzTarPerm extractEntry docs/output/commands/npm-test.html
400 silly gunzTarPerm extractEntry docs/output/commands/npm-token.html
401 silly gunzTarPerm extractEntry docs/output/commands/npm-undeprecate.html
402 silly gunzTarPerm extractEntry docs/output/commands/npm-uninstall.html
403 silly gunzTarPerm extractEntry docs/output/commands/npm-unpublish.html
404 silly gunzTarPerm extractEntry docs/output/commands/npm-unstar.html
405 silly gunzTarPerm extractEntry docs/output/commands/npm-update.html
406 silly gunzTarPerm extractEntry docs/output/commands/npm-version.html
407 silly gunzTarPerm extractEntry docs/output/commands/npm-view.html
408 silly gunzTarPerm extractEntry docs/output/commands/npm-whoami.html
409 silly gunzTarPerm extractEntry docs/output/commands/npm.html
410 silly gunzTarPerm extractEntry docs/output/configuring-npm/npmrc.html
411 silly gunzTarPerm extractEntry docs/output/commands/npx.html
412 silly gunzTarPerm extractEntry docs/output/using-npm/orgs.html
413 silly gunzTarPerm extractEntry docs/output/configuring-npm/package-json.html
414 silly gunzTarPerm extractEntry docs/output/configuring-npm/package-lock-json.html
415 silly gunzTarPerm extractEntry docs/output/using-npm/package-spec.html
416 silly gunzTarPerm extractEntry docs/output/using-npm/registry.html
417 silly gunzTarPerm extractEntry docs/output/using-npm/removal.html
418 silly gunzTarPerm extractEntry docs/output/using-npm/scope.html
419 silly gunzTarPerm extractEntry docs/output/using-npm/scripts.html
420 silly gunzTarPerm extractEntry docs/output/using-npm/workspaces.html
421 silly gunzTarPerm extractEntry node_modules/minipass-fetch/lib/abort-error.js
422 silly gunzTarPerm extractEntry lib/commands/access.js
423 silly gunzTarPerm extractEntry node_modules/@npmcli/arborist/bin/actual.js
424 silly gunzTarPerm extractEntry node_modules/pacote/lib/util/add-git-sha.js
425 silly gunzTarPerm extractEntry node_modules/@npmcli/arborist/lib/add-rm-pkg-deps.js
426 silly gunzTarPerm extractEntry node_modules/ip-address/dist/address-error.js
427 silly gunzTarPerm extractEntry lib/commands/adduser.js
428 silly gunzTarPerm extractEntry node_modules/@npmcli/metavuln-calculator/lib/advisory.js
429 silly gunzTarPerm extractEntry node_modules/@npmcli/agent/lib/agents.js
430 silly gunzTarPerm extractEntry node_modules/text-table/example/align.js
431 silly gunzTarPerm extractEntry node_modules/text-table/test/align.js
432 silly gunzTarPerm extractEntry node_modules/foreground-child/dist/commonjs/all-signals.js
433 silly gunzTarPerm extractEntry node_modules/foreground-child/dist/esm/all-signals.js
434 silly gunzTarPerm extractEntry node_modules/exponential-backoff/dist/delay/always/always.delay.js
435 silly gunzTarPerm extractEntry node_modules/sprintf-js/src/angular-sprintf.js
436 silly gunzTarPerm extractEntry node_modules/sprintf-js/dist/angular-sprintf.min.js
437 silly gunzTarPerm extractEntry node_modules/text-table/test/ansi-colors.js
438 silly gunzTarPerm extractEntry node_modules/@sigstore/protobuf-specs/dist/__generated__/google/protobuf/any.js
439 silly gunzTarPerm extractEntry node_modules/tinyglobby/node_modules/fdir/dist/builder/api-builder.js
440 silly gunzTarPerm extractEntry node_modules/@sigstore/tuf/dist/appdata.js
441 silly gunzTarPerm extractEntry node_modules/diff/lib/patch/apply.js
442 silly gunzTarPerm extractEntry lib/arborist-cmd.js
443 silly gunzTarPerm extractEntry node_modules/diff/lib/diff/array.js
444 silly gunzTarPerm extractEntry node_modules/diff/lib/util/array.js
445 silly gunzTarPerm extractEntry node_modules/minimatch/dist/commonjs/assert-valid-pattern.js
446 silly gunzTarPerm extractEntry node_modules/minimatch/dist/esm/assert-valid-pattern.js
447 silly gunzTarPerm extractEntry node_modules/minimatch/dist/commonjs/ast.js
448 silly gunzTarPerm extractEntry node_modules/minimatch/dist/esm/ast.js
449 silly gunzTarPerm extractEntry node_modules/tinyglobby/node_modules/fdir/dist/api/async.js
450 silly gunzTarPerm extractEntry node_modules/postcss-selector-parser/dist/selectors/attribute.js
451 silly gunzTarPerm extractEntry lib/utils/audit-error.js
452 silly gunzTarPerm extractEntry node_modules/@npmcli/arborist/lib/audit-report.js
453 silly gunzTarPerm extractEntry lib/commands/audit.js
454 silly gunzTarPerm extractEntry node_modules/@npmcli/arborist/bin/audit.js
455 silly gunzTarPerm extractEntry lib/utils/auth.js
456 silly gunzTarPerm extractEntry node_modules/npm-registry-fetch/lib/auth.js
457 silly gunzTarPerm extractEntry node_modules/exponential-backoff/dist/backoff.js
458 silly gunzTarPerm extractEntry lib/base-cmd.js
459 silly gunzTarPerm extractEntry node_modules/@sigstore/sign/dist/bundler/base.js
460 silly gunzTarPerm extractEntry node_modules/@tufjs/models/dist/base.js
461 silly gunzTarPerm extractEntry node_modules/diff/lib/diff/base.js
462 silly gunzTarPerm extractEntry node_modules/isexe/test/basic.js
463 silly gunzTarPerm extractEntry node_modules/minipass-sized/test/basic.js
464 silly gunzTarPerm extractEntry node_modules/qrcode-terminal/example/basic.js
465 silly gunzTarPerm extractEntry node_modules/archy/examples/beep.js
466 silly gunzTarPerm extractEntry node_modules/archy/test/beep.js
467 silly gunzTarPerm extractEntry node_modules/fastest-levenshtein/bench.js
468 silly gunzTarPerm extractEntry node_modules/jsonparse/bench.js
469 silly gunzTarPerm extractEntry node_modules/jsonparse/test/big-token.js
470 silly gunzTarPerm extractEntry node_modules/bin-links/lib/bin-target.js
471 silly gunzTarPerm extractEntry node_modules/cacache/node_modules/mkdirp/dist/cjs/src/bin.js
472 silly gunzTarPerm extractEntry node_modules/node-gyp/node_modules/mkdirp/dist/cjs/src/bin.js
473 silly gunzTarPerm extractEntry node_modules/minipass-fetch/lib/blob.js
474 silly gunzTarPerm extractEntry node_modules/minipass-fetch/lib/body.js
475 silly gunzTarPerm extractEntry node_modules/iconv-lite/lib/bom-handling.js
476 silly gunzTarPerm extractEntry node_modules/jsonparse/test/boundary.js
477 silly gunzTarPerm extractEntry node_modules/minimatch/dist/commonjs/brace-expressions.js
478 silly gunzTarPerm extractEntry node_modules/minimatch/dist/esm/brace-expressions.js
479 silly gunzTarPerm extractEntry node_modules/treeverse/lib/breadth.js
480 silly gunzTarPerm extractEntry node_modules/chalk/source/vendor/supports-color/browser.js
481 silly gunzTarPerm extractEntry node_modules/debug/src/browser.js
482 silly gunzTarPerm extractEntry node_modules/signal-exit/dist/cjs/browser.js
483 silly gunzTarPerm extractEntry node_modules/signal-exit/dist/mjs/browser.js
484 silly gunzTarPerm extractEntry node_modules/supports-color/browser.js
485 silly gunzTarPerm extractEntry node_modules/util-deprecate/browser.js
486 silly gunzTarPerm extractEntry lib/commands/bugs.js
487 silly gunzTarPerm extractEntry node_modules/@npmcli/arborist/lib/arborist/build-ideal-tree.js
488 silly gunzTarPerm extractEntry node_modules/@sigstore/bundle/dist/build.js
489 silly gunzTarPerm extractEntry node_modules/node-gyp/lib/build.js
490 silly gunzTarPerm extractEntry node_modules/@sigstore/bundle/dist/bundle.js
491 silly gunzTarPerm extractEntry node_modules/@sigstore/sign/dist/bundler/bundle.js
492 silly gunzTarPerm extractEntry node_modules/@sigstore/sign/dist/signer/fulcio/ca.js
493 silly gunzTarPerm extractEntry node_modules/pacote/lib/util/cache-dir.js
494 silly gunzTarPerm extractEntry lib/commands/cache.js
495 silly gunzTarPerm extractEntry node_modules/@npmcli/arborist/lib/calc-dep-flags.js
496 silly gunzTarPerm extractEntry node_modules/qrcode-terminal/example/callback.js
497 silly gunzTarPerm extractEntry node_modules/@npmcli/arborist/lib/can-place-dep.js
498 silly gunzTarPerm extractEntry node_modules/@npmcli/arborist/lib/case-insensitive-map.js
499 silly gunzTarPerm extractEntry node_modules/text-table/example/center.js
500 silly gunzTarPerm extractEntry node_modules/text-table/test/center.js
501 silly gunzTarPerm extractEntry node_modules/@sigstore/core/dist/x509/cert.js
502 silly gunzTarPerm extractEntry node_modules/@sigstore/verify/dist/key/certificate.js
503 silly gunzTarPerm extractEntry node_modules/diff/lib/diff/character.js
504 silly gunzTarPerm extractEntry node_modules/make-fetch-happen/node_modules/negotiator/lib/charset.js
505 silly gunzTarPerm extractEntry node_modules/bin-links/lib/check-bin.js
506 silly gunzTarPerm extractEntry node_modules/bin-links/lib/check-bins.js
507 silly gunzTarPerm extractEntry node_modules/npm-registry-fetch/lib/check-response.js
508 silly gunzTarPerm extractEntry node_modules/@sigstore/verify/dist/timestamp/checkpoint.js
509 silly gunzTarPerm extractEntry node_modules/chownr/chownr.js
510 silly gunzTarPerm extractEntry lib/commands/ci.js
511 silly gunzTarPerm extractEntry node_modules/@sigstore/sign/dist/identity/ci.js
512 silly gunzTarPerm extractEntry node_modules/postcss-selector-parser/dist/selectors/className.js
513 silly gunzTarPerm extractEntry node_modules/node-gyp/lib/clean.js
514 silly gunzTarPerm extractEntry node_modules/semver/functions/clean.js
515 silly gunzTarPerm extractEntry lib/cli.js
516 silly gunzTarPerm extractEntry node_modules/@sigstore/sign/dist/witness/tlog/client.js
517 silly gunzTarPerm extractEntry node_modules/@sigstore/sign/dist/witness/tsa/client.js
518 silly gunzTarPerm extractEntry node_modules/@sigstore/tuf/dist/client.js
519 silly gunzTarPerm extractEntry node_modules/proggy/lib/client.js
520 silly gunzTarPerm extractEntry node_modules/@npmcli/git/lib/clone.js
521 silly gunzTarPerm extractEntry node_modules/graceful-fs/clone.js
522 silly gunzTarPerm extractEntry lib/utils/cmd-list.js
523 silly gunzTarPerm extractEntry node_modules/mkdirp/bin/cmd.js
524 silly gunzTarPerm extractEntry node_modules/semver/functions/cmp.js
525 silly gunzTarPerm extractEntry node_modules/semver/functions/coerce.js
526 silly gunzTarPerm extractEntry node_modules/cli-columns/color.js
527 silly gunzTarPerm extractEntry node_modules/npm-audit-report/lib/colors.js
528 silly gunzTarPerm extractEntry node_modules/postcss-selector-parser/dist/selectors/combinator.js
529 silly gunzTarPerm extractEntry node_modules/postcss-selector-parser/dist/selectors/comment.js
530 silly gunzTarPerm extractEntry node_modules/libnpmversion/lib/commit.js
531 silly gunzTarPerm extractEntry node_modules/debug/src/common.js
532 silly gunzTarPerm extractEntry node_modules/ip-address/dist/common.js
533 silly gunzTarPerm extractEntry node_modules/retry/test/common.js
534 silly gunzTarPerm extractEntry node_modules/semver/classes/comparator.js
535 silly gunzTarPerm extractEntry node_modules/semver/functions/compare-build.js
536 silly gunzTarPerm extractEntry node_modules/semver/functions/compare-loose.js
537 silly gunzTarPerm extractEntry node_modules/semver/functions/compare.js
538 silly gunzTarPerm extractEntry lib/commands/completion.js
539 silly gunzTarPerm extractEntry lib/commands/config.js
540 silly gunzTarPerm extractEntry node_modules/sigstore/dist/config.js
541 silly gunzTarPerm extractEntry node_modules/tuf-js/dist/config.js
542 silly gunzTarPerm extractEntry node_modules/node-gyp/lib/configure.js
543 silly gunzTarPerm extractEntry node_modules/@npmcli/arborist/lib/consistent-resolve.js
544 silly gunzTarPerm extractEntry node_modules/cacache/node_modules/minizlib/dist/commonjs/constants.js
545 silly gunzTarPerm extractEntry node_modules/cacache/node_modules/minizlib/dist/esm/constants.js
546 silly gunzTarPerm extractEntry node_modules/ip-address/dist/v4/constants.js
547 silly gunzTarPerm extractEntry node_modules/ip-address/dist/v6/constants.js
548 silly gunzTarPerm extractEntry node_modules/minipass-fetch/node_modules/minizlib/dist/commonjs/constants.js
549 silly gunzTarPerm extractEntry node_modules/minipass-fetch/node_modules/minizlib/dist/esm/constants.js
550 silly gunzTarPerm extractEntry node_modules/minizlib/constants.js
551 silly gunzTarPerm extractEntry node_modules/node-gyp/node_modules/minizlib/dist/commonjs/constants.js
552 silly gunzTarPerm extractEntry node_modules/node-gyp/node_modules/minizlib/dist/esm/constants.js
553 silly gunzTarPerm extractEntry node_modules/npm-registry-fetch/node_modules/minizlib/dist/commonjs/constants.js
554 silly gunzTarPerm extractEntry node_modules/npm-registry-fetch/node_modules/minizlib/dist/esm/constants.js
555 silly gunzTarPerm extractEntry node_modules/semver/internal/constants.js
556 silly gunzTarPerm extractEntry node_modules/socks/build/common/constants.js
557 silly gunzTarPerm extractEntry node_modules/tinyglobby/node_modules/picomatch/lib/constants.js
558 silly gunzTarPerm extractEntry node_modules/postcss-selector-parser/dist/selectors/constructors.js
559 silly gunzTarPerm extractEntry node_modules/postcss-selector-parser/dist/selectors/container.js
560 silly gunzTarPerm extractEntry node_modules/color-convert/conversions.js
561 silly gunzTarPerm extractEntry node_modules/tinyglobby/node_modules/fdir/dist/api/counter.js
562 silly gunzTarPerm extractEntry node_modules/node-gyp/lib/create-config-gypi.js
563 silly gunzTarPerm extractEntry node_modules/cacache/node_modules/tar/dist/commonjs/create.js
564 silly gunzTarPerm extractEntry node_modules/cacache/node_modules/tar/dist/esm/create.js
565 silly gunzTarPerm extractEntry node_modules/diff/lib/patch/create.js
566 silly gunzTarPerm extractEntry node_modules/node-gyp/node_modules/tar/dist/commonjs/create.js
567 silly gunzTarPerm extractEntry node_modules/node-gyp/node_modules/tar/dist/esm/create.js
568 silly gunzTarPerm extractEntry node_modules/tar/lib/create.js
569 silly gunzTarPerm extractEntry node_modules/@sigstore/core/dist/crypto.js
570 silly gunzTarPerm extractEntry node_modules/diff/lib/diff/css.js
571 silly gunzTarPerm extractEntry node_modules/cssesc/cssesc.js
572 silly gunzTarPerm extractEntry node_modules/npm-install-checks/lib/current-env.js
573 silly gunzTarPerm extractEntry node_modules/cacache/node_modules/tar/dist/commonjs/cwd-error.js
574 silly gunzTarPerm extractEntry node_modules/cacache/node_modules/tar/dist/esm/cwd-error.js
575 silly gunzTarPerm extractEntry node_modules/node-gyp/node_modules/tar/dist/commonjs/cwd-error.js
576 silly gunzTarPerm extractEntry node_modules/node-gyp/node_modules/tar/dist/esm/cwd-error.js
577 silly gunzTarPerm extractEntry node_modules/tiny-relative-date/translations/da.js
578 silly gunzTarPerm extractEntry node_modules/safer-buffer/dangerous.js
579 silly gunzTarPerm extractEntry node_modules/iconv-lite/encodings/dbcs-codec.js
580 silly gunzTarPerm extractEntry node_modules/iconv-lite/encodings/dbcs-data.js
581 silly gunzTarPerm extractEntry node_modules/tiny-relative-date/translations/de.js
582 silly gunzTarPerm extractEntry node_modules/@npmcli/arborist/lib/debug.js
583 silly gunzTarPerm extractEntry node_modules/nopt/lib/debug.js
584 silly gunzTarPerm extractEntry node_modules/semver/internal/debug.js
585 silly gunzTarPerm extractEntry lib/commands/dedupe.js
586 silly gunzTarPerm extractEntry node_modules/@npmcli/redact/lib/deep-map.js
587 silly gunzTarPerm extractEntry node_modules/@npmcli/arborist/lib/deepest-nesting-target.js
588 silly gunzTarPerm extractEntry node_modules/init-package-json/lib/default-input.js
589 silly gunzTarPerm extractEntry node_modules/npm-registry-fetch/lib/default-opts.js
590 silly gunzTarPerm extractEntry node_modules/@npmcli/config/lib/definitions/definition.js
591 silly gunzTarPerm extractEntry node_modules/@npmcli/config/lib/definitions/definitions.js
592 silly gunzTarPerm extractEntry node_modules/exponential-backoff/dist/delay/delay.base.js
593 silly gunzTarPerm extractEntry node_modules/exponential-backoff/dist/delay/delay.factory.js
594 silly gunzTarPerm extractEntry node_modules/exponential-backoff/dist/delay/delay.interface.js
595 silly gunzTarPerm extractEntry node_modules/@tufjs/models/dist/delegations.js
596 silly gunzTarPerm extractEntry node_modules/@npmcli/arborist/lib/dep-valid.js
597 silly gunzTarPerm extractEntry lib/commands/deprecate.js
598 silly gunzTarPerm extractEntry node_modules/treeverse/lib/depth-descent.js
599 silly gunzTarPerm extractEntry node_modules/treeverse/lib/depth.js
600 silly gunzTarPerm extractEntry node_modules/@sigstore/protobuf-specs/dist/__generated__/google/protobuf/descriptor.js
601 silly gunzTarPerm extractEntry node_modules/npm-audit-report/lib/reporters/detail.js
602 silly gunzTarPerm extractEntry node_modules/npm-install-checks/lib/dev-engines.js
603 silly gunzTarPerm extractEntry lib/utils/did-you-mean.js
604 silly gunzTarPerm extractEntry lib/commands/diff.js
605 silly gunzTarPerm extractEntry node_modules/@npmcli/arborist/lib/diff.js
606 silly gunzTarPerm extractEntry node_modules/diff/dist/diff.js
607 silly gunzTarPerm extractEntry node_modules/semver/functions/diff.js
608 silly gunzTarPerm extractEntry node_modules/diff/dist/diff.min.js
609 silly gunzTarPerm extractEntry node_modules/pacote/lib/dir.js
610 silly gunzTarPerm extractEntry lib/utils/display.js
611 silly gunzTarPerm extractEntry lib/commands/dist-tag.js
612 silly gunzTarPerm extractEntry node_modules/diff/lib/util/distance-iterator.js
613 silly gunzTarPerm extractEntry node_modules/diff/lib/convert/dmp.js
614 silly gunzTarPerm extractEntry node_modules/@npmcli/agent/lib/dns.js
615 silly gunzTarPerm extractEntry node_modules/retry/example/dns.js
616 silly gunzTarPerm extractEntry lib/commands/docs.js
617 silly gunzTarPerm extractEntry lib/commands/doctor.js
618 silly gunzTarPerm extractEntry node_modules/text-table/example/dotalign.js
619 silly gunzTarPerm extractEntry node_modules/text-table/test/dotalign.js
620 silly gunzTarPerm extractEntry node_modules/text-table/example/doubledot.js
621 silly gunzTarPerm extractEntry node_modules/text-table/test/doubledot.js
622 silly gunzTarPerm extractEntry node_modules/node-gyp/lib/download.js
623 silly gunzTarPerm extractEntry node_modules/@sigstore/core/dist/dsse.js
624 silly gunzTarPerm extractEntry node_modules/@sigstore/sign/dist/bundler/dsse.js
625 silly gunzTarPerm extractEntry node_modules/@sigstore/verify/dist/bundle/dsse.js
626 silly gunzTarPerm extractEntry node_modules/@sigstore/verify/dist/tlog/dsse.js
627 silly gunzTarPerm extractEntry node_modules/eastasianwidth/eastasianwidth.js
628 silly gunzTarPerm extractEntry node_modules/@npmcli/arborist/lib/edge.js
629 silly gunzTarPerm extractEntry lib/commands/edit.js
630 silly gunzTarPerm extractEntry node_modules/tiny-relative-date/translations/en-short.js
631 silly gunzTarPerm extractEntry node_modules/tiny-relative-date/translations/en.js
632 silly gunzTarPerm extractEntry node_modules/@sigstore/core/dist/encoding.js
633 silly gunzTarPerm extractEntry node_modules/encoding/lib/encoding.js
634 silly gunzTarPerm extractEntry node_modules/make-fetch-happen/node_modules/negotiator/lib/encoding.js
635 silly gunzTarPerm extractEntry node_modules/libnpmversion/lib/enforce-clean.js
636 silly gunzTarPerm extractEntry node_modules/cross-spawn/lib/enoent.js
637 silly gunzTarPerm extractEntry node_modules/postcss-selector-parser/dist/util/ensureObject.js
638 silly gunzTarPerm extractEntry node_modules/cacache/lib/entry-index.js
639 silly gunzTarPerm extractEntry lib/cli/entry.js
640 silly gunzTarPerm extractEntry node_modules/@sigstore/sign/dist/witness/tlog/entry.js
641 silly gunzTarPerm extractEntry node_modules/make-fetch-happen/lib/cache/entry.js
642 silly gunzTarPerm extractEntry node_modules/@npmcli/config/lib/env-replace.js
643 silly gunzTarPerm extractEntry node_modules/@sigstore/protobuf-specs/dist/__generated__/envelope.js
644 silly gunzTarPerm extractEntry node_modules/@sigstore/sign/dist/signer/fulcio/ephemeral.js
645 silly gunzTarPerm extractEntry node_modules/semver/functions/eq.js
646 silly gunzTarPerm extractEntry lib/utils/error-message.js
647 silly gunzTarPerm extractEntry node_modules/@npmcli/redact/lib/error.js
648 silly gunzTarPerm extractEntry node_modules/@sigstore/bundle/dist/error.js
649 silly gunzTarPerm extractEntry node_modules/@sigstore/core/dist/asn1/error.js
650 silly gunzTarPerm extractEntry node_modules/@sigstore/core/dist/rfc3161/error.js
651 silly gunzTarPerm extractEntry node_modules/@sigstore/sign/dist/error.js
652 silly gunzTarPerm extractEntry node_modules/@sigstore/sign/dist/external/error.js
653 silly gunzTarPerm extractEntry node_modules/@sigstore/tuf/dist/error.js
654 silly gunzTarPerm extractEntry node_modules/@sigstore/verify/dist/error.js
655 silly gunzTarPerm extractEntry node_modules/@tufjs/models/dist/error.js
656 silly gunzTarPerm extractEntry node_modules/tuf-js/dist/error.js
657 silly gunzTarPerm extractEntry node_modules/@npmcli/agent/lib/errors.js
658 silly gunzTarPerm extractEntry node_modules/@npmcli/config/lib/errors.js
659 silly gunzTarPerm extractEntry node_modules/@npmcli/fs/lib/cp/errors.js
660 silly gunzTarPerm extractEntry node_modules/@npmcli/git/lib/errors.js
661 silly gunzTarPerm extractEntry node_modules/@pkgjs/parseargs/internal/errors.js
662 silly gunzTarPerm extractEntry node_modules/make-fetch-happen/lib/cache/errors.js
663 silly gunzTarPerm extractEntry node_modules/npm-registry-fetch/lib/errors.js
664 silly gunzTarPerm extractEntry node_modules/tiny-relative-date/translations/es.js
665 silly gunzTarPerm extractEntry node_modules/jsbn/test/es6-import.js
666 silly gunzTarPerm extractEntry node_modules/@npmcli/promise-spawn/lib/escape.js
667 silly gunzTarPerm extractEntry node_modules/cross-spawn/lib/util/escape.js
668 silly gunzTarPerm extractEntry node_modules/minimatch/dist/commonjs/escape.js
669 silly gunzTarPerm extractEntry node_modules/minimatch/dist/esm/escape.js
670 silly gunzTarPerm extractEntry node_modules/node-gyp/eslint.config.js
671 silly gunzTarPerm extractEntry node_modules/@sigstore/protobuf-specs/dist/__generated__/events.js
672 silly gunzTarPerm extractEntry node_modules/jsbn/example.js
673 silly gunzTarPerm extractEntry lib/commands/exec.js
674 silly gunzTarPerm extractEntry node_modules/npm-audit-report/lib/exit-code.js
675 silly gunzTarPerm extractEntry lib/cli/exit-handler.js
676 silly gunzTarPerm extractEntry lib/utils/explain-dep.js
677 silly gunzTarPerm extractEntry lib/utils/explain-eresolve.js
678 silly gunzTarPerm extractEntry lib/commands/explain.js
679 silly gunzTarPerm extractEntry lib/commands/explore.js
680 silly gunzTarPerm extractEntry node_modules/@sigstore/core/dist/x509/ext.js
681 silly gunzTarPerm extractEntry node_modules/normalize-package-data/lib/extract_description.js
682 silly gunzTarPerm extractEntry node_modules/cacache/node_modules/tar/dist/commonjs/extract.js
683 silly gunzTarPerm extractEntry node_modules/cacache/node_modules/tar/dist/esm/extract.js
684 silly gunzTarPerm extractEntry node_modules/node-gyp/node_modules/tar/dist/commonjs/extract.js
685 silly gunzTarPerm extractEntry node_modules/node-gyp/node_modules/tar/dist/esm/extract.js
686 silly gunzTarPerm extractEntry node_modules/tar/lib/extract.js
687 silly gunzTarPerm extractEntry node_modules/tiny-relative-date/lib/factory.js
688 silly gunzTarPerm extractEntry node_modules/tiny-relative-date/src/factory.js
689 silly gunzTarPerm extractEntry node_modules/minipass-fetch/lib/fetch-error.js
690 silly gunzTarPerm extractEntry node_modules/@sigstore/sign/dist/external/fetch.js
691 silly gunzTarPerm extractEntry node_modules/@sigstore/sign/dist/types/fetch.js
692 silly gunzTarPerm extractEntry node_modules/make-fetch-happen/lib/fetch.js
693 silly gunzTarPerm extractEntry node_modules/pacote/lib/fetcher.js
694 silly gunzTarPerm extractEntry node_modules/tuf-js/dist/fetcher.js
695 silly gunzTarPerm extractEntry node_modules/@sigstore/protobuf-specs/dist/__generated__/google/api/field_behavior.js
696 silly gunzTarPerm extractEntry node_modules/libnpmexec/lib/file-exists.js
697 silly gunzTarPerm extractEntry node_modules/@tufjs/models/dist/file.js
698 silly gunzTarPerm extractEntry node_modules/pacote/lib/file.js
699 silly gunzTarPerm extractEntry node_modules/@sigstore/verify/dist/trust/filter.js
700 silly gunzTarPerm extractEntry lib/commands/find-dupes.js
701 silly gunzTarPerm extractEntry node_modules/cacache/node_modules/mkdirp/dist/cjs/src/find-made.js
702 silly gunzTarPerm extractEntry node_modules/cacache/node_modules/mkdirp/dist/mjs/find-made.js
703 silly gunzTarPerm extractEntry node_modules/mkdirp/lib/find-made.js
704 silly gunzTarPerm extractEntry node_modules/node-gyp/node_modules/mkdirp/dist/cjs/src/find-made.js
705 silly gunzTarPerm extractEntry node_modules/node-gyp/node_modules/mkdirp/dist/mjs/find-made.js
706 silly gunzTarPerm extractEntry node_modules/node-gyp/lib/find-node-directory.js
707 silly gunzTarPerm extractEntry node_modules/node-gyp/lib/find-python.js
708 silly gunzTarPerm extractEntry node_modules/node-gyp/lib/find-visualstudio.js
709 silly gunzTarPerm extractEntry node_modules/@npmcli/git/lib/find.js
710 silly gunzTarPerm extractEntry node_modules/bin-links/lib/fix-bin.js
711 silly gunzTarPerm extractEntry node_modules/normalize-package-data/lib/fixer.js
712 silly gunzTarPerm extractEntry lib/utils/format-bytes.js
713 silly gunzTarPerm extractEntry node_modules/libnpmdiff/lib/format-diff.js
714 silly gunzTarPerm extractEntry lib/utils/format-search-stream.js
715 silly gunzTarPerm extractEntry lib/utils/format.js
716 silly gunzTarPerm extractEntry node_modules/@npmcli/arborist/lib/from-path.js
717 silly gunzTarPerm extractEntry node_modules/hosted-git-info/lib/from-url.js
718 silly gunzTarPerm extractEntry node_modules/@sigstore/sign/dist/external/fulcio.js
719 silly gunzTarPerm extractEntry node_modules/exponential-backoff/dist/jitter/full/full.jitter.js
720 silly gunzTarPerm extractEntry lib/commands/fund.js
721 silly gunzTarPerm extractEntry node_modules/@npmcli/arborist/bin/funding.js
722 silly gunzTarPerm extractEntry node_modules/@npmcli/arborist/lib/gather-dep-set.js
723 silly gunzTarPerm extractEntry node_modules/tinyglobby/node_modules/fdir/dist/api/functions/get-array.js
724 silly gunzTarPerm extractEntry node_modules/libnpmexec/lib/get-bin-from-manifest.js
725 silly gunzTarPerm extractEntry node_modules/@npmcli/metavuln-calculator/lib/get-dep-spec.js
726 silly gunzTarPerm extractEntry lib/utils/get-identity.js
727 silly gunzTarPerm extractEntry node_modules/bin-links/lib/get-node-modules.js
728 silly gunzTarPerm extractEntry node_modules/@npmcli/fs/lib/common/get-options.js
729 silly gunzTarPerm extractEntry node_modules/bin-links/lib/get-paths.js
730 silly gunzTarPerm extractEntry node_modules/bin-links/lib/get-prefix.js
731 silly gunzTarPerm extractEntry lib/utils/get-workspaces.js
732 silly gunzTarPerm extractEntry node_modules/cacache/node_modules/tar/dist/commonjs/get-write-flag.js
733 silly gunzTarPerm extractEntry node_modules/cacache/node_modules/tar/dist/esm/get-write-flag.js
734 silly gunzTarPerm extractEntry node_modules/node-gyp/node_modules/tar/dist/commonjs/get-write-flag.js
735 silly gunzTarPerm extractEntry node_modules/node-gyp/node_modules/tar/dist/esm/get-write-flag.js
736 silly gunzTarPerm extractEntry node_modules/tar/lib/get-write-flag.js
737 silly gunzTarPerm extractEntry lib/commands/get.js
738 silly gunzTarPerm extractEntry node_modules/cacache/lib/get.js
739 silly gunzTarPerm extractEntry node_modules/postcss-selector-parser/dist/util/getProp.js
740 silly gunzTarPerm extractEntry node_modules/pacote/lib/git.js
741 silly gunzTarPerm extractEntry node_modules/cacache/lib/util/glob.js
742 silly gunzTarPerm extractEntry node_modules/glob/dist/commonjs/glob.js
743 silly gunzTarPerm extractEntry node_modules/glob/dist/esm/glob.js
744 silly gunzTarPerm extractEntry node_modules/graceful-fs/graceful-fs.js
745 silly gunzTarPerm extractEntry node_modules/tinyglobby/node_modules/fdir/dist/api/functions/group-files.js
746 silly gunzTarPerm extractEntry node_modules/semver/functions/gt.js
747 silly gunzTarPerm extractEntry node_modules/semver/functions/gte.js
748 silly gunzTarPerm extractEntry node_modules/semver/ranges/gtr.js
749 silly gunzTarPerm extractEntry node_modules/@tufjs/models/dist/utils/guard.js
750 silly gunzTarPerm extractEntry node_modules/postcss-selector-parser/dist/selectors/guards.js
751 silly gunzTarPerm extractEntry node_modules/glob/dist/commonjs/has-magic.js
752 silly gunzTarPerm extractEntry node_modules/glob/dist/esm/has-magic.js
753 silly gunzTarPerm extractEntry node_modules/cacache/lib/util/hash-to-segments.js
754 silly gunzTarPerm extractEntry node_modules/@npmcli/metavuln-calculator/lib/hash.js
755 silly gunzTarPerm extractEntry node_modules/@sigstore/verify/dist/tlog/hashedrekord.js
756 silly gunzTarPerm extractEntry node_modules/cacache/node_modules/tar/dist/commonjs/header.js
757 silly gunzTarPerm extractEntry node_modules/cacache/node_modules/tar/dist/esm/header.js
758 silly gunzTarPerm extractEntry node_modules/node-gyp/node_modules/tar/dist/commonjs/header.js
759 silly gunzTarPerm extractEntry node_modules/node-gyp/node_modules/tar/dist/esm/header.js
760 silly gunzTarPerm extractEntry node_modules/tar/lib/header.js
761 silly gunzTarPerm extractEntry node_modules/minipass-fetch/lib/headers.js
762 silly gunzTarPerm extractEntry lib/commands/help-search.js
763 silly gunzTarPerm extractEntry lib/commands/help.js
764 silly gunzTarPerm extractEntry node_modules/agent-base/dist/helpers.js
765 silly gunzTarPerm extractEntry node_modules/ip-address/dist/v6/helpers.js
766 silly gunzTarPerm extractEntry node_modules/socks/build/common/helpers.js
767 silly gunzTarPerm extractEntry node_modules/tar/lib/high-level-opt.js
768 silly gunzTarPerm extractEntry node_modules/hosted-git-info/lib/hosts.js
769 silly gunzTarPerm extractEntry node_modules/postcss-selector-parser/dist/selectors/id.js
770 silly gunzTarPerm extractEntry node_modules/@npmcli/arborist/bin/ideal.js
771 silly gunzTarPerm extractEntry node_modules/semver/internal/identifiers.js
772 silly gunzTarPerm extractEntry node_modules/glob/dist/commonjs/ignore.js
773 silly gunzTarPerm extractEntry node_modules/glob/dist/esm/ignore.js
774 silly gunzTarPerm extractEntry node_modules/imurmurhash/imurmurhash.js
775 silly gunzTarPerm extractEntry node_modules/imurmurhash/imurmurhash.min.js
776 silly gunzTarPerm extractEntry node_modules/semver/functions/inc.js
777 silly gunzTarPerm extractEntry node_modules/diff/lib/index.es6.js
778 silly gunzTarPerm extractEntry docs/lib/index.js
779 silly gunzTarPerm extractEntry index.js
780 silly gunzTarPerm extractEntry node_modules/@isaacs/cliui/build/lib/index.js
781 silly gunzTarPerm extractEntry node_modules/@isaacs/cliui/node_modules/ansi-regex/index.js
782 silly gunzTarPerm extractEntry node_modules/@isaacs/cliui/node_modules/emoji-regex/es2015/index.js
783 silly gunzTarPerm extractEntry node_modules/@isaacs/cliui/node_modules/emoji-regex/index.js
784 silly gunzTarPerm extractEntry node_modules/@isaacs/cliui/node_modules/string-width/index.js
785 silly gunzTarPerm extractEntry node_modules/@isaacs/cliui/node_modules/strip-ansi/index.js
786 silly gunzTarPerm extractEntry node_modules/@isaacs/fs-minipass/dist/commonjs/index.js
787 silly gunzTarPerm extractEntry node_modules/@isaacs/fs-minipass/dist/esm/index.js
788 silly gunzTarPerm extractEntry node_modules/@isaacs/string-locale-compare/index.js
789 silly gunzTarPerm extractEntry node_modules/@npmcli/agent/lib/index.js
790 silly gunzTarPerm extractEntry node_modules/@npmcli/arborist/bin/index.js
791 silly gunzTarPerm extractEntry node_modules/@npmcli/arborist/lib/arborist/index.js
792 silly gunzTarPerm extractEntry node_modules/@npmcli/arborist/lib/index.js
793 silly gunzTarPerm extractEntry node_modules/@npmcli/config/lib/definitions/index.js
794 silly gunzTarPerm extractEntry node_modules/@npmcli/config/lib/index.js
795 silly gunzTarPerm extractEntry node_modules/@npmcli/fs/lib/cp/index.js
796 silly gunzTarPerm extractEntry node_modules/@npmcli/fs/lib/index.js
797 silly gunzTarPerm extractEntry node_modules/@npmcli/git/lib/index.js
798 silly gunzTarPerm extractEntry node_modules/@npmcli/installed-package-contents/bin/index.js
799 silly gunzTarPerm extractEntry node_modules/@npmcli/installed-package-contents/lib/index.js
800 silly gunzTarPerm extractEntry node_modules/@npmcli/map-workspaces/lib/index.js
801 silly gunzTarPerm extractEntry node_modules/@npmcli/metavuln-calculator/lib/index.js
802 silly gunzTarPerm extractEntry node_modules/@npmcli/name-from-folder/lib/index.js
803 silly gunzTarPerm extractEntry node_modules/@npmcli/node-gyp/lib/index.js
804 silly gunzTarPerm extractEntry node_modules/@npmcli/package-json/lib/index.js
805 silly gunzTarPerm extractEntry node_modules/@npmcli/promise-spawn/lib/index.js
806 silly gunzTarPerm extractEntry node_modules/@npmcli/query/lib/index.js
807 silly gunzTarPerm extractEntry node_modules/@npmcli/redact/lib/index.js
808 silly gunzTarPerm extractEntry node_modules/@pkgjs/parseargs/index.js
809 silly gunzTarPerm extractEntry node_modules/@sigstore/bundle/dist/index.js
810 silly gunzTarPerm extractEntry node_modules/@sigstore/core/dist/asn1/index.js
811 silly gunzTarPerm extractEntry node_modules/@sigstore/core/dist/index.js
812 silly gunzTarPerm extractEntry node_modules/@sigstore/core/dist/rfc3161/index.js
813 silly gunzTarPerm extractEntry node_modules/@sigstore/core/dist/x509/index.js
814 silly gunzTarPerm extractEntry node_modules/@sigstore/protobuf-specs/dist/index.js
815 silly gunzTarPerm extractEntry node_modules/@sigstore/sign/dist/bundler/index.js
816 silly gunzTarPerm extractEntry node_modules/@sigstore/sign/dist/identity/index.js
817 silly gunzTarPerm extractEntry node_modules/@sigstore/sign/dist/index.js
818 silly gunzTarPerm extractEntry node_modules/@sigstore/sign/dist/signer/fulcio/index.js
819 silly gunzTarPerm extractEntry node_modules/@sigstore/sign/dist/signer/index.js
820 silly gunzTarPerm extractEntry node_modules/@sigstore/sign/dist/util/index.js
821 silly gunzTarPerm extractEntry node_modules/@sigstore/sign/dist/witness/index.js
822 silly gunzTarPerm extractEntry node_modules/@sigstore/sign/dist/witness/tlog/index.js
823 silly gunzTarPerm extractEntry node_modules/@sigstore/sign/dist/witness/tsa/index.js
824 silly gunzTarPerm extractEntry node_modules/@sigstore/tuf/dist/index.js
825 silly gunzTarPerm extractEntry node_modules/@sigstore/verify/dist/bundle/index.js
826 silly gunzTarPerm extractEntry node_modules/@sigstore/verify/dist/index.js
827 silly gunzTarPerm extractEntry node_modules/@sigstore/verify/dist/key/index.js
828 silly gunzTarPerm extractEntry node_modules/@sigstore/verify/dist/timestamp/index.js
829 silly gunzTarPerm extractEntry node_modules/@sigstore/verify/dist/tlog/index.js
830 silly gunzTarPerm extractEntry node_modules/@sigstore/verify/dist/trust/index.js
831 silly gunzTarPerm extractEntry node_modules/@tufjs/canonical-json/lib/index.js
832 silly gunzTarPerm extractEntry node_modules/@tufjs/models/dist/index.js
833 silly gunzTarPerm extractEntry node_modules/@tufjs/models/dist/utils/index.js
834 silly gunzTarPerm extractEntry node_modules/abbrev/lib/index.js
835 silly gunzTarPerm extractEntry node_modules/agent-base/dist/index.js
836 silly gunzTarPerm extractEntry node_modules/ansi-regex/index.js
837 silly gunzTarPerm extractEntry node_modules/ansi-styles/index.js
838 silly gunzTarPerm extractEntry node_modules/aproba/index.js
839 silly gunzTarPerm extractEntry node_modules/archy/index.js
840 silly gunzTarPerm extractEntry node_modules/balanced-match/index.js
841 silly gunzTarPerm extractEntry node_modules/bin-links/lib/index.js
842 silly gunzTarPerm extractEntry node_modules/binary-extensions/index.js
843 silly gunzTarPerm extractEntry node_modules/brace-expansion/index.js
844 silly gunzTarPerm extractEntry node_modules/cacache/lib/index.js
845 silly gunzTarPerm extractEntry node_modules/cacache/node_modules/chownr/dist/commonjs/index.js
846 silly gunzTarPerm extractEntry node_modules/cacache/node_modules/chownr/dist/esm/index.js
847 silly gunzTarPerm extractEntry node_modules/cacache/node_modules/minizlib/dist/commonjs/index.js
848 silly gunzTarPerm extractEntry node_modules/cacache/node_modules/minizlib/dist/esm/index.js
849 silly gunzTarPerm extractEntry node_modules/cacache/node_modules/mkdirp/dist/cjs/src/index.js
850 silly gunzTarPerm extractEntry node_modules/cacache/node_modules/mkdirp/dist/mjs/index.js
851 silly gunzTarPerm extractEntry node_modules/cacache/node_modules/tar/dist/commonjs/index.js
852 silly gunzTarPerm extractEntry node_modules/cacache/node_modules/tar/dist/esm/index.js
853 silly gunzTarPerm extractEntry node_modules/cacache/node_modules/yallist/dist/commonjs/index.js
854 silly gunzTarPerm extractEntry node_modules/cacache/node_modules/yallist/dist/esm/index.js
855 silly gunzTarPerm extractEntry node_modules/chalk/source/index.js
856 silly gunzTarPerm extractEntry node_modules/chalk/source/vendor/ansi-styles/index.js
857 silly gunzTarPerm extractEntry node_modules/chalk/source/vendor/supports-color/index.js
858 silly gunzTarPerm extractEntry node_modules/ci-info/index.js
859 silly gunzTarPerm extractEntry node_modules/cidr-regex/dist/index.js
860 silly gunzTarPerm extractEntry node_modules/cli-columns/index.js
861 silly gunzTarPerm extractEntry node_modules/cmd-shim/lib/index.js
862 silly gunzTarPerm extractEntry node_modules/color-convert/index.js
863 silly gunzTarPerm extractEntry node_modules/color-name/index.js
864 silly gunzTarPerm extractEntry node_modules/common-ancestor-path/index.js
865 silly gunzTarPerm extractEntry node_modules/cross-spawn/index.js
866 silly gunzTarPerm extractEntry node_modules/debug/src/index.js
867 silly gunzTarPerm extractEntry node_modules/diff/lib/index.js
868 silly gunzTarPerm extractEntry node_modules/emoji-regex/es2015/index.js
869 silly gunzTarPerm extractEntry node_modules/emoji-regex/index.js
870 silly gunzTarPerm extractEntry node_modules/env-paths/index.js
871 silly gunzTarPerm extractEntry node_modules/err-code/index.js
872 silly gunzTarPerm extractEntry node_modules/foreground-child/dist/commonjs/index.js
873 silly gunzTarPerm extractEntry node_modules/foreground-child/dist/esm/index.js
874 silly gunzTarPerm extractEntry node_modules/fs-minipass/lib/index.js
875 silly gunzTarPerm extractEntry node_modules/glob/dist/commonjs/index.js
876 silly gunzTarPerm extractEntry node_modules/glob/dist/esm/index.js
877 silly gunzTarPerm extractEntry node_modules/hosted-git-info/lib/index.js
878 silly gunzTarPerm extractEntry node_modules/http-cache-semantics/index.js
879 silly gunzTarPerm extractEntry node_modules/http-proxy-agent/dist/index.js
880 silly gunzTarPerm extractEntry node_modules/https-proxy-agent/dist/index.js
881 silly gunzTarPerm extractEntry node_modules/iconv-lite/encodings/index.js
882 silly gunzTarPerm extractEntry node_modules/iconv-lite/lib/index.js
883 silly gunzTarPerm extractEntry node_modules/ignore-walk/lib/index.js
884 silly gunzTarPerm extractEntry node_modules/ip-regex/index.js
885 silly gunzTarPerm extractEntry node_modules/is-cidr/dist/index.js
886 silly gunzTarPerm extractEntry node_modules/is-fullwidth-code-point/index.js
887 silly gunzTarPerm extractEntry node_modules/isexe/index.js
888 silly gunzTarPerm extractEntry node_modules/jackspeak/dist/commonjs/index.js
889 silly gunzTarPerm extractEntry node_modules/jackspeak/dist/esm/index.js
890 silly gunzTarPerm extractEntry node_modules/jsbn/index.js
891 silly gunzTarPerm extractEntry node_modules/json-parse-even-better-errors/lib/index.js
892 silly gunzTarPerm extractEntry node_modules/json-stringify-nice/index.js
893 silly gunzTarPerm extractEntry node_modules/libnpmaccess/lib/index.js
894 silly gunzTarPerm extractEntry node_modules/libnpmdiff/lib/index.js
895 silly gunzTarPerm extractEntry node_modules/libnpmexec/lib/index.js
896 silly gunzTarPerm extractEntry node_modules/libnpmfund/lib/index.js
897 silly gunzTarPerm extractEntry node_modules/libnpmorg/lib/index.js
898 silly gunzTarPerm extractEntry node_modules/libnpmpack/lib/index.js
899 silly gunzTarPerm extractEntry node_modules/libnpmpublish/lib/index.js
900 silly gunzTarPerm extractEntry node_modules/libnpmsearch/lib/index.js
901 silly gunzTarPerm extractEntry node_modules/libnpmteam/lib/index.js
902 silly gunzTarPerm extractEntry node_modules/libnpmversion/lib/index.js
903 silly gunzTarPerm extractEntry node_modules/lru-cache/dist/commonjs/index.js
904 silly gunzTarPerm extractEntry node_modules/lru-cache/dist/esm/index.js
905 silly gunzTarPerm extractEntry node_modules/make-fetch-happen/lib/cache/index.js
906 silly gunzTarPerm extractEntry node_modules/make-fetch-happen/lib/index.js
907 silly gunzTarPerm extractEntry node_modules/make-fetch-happen/node_modules/negotiator/index.js
908 silly gunzTarPerm extractEntry node_modules/minimatch/dist/commonjs/index.js
909 silly gunzTarPerm extractEntry node_modules/minimatch/dist/esm/index.js
910 silly gunzTarPerm extractEntry node_modules/minipass-collect/index.js
911 silly gunzTarPerm extractEntry node_modules/minipass-fetch/lib/index.js
912 silly gunzTarPerm extractEntry node_modules/minipass-fetch/node_modules/minizlib/dist/commonjs/index.js
913 silly gunzTarPerm extractEntry node_modules/minipass-fetch/node_modules/minizlib/dist/esm/index.js
914 silly gunzTarPerm extractEntry node_modules/minipass-flush/index.js
915 silly gunzTarPerm extractEntry node_modules/minipass-flush/node_modules/minipass/index.js
916 silly gunzTarPerm extractEntry node_modules/minipass-pipeline/index.js
917 silly gunzTarPerm extractEntry node_modules/minipass-pipeline/node_modules/minipass/index.js
918 silly gunzTarPerm extractEntry node_modules/minipass-sized/index.js
919 silly gunzTarPerm extractEntry node_modules/minipass-sized/node_modules/minipass/index.js
920 silly gunzTarPerm extractEntry node_modules/minipass/dist/commonjs/index.js
921 silly gunzTarPerm extractEntry node_modules/minipass/dist/esm/index.js
922 silly gunzTarPerm extractEntry node_modules/minizlib/index.js
923 silly gunzTarPerm extractEntry node_modules/minizlib/node_modules/minipass/index.js
924 silly gunzTarPerm extractEntry node_modules/mkdirp/index.js
925 silly gunzTarPerm extractEntry node_modules/ms/index.js
926 silly gunzTarPerm extractEntry node_modules/mute-stream/lib/index.js
927 silly gunzTarPerm extractEntry node_modules/node-gyp/node_modules/chownr/dist/commonjs/index.js
928 silly gunzTarPerm extractEntry node_modules/node-gyp/node_modules/chownr/dist/esm/index.js
929 silly gunzTarPerm extractEntry node_modules/node-gyp/node_modules/minizlib/dist/commonjs/index.js
930 silly gunzTarPerm extractEntry node_modules/node-gyp/node_modules/minizlib/dist/esm/index.js
931 silly gunzTarPerm extractEntry node_modules/node-gyp/node_modules/mkdirp/dist/cjs/src/index.js
932 silly gunzTarPerm extractEntry node_modules/node-gyp/node_modules/mkdirp/dist/mjs/index.js
933 silly gunzTarPerm extractEntry node_modules/node-gyp/node_modules/tar/dist/commonjs/index.js
934 silly gunzTarPerm extractEntry node_modules/node-gyp/node_modules/tar/dist/esm/index.js
935 silly gunzTarPerm extractEntry node_modules/node-gyp/node_modules/yallist/dist/commonjs/index.js
936 silly gunzTarPerm extractEntry node_modules/node-gyp/node_modules/yallist/dist/esm/index.js
937 silly gunzTarPerm extractEntry node_modules/npm-audit-report/lib/index.js
938 silly gunzTarPerm extractEntry node_modules/npm-bundled/lib/index.js
939 silly gunzTarPerm extractEntry node_modules/npm-install-checks/lib/index.js
940 silly gunzTarPerm extractEntry node_modules/npm-normalize-package-bin/lib/index.js
941 silly gunzTarPerm extractEntry node_modules/npm-packlist/lib/index.js
942 silly gunzTarPerm extractEntry node_modules/npm-pick-manifest/lib/index.js
943 silly gunzTarPerm extractEntry node_modules/npm-profile/lib/index.js
944 silly gunzTarPerm extractEntry node_modules/npm-registry-fetch/lib/index.js
945 silly gunzTarPerm extractEntry node_modules/npm-registry-fetch/node_modules/minizlib/dist/commonjs/index.js
946 silly gunzTarPerm extractEntry node_modules/npm-registry-fetch/node_modules/minizlib/dist/esm/index.js
947 silly gunzTarPerm extractEntry node_modules/npm-user-validate/lib/index.js
948 silly gunzTarPerm extractEntry node_modules/p-map/index.js
949 silly gunzTarPerm extractEntry node_modules/package-json-from-dist/dist/commonjs/index.js
950 silly gunzTarPerm extractEntry node_modules/package-json-from-dist/dist/esm/index.js
951 silly gunzTarPerm extractEntry node_modules/pacote/bin/index.js
952 silly gunzTarPerm extractEntry node_modules/pacote/lib/index.js
953 silly gunzTarPerm extractEntry node_modules/parse-conflict-json/lib/index.js
954 silly gunzTarPerm extractEntry node_modules/path-key/index.js
955 silly gunzTarPerm extractEntry node_modules/path-scurry/dist/commonjs/index.js
956 silly gunzTarPerm extractEntry node_modules/path-scurry/dist/esm/index.js
957 silly gunzTarPerm extractEntry node_modules/postcss-selector-parser/dist/index.js
958 silly gunzTarPerm extractEntry node_modules/postcss-selector-parser/dist/selectors/index.js
959 silly gunzTarPerm extractEntry node_modules/postcss-selector-parser/dist/util/index.js
960 silly gunzTarPerm extractEntry node_modules/proc-log/lib/index.js
961 silly gunzTarPerm extractEntry node_modules/proggy/lib/index.js
962 silly gunzTarPerm extractEntry node_modules/promise-all-reject-late/index.js
963 silly gunzTarPerm extractEntry node_modules/promise-all-reject-late/test/index.js
964 silly gunzTarPerm extractEntry node_modules/promise-call-limit/dist/commonjs/index.js
965 silly gunzTarPerm extractEntry node_modules/promise-call-limit/dist/esm/index.js
966 silly gunzTarPerm extractEntry node_modules/promise-retry/index.js
967 silly gunzTarPerm extractEntry node_modules/promzard/lib/index.js
968 silly gunzTarPerm extractEntry node_modules/qrcode-terminal/vendor/QRCode/index.js
969 silly gunzTarPerm extractEntry node_modules/read-cmd-shim/lib/index.js
970 silly gunzTarPerm extractEntry node_modules/read-package-json-fast/lib/index.js
971 silly gunzTarPerm extractEntry node_modules/retry/index.js
972 silly gunzTarPerm extractEntry node_modules/semver/classes/index.js
973 silly gunzTarPerm extractEntry node_modules/semver/index.js
974 silly gunzTarPerm extractEntry node_modules/shebang-command/index.js
975 silly gunzTarPerm extractEntry node_modules/shebang-regex/index.js
976 silly gunzTarPerm extractEntry node_modules/signal-exit/dist/cjs/index.js
977 silly gunzTarPerm extractEntry node_modules/signal-exit/dist/mjs/index.js
978 silly gunzTarPerm extractEntry node_modules/sigstore/dist/index.js
979 silly gunzTarPerm extractEntry node_modules/socks-proxy-agent/dist/index.js
980 silly gunzTarPerm extractEntry node_modules/socks/build/index.js
981 silly gunzTarPerm extractEntry node_modules/spdx-correct/index.js
982 silly gunzTarPerm extractEntry node_modules/spdx-correct/node_modules/spdx-expression-parse/index.js
983 silly gunzTarPerm extractEntry node_modules/spdx-expression-parse/index.js
984 silly gunzTarPerm extractEntry node_modules/ssri/lib/index.js
985 silly gunzTarPerm extractEntry node_modules/string-width-cjs/index.js
986 silly gunzTarPerm extractEntry node_modules/string-width/index.js
987 silly gunzTarPerm extractEntry node_modules/strip-ansi-cjs/index.js
988 silly gunzTarPerm extractEntry node_modules/strip-ansi/index.js
989 silly gunzTarPerm extractEntry node_modules/supports-color/index.js
990 silly gunzTarPerm extractEntry node_modules/tar/index.js
991 silly gunzTarPerm extractEntry node_modules/tar/node_modules/fs-minipass/index.js
992 silly gunzTarPerm extractEntry node_modules/tar/node_modules/fs-minipass/node_modules/minipass/index.js
993 silly gunzTarPerm extractEntry node_modules/tar/node_modules/minipass/index.js
994 silly gunzTarPerm extractEntry node_modules/text-table/index.js
995 silly gunzTarPerm extractEntry node_modules/tiny-relative-date/lib/index.js
996 silly gunzTarPerm extractEntry node_modules/tiny-relative-date/src/index.js
997 silly gunzTarPerm extractEntry node_modules/tinyglobby/dist/index.js
998 silly gunzTarPerm extractEntry node_modules/tinyglobby/node_modules/fdir/dist/builder/index.js
999 silly gunzTarPerm extractEntry node_modules/tinyglobby/node_modules/fdir/dist/index.js
1000 silly gunzTarPerm extractEntry node_modules/tinyglobby/node_modules/picomatch/index.js
1001 silly gunzTarPerm extractEntry node_modules/treeverse/lib/index.js
1002 silly gunzTarPerm extractEntry node_modules/tuf-js/dist/index.js
1003 silly gunzTarPerm extractEntry node_modules/unique-filename/lib/index.js
1004 silly gunzTarPerm extractEntry node_modules/unique-slug/lib/index.js
1005 silly gunzTarPerm extractEntry node_modules/validate-npm-package-license/index.js
1006 silly gunzTarPerm extractEntry node_modules/validate-npm-package-license/node_modules/spdx-expression-parse/index.js
1007 silly gunzTarPerm extractEntry node_modules/validate-npm-package-name/lib/index.js
1008 silly gunzTarPerm extractEntry node_modules/walk-up-path/dist/commonjs/index.js
1009 silly gunzTarPerm extractEntry node_modules/walk-up-path/dist/esm/index.js
1010 silly gunzTarPerm extractEntry node_modules/which/lib/index.js
1011 silly gunzTarPerm extractEntry node_modules/which/node_modules/isexe/dist/cjs/index.js
1012 silly gunzTarPerm extractEntry node_modules/which/node_modules/isexe/dist/mjs/index.js
1013 silly gunzTarPerm extractEntry node_modules/wrap-ansi-cjs/index.js
1014 silly gunzTarPerm extractEntry node_modules/wrap-ansi-cjs/node_modules/ansi-styles/index.js
1015 silly gunzTarPerm extractEntry node_modules/wrap-ansi/index.js
1016 silly gunzTarPerm extractEntry node_modules/wrap-ansi/node_modules/ansi-regex/index.js
1017 silly gunzTarPerm extractEntry node_modules/wrap-ansi/node_modules/emoji-regex/es2015/index.js
1018 silly gunzTarPerm extractEntry node_modules/wrap-ansi/node_modules/emoji-regex/index.js
1019 silly gunzTarPerm extractEntry node_modules/wrap-ansi/node_modules/string-width/index.js
1020 silly gunzTarPerm extractEntry node_modules/wrap-ansi/node_modules/strip-ansi/index.js
1021 silly gunzTarPerm extractEntry node_modules/write-file-atomic/lib/index.js
1022 silly gunzTarPerm extractEntry node_modules/lru-cache/dist/commonjs/index.min.js
1023 silly gunzTarPerm extractEntry node_modules/lru-cache/dist/esm/index.min.js
1024 silly gunzTarPerm extractEntry node_modules/err-code/index.umd.js
1025 silly gunzTarPerm extractEntry node_modules/ini/lib/ini.js
1026 silly gunzTarPerm extractEntry node_modules/init-package-json/lib/init-package-json.js
1027 silly gunzTarPerm extractEntry lib/commands/init.js
1028 silly gunzTarPerm extractEntry lib/commands/install-ci-test.js
1029 silly gunzTarPerm extractEntry lib/commands/install-test.js
1030 silly gunzTarPerm extractEntry lib/commands/install.js
1031 silly gunzTarPerm extractEntry node_modules/node-gyp/lib/install.js
1032 silly gunzTarPerm extractEntry node_modules/npm-audit-report/lib/reporters/install.js
1033 silly gunzTarPerm extractEntry lib/utils/installed-deep.js
1034 silly gunzTarPerm extractEntry lib/utils/installed-shallow.js
1035 silly gunzTarPerm extractEntry node_modules/iconv-lite/encodings/internal.js
1036 silly gunzTarPerm extractEntry node_modules/semver/ranges/intersects.js
1037 silly gunzTarPerm extractEntry node_modules/@sigstore/verify/dist/tlog/intoto.js
1038 silly gunzTarPerm extractEntry node_modules/@npmcli/arborist/lib/inventory.js
1039 silly gunzTarPerm extractEntry node_modules/tinyglobby/node_modules/fdir/dist/api/functions/invoke-callback.js
1040 silly gunzTarPerm extractEntry node_modules/ip-address/dist/ip-address.js
1041 silly gunzTarPerm extractEntry node_modules/ip-address/dist/ipv4.js
1042 silly gunzTarPerm extractEntry node_modules/ip-address/dist/ipv6.js
1043 silly gunzTarPerm extractEntry node_modules/@npmcli/git/lib/is-clean.js
1044 silly gunzTarPerm extractEntry node_modules/@pkgjs/parseargs/examples/is-default-value.js
1045 silly gunzTarPerm extractEntry node_modules/pacote/lib/util/is-package-bin.js
1046 silly gunzTarPerm extractEntry node_modules/tinyglobby/node_modules/fdir/dist/api/functions/is-recursive-symlink.js
1047 silly gunzTarPerm extractEntry node_modules/@npmcli/run-script/lib/is-server-package.js
1048 silly gunzTarPerm extractEntry lib/utils/is-windows.js
1049 silly gunzTarPerm extractEntry node_modules/bin-links/lib/is-windows.js
1050 silly gunzTarPerm extractEntry node_modules/libnpmexec/lib/is-windows.js
1051 silly gunzTarPerm extractEntry node_modules/@npmcli/git/lib/is.js
1052 silly gunzTarPerm extractEntry node_modules/@npmcli/arborist/lib/arborist/isolated-reifier.js
1053 silly gunzTarPerm extractEntry node_modules/yallist/iterator.js
1054 silly gunzTarPerm extractEntry node_modules/exponential-backoff/dist/jitter/jitter.factory.js
1055 silly gunzTarPerm extractEntry node_modules/tinyglobby/node_modules/fdir/dist/api/functions/join-path.js
1056 silly gunzTarPerm extractEntry node_modules/npm-registry-fetch/lib/json-stream.js
1057 silly gunzTarPerm extractEntry node_modules/@sigstore/core/dist/json.js
1058 silly gunzTarPerm extractEntry node_modules/diff/lib/diff/json.js
1059 silly gunzTarPerm extractEntry node_modules/npm-audit-report/lib/reporters/json.js
1060 silly gunzTarPerm extractEntry node_modules/jsonparse/jsonparse.js
1061 silly gunzTarPerm extractEntry node_modules/@tufjs/models/dist/key.js
1062 silly gunzTarPerm extractEntry node_modules/@tufjs/models/dist/utils/key.js
1063 silly gunzTarPerm extractEntry node_modules/make-fetch-happen/lib/cache/key.js
1064 silly gunzTarPerm extractEntry node_modules/make-fetch-happen/node_modules/negotiator/lib/language.js
1065 silly gunzTarPerm extractEntry node_modules/cacache/node_modules/tar/dist/commonjs/large-numbers.js
1066 silly gunzTarPerm extractEntry node_modules/cacache/node_modules/tar/dist/esm/large-numbers.js
1067 silly gunzTarPerm extractEntry node_modules/node-gyp/node_modules/tar/dist/commonjs/large-numbers.js
1068 silly gunzTarPerm extractEntry node_modules/node-gyp/node_modules/tar/dist/esm/large-numbers.js
1069 silly gunzTarPerm extractEntry node_modules/tar/lib/large-numbers.js
1070 silly gunzTarPerm extractEntry node_modules/graceful-fs/legacy-streams.js
1071 silly gunzTarPerm extractEntry node_modules/@sigstore/core/dist/asn1/length.js
1072 silly gunzTarPerm extractEntry node_modules/@npmcli/arborist/bin/license.js
1073 silly gunzTarPerm extractEntry lib/lifecycle-cmd.js
1074 silly gunzTarPerm extractEntry node_modules/@pkgjs/parseargs/examples/limit-long-syntax.js
1075 silly gunzTarPerm extractEntry node_modules/diff/lib/patch/line-endings.js
1076 silly gunzTarPerm extractEntry node_modules/diff/lib/diff/line.js
1077 silly gunzTarPerm extractEntry node_modules/@npmcli/git/lib/lines-to-revs.js
1078 silly gunzTarPerm extractEntry node_modules/bin-links/lib/link-bin.js
1079 silly gunzTarPerm extractEntry node_modules/bin-links/lib/link-bins.js
1080 silly gunzTarPerm extractEntry node_modules/bin-links/lib/link-gently.js
1081 silly gunzTarPerm extractEntry node_modules/bin-links/lib/link-mans.js
1082 silly gunzTarPerm extractEntry lib/commands/link.js
1083 silly gunzTarPerm extractEntry node_modules/@npmcli/arborist/lib/link.js
1084 silly gunzTarPerm extractEntry node_modules/cacache/node_modules/tar/dist/commonjs/list.js
1085 silly gunzTarPerm extractEntry node_modules/cacache/node_modules/tar/dist/esm/list.js
1086 silly gunzTarPerm extractEntry node_modules/node-gyp/lib/list.js
1087 silly gunzTarPerm extractEntry node_modules/node-gyp/node_modules/tar/dist/commonjs/list.js
1088 silly gunzTarPerm extractEntry node_modules/node-gyp/node_modules/tar/dist/esm/list.js
1089 silly gunzTarPerm extractEntry node_modules/tar/lib/list.js
1090 silly gunzTarPerm extractEntry lib/commands/ll.js
1091 silly gunzTarPerm extractEntry node_modules/@npmcli/arborist/lib/arborist/load-actual.js
1092 silly gunzTarPerm extractEntry node_modules/@npmcli/arborist/lib/arborist/load-virtual.js
1093 silly gunzTarPerm extractEntry lib/utils/log-file.js
1094 silly gunzTarPerm extractEntry node_modules/node-gyp/lib/log.js
1095 silly gunzTarPerm extractEntry node_modules/@npmcli/arborist/bin/lib/logging.js
1096 silly gunzTarPerm extractEntry lib/commands/login.js
1097 silly gunzTarPerm extractEntry lib/commands/logout.js
1098 silly gunzTarPerm extractEntry node_modules/semver/internal/lrucache.js
1099 silly gunzTarPerm extractEntry lib/commands/ls.js
1100 silly gunzTarPerm extractEntry node_modules/semver/functions/lt.js
1101 silly gunzTarPerm extractEntry node_modules/semver/functions/lte.js
1102 silly gunzTarPerm extractEntry node_modules/semver/ranges/ltr.js
1103 silly gunzTarPerm extractEntry node_modules/qrcode-terminal/lib/main.js
1104 silly gunzTarPerm extractEntry node_modules/qrcode-terminal/test/main.js
1105 silly gunzTarPerm extractEntry node_modules/semver/functions/major.js
1106 silly gunzTarPerm extractEntry node_modules/normalize-package-data/lib/make_warning.js
1107 silly gunzTarPerm extractEntry node_modules/cacache/node_modules/tar/dist/commonjs/make-command.js
1108 silly gunzTarPerm extractEntry node_modules/cacache/node_modules/tar/dist/esm/make-command.js
1109 silly gunzTarPerm extractEntry node_modules/node-gyp/node_modules/tar/dist/commonjs/make-command.js
1110 silly gunzTarPerm extractEntry node_modules/node-gyp/node_modules/tar/dist/esm/make-command.js
1111 silly gunzTarPerm extractEntry node_modules/@npmcli/git/lib/make-error.js
1112 silly gunzTarPerm extractEntry node_modules/@npmcli/run-script/lib/make-spawn-args.js
1113 silly gunzTarPerm extractEntry node_modules/bin-links/lib/man-target.js
1114 silly gunzTarPerm extractEntry node_modules/@npmcli/redact/lib/matchers.js
1115 silly gunzTarPerm extractEntry node_modules/semver/ranges/max-satisfying.js
1116 silly gunzTarPerm extractEntry node_modules/make-fetch-happen/node_modules/negotiator/lib/mediaType.js
1117 silly gunzTarPerm extractEntry node_modules/cacache/lib/memoization.js
1118 silly gunzTarPerm extractEntry node_modules/diff/lib/patch/merge.js
1119 silly gunzTarPerm extractEntry node_modules/@sigstore/verify/dist/timestamp/merkle.js
1120 silly gunzTarPerm extractEntry node_modules/@sigstore/sign/dist/bundler/message.js
1121 silly gunzTarPerm extractEntry node_modules/@sigstore/verify/dist/bundle/message.js
1122 silly gunzTarPerm extractEntry node_modules/@tufjs/models/dist/metadata.js
1123 silly gunzTarPerm extractEntry node_modules/semver/ranges/min-satisfying.js
1124 silly gunzTarPerm extractEntry node_modules/semver/ranges/min-version.js
1125 silly gunzTarPerm extractEntry node_modules/semver/functions/minor.js
1126 silly gunzTarPerm extractEntry node_modules/cacache/node_modules/tar/dist/commonjs/mkdir.js
1127 silly gunzTarPerm extractEntry node_modules/cacache/node_modules/tar/dist/esm/mkdir.js
1128 silly gunzTarPerm extractEntry node_modules/node-gyp/node_modules/tar/dist/commonjs/mkdir.js
1129 silly gunzTarPerm extractEntry node_modules/node-gyp/node_modules/tar/dist/esm/mkdir.js
1130 silly gunzTarPerm extractEntry node_modules/tar/lib/mkdir.js
1131 silly gunzTarPerm extractEntry node_modules/cacache/node_modules/mkdirp/dist/cjs/src/mkdirp-manual.js
1132 silly gunzTarPerm extractEntry node_modules/cacache/node_modules/mkdirp/dist/mjs/mkdirp-manual.js
1133 silly gunzTarPerm extractEntry node_modules/mkdirp/lib/mkdirp-manual.js
1134 silly gunzTarPerm extractEntry node_modules/node-gyp/node_modules/mkdirp/dist/cjs/src/mkdirp-manual.js
1135 silly gunzTarPerm extractEntry node_modules/node-gyp/node_modules/mkdirp/dist/mjs/mkdirp-manual.js
1136 silly gunzTarPerm extractEntry node_modules/cacache/node_modules/mkdirp/dist/cjs/src/mkdirp-native.js
1137 silly gunzTarPerm extractEntry node_modules/cacache/node_modules/mkdirp/dist/mjs/mkdirp-native.js
1138 silly gunzTarPerm extractEntry node_modules/mkdirp/lib/mkdirp-native.js
1139 silly gunzTarPerm extractEntry node_modules/node-gyp/node_modules/mkdirp/dist/cjs/src/mkdirp-native.js
1140 silly gunzTarPerm extractEntry node_modules/node-gyp/node_modules/mkdirp/dist/mjs/mkdirp-native.js
1141 silly gunzTarPerm extractEntry node_modules/fastest-levenshtein/esm/mod.js
1142 silly gunzTarPerm extractEntry node_modules/fastest-levenshtein/mod.js
1143 silly gunzTarPerm extractEntry node_modules/cacache/node_modules/tar/dist/commonjs/mode-fix.js
1144 silly gunzTarPerm extractEntry node_modules/cacache/node_modules/tar/dist/esm/mode-fix.js
1145 silly gunzTarPerm extractEntry node_modules/node-gyp/node_modules/tar/dist/commonjs/mode-fix.js
1146 silly gunzTarPerm extractEntry node_modules/node-gyp/node_modules/tar/dist/esm/mode-fix.js
1147 silly gunzTarPerm extractEntry node_modules/tar/lib/mode-fix.js
1148 silly gunzTarPerm extractEntry node_modules/isexe/mode.js
1149 silly gunzTarPerm extractEntry node_modules/@npmcli/fs/lib/move-file.js
1150 silly gunzTarPerm extractEntry node_modules/archy/examples/multi_line.js
1151 silly gunzTarPerm extractEntry node_modules/archy/test/multi_line.js
1152 silly gunzTarPerm extractEntry node_modules/postcss-selector-parser/dist/selectors/namespace.js
1153 silly gunzTarPerm extractEntry node_modules/@pkgjs/parseargs/examples/negate.js
1154 silly gunzTarPerm extractEntry node_modules/semver/functions/neq.js
1155 silly gunzTarPerm extractEntry node_modules/@npmcli/config/lib/nerf-dart.js
1156 silly gunzTarPerm extractEntry node_modules/postcss-selector-parser/dist/selectors/nesting.js
1157 silly gunzTarPerm extractEntry node_modules/@pkgjs/parseargs/examples/no-repeated-options.js
1158 silly gunzTarPerm extractEntry node_modules/libnpmexec/lib/no-tty.js
1159 silly gunzTarPerm extractEntry node_modules/exponential-backoff/dist/jitter/no/no.jitter.js
1160 silly gunzTarPerm extractEntry node_modules/node-gyp/bin/node-gyp.js
1161 silly gunzTarPerm extractEntry node_modules/node-gyp/lib/node-gyp.js
1162 silly gunzTarPerm extractEntry node_modules/@npmcli/arborist/lib/node.js
1163 silly gunzTarPerm extractEntry node_modules/@npmcli/fs/lib/common/node.js
1164 silly gunzTarPerm extractEntry node_modules/debug/src/node.js
1165 silly gunzTarPerm extractEntry node_modules/postcss-selector-parser/dist/selectors/node.js
1166 silly gunzTarPerm extractEntry node_modules/util-deprecate/node.js
1167 silly gunzTarPerm extractEntry node_modules/archy/test/non_unicode.js
1168 silly gunzTarPerm extractEntry node_modules/nopt/lib/nopt-lib.js
1169 silly gunzTarPerm extractEntry node_modules/nopt/bin/nopt.js
1170 silly gunzTarPerm extractEntry node_modules/nopt/lib/nopt.js
1171 silly gunzTarPerm extractEntry node_modules/@npmcli/package-json/lib/normalize-data.js
1172 silly gunzTarPerm extractEntry node_modules/cacache/node_modules/tar/dist/commonjs/normalize-unicode.js
1173 silly gunzTarPerm extractEntry node_modules/cacache/node_modules/tar/dist/esm/normalize-unicode.js
1174 silly gunzTarPerm extractEntry node_modules/node-gyp/node_modules/tar/dist/commonjs/normalize-unicode.js
1175 silly gunzTarPerm extractEntry node_modules/node-gyp/node_modules/tar/dist/esm/normalize-unicode.js
1176 silly gunzTarPerm extractEntry node_modules/tar/lib/normalize-unicode.js
1177 silly gunzTarPerm extractEntry node_modules/cacache/node_modules/tar/dist/commonjs/normalize-windows-path.js
1178 silly gunzTarPerm extractEntry node_modules/cacache/node_modules/tar/dist/esm/normalize-windows-path.js
1179 silly gunzTarPerm extractEntry node_modules/node-gyp/node_modules/tar/dist/commonjs/normalize-windows-path.js
1180 silly gunzTarPerm extractEntry node_modules/node-gyp/node_modules/tar/dist/esm/normalize-windows-path.js
1181 silly gunzTarPerm extractEntry node_modules/tar/lib/normalize-windows-path.js
1182 silly gunzTarPerm extractEntry node_modules/@npmcli/package-json/lib/normalize.js
1183 silly gunzTarPerm extractEntry node_modules/normalize-package-data/lib/normalize.js
1184 silly gunzTarPerm extractEntry node_modules/npm-package-arg/lib/npa.js
1185 silly gunzTarPerm extractEntry bin/npm-cli.js
1186 silly gunzTarPerm extractEntry bin/npm-prefix.js
1187 silly gunzTarPerm extractEntry lib/utils/npm-usage.js
1188 silly gunzTarPerm extractEntry lib/npm.js
1189 silly gunzTarPerm extractEntry node_modules/pacote/lib/util/npm.js
1190 silly gunzTarPerm extractEntry bin/npx-cli.js
1191 silly gunzTarPerm extractEntry node_modules/@sigstore/core/dist/asn1/obj.js
1192 silly gunzTarPerm extractEntry node_modules/jsonparse/test/offset.js
1193 silly gunzTarPerm extractEntry node_modules/@sigstore/core/dist/oid.js
1194 silly gunzTarPerm extractEntry node_modules/@tufjs/models/dist/utils/oid.js
1195 silly gunzTarPerm extractEntry node_modules/@sigstore/sign/dist/util/oidc.js
1196 silly gunzTarPerm extractEntry lib/utils/open-url.js
1197 silly gunzTarPerm extractEntry node_modules/tinyglobby/node_modules/fdir/dist/optimizer.js
1198 silly gunzTarPerm extractEntry node_modules/@npmcli/arborist/lib/optional-set.js
1199 silly gunzTarPerm extractEntry node_modules/@npmcli/agent/lib/options.js
1200 silly gunzTarPerm extractEntry node_modules/@npmcli/arborist/bin/lib/options.js
1201 silly gunzTarPerm extractEntry node_modules/cacache/node_modules/tar/dist/commonjs/options.js
1202 silly gunzTarPerm extractEntry node_modules/cacache/node_modules/tar/dist/esm/options.js
1203 silly gunzTarPerm extractEntry node_modules/exponential-backoff/dist/options.js
1204 silly gunzTarPerm extractEntry node_modules/make-fetch-happen/lib/options.js
1205 silly gunzTarPerm extractEntry node_modules/node-gyp/node_modules/tar/dist/commonjs/options.js
1206 silly gunzTarPerm extractEntry node_modules/node-gyp/node_modules/tar/dist/esm/options.js
1207 silly gunzTarPerm extractEntry node_modules/which/node_modules/isexe/dist/cjs/options.js
1208 silly gunzTarPerm extractEntry node_modules/which/node_modules/isexe/dist/mjs/options.js
1209 silly gunzTarPerm extractEntry node_modules/cacache/node_modules/mkdirp/dist/cjs/src/opts-arg.js
1210 silly gunzTarPerm extractEntry node_modules/cacache/node_modules/mkdirp/dist/mjs/opts-arg.js
1211 silly gunzTarPerm extractEntry node_modules/mkdirp/lib/opts-arg.js
1212 silly gunzTarPerm extractEntry node_modules/node-gyp/node_modules/mkdirp/dist/cjs/src/opts-arg.js
1213 silly gunzTarPerm extractEntry node_modules/node-gyp/node_modules/mkdirp/dist/mjs/opts-arg.js
1214 silly gunzTarPerm extractEntry node_modules/@npmcli/git/lib/opts.js
1215 silly gunzTarPerm extractEntry lib/commands/org.js
1216 silly gunzTarPerm extractEntry lib/commands/outdated.js
1217 silly gunzTarPerm extractEntry lib/utils/output-error.js
1218 silly gunzTarPerm extractEntry node_modules/semver/ranges/outside.js
1219 silly gunzTarPerm extractEntry node_modules/@npmcli/arborist/lib/override-resolves.js
1220 silly gunzTarPerm extractEntry node_modules/@npmcli/arborist/lib/override-set.js
1221 silly gunzTarPerm extractEntry lib/commands/owner.js
1222 silly gunzTarPerm extractEntry lib/commands/pack.js
1223 silly gunzTarPerm extractEntry node_modules/cacache/node_modules/tar/dist/commonjs/pack.js
1224 silly gunzTarPerm extractEntry node_modules/cacache/node_modules/tar/dist/esm/pack.js
1225 silly gunzTarPerm extractEntry node_modules/node-gyp/node_modules/tar/dist/commonjs/pack.js
1226 silly gunzTarPerm extractEntry node_modules/node-gyp/node_modules/tar/dist/esm/pack.js
1227 silly gunzTarPerm extractEntry node_modules/tar/lib/pack.js
1228 silly gunzTarPerm extractEntry node_modules/@npmcli/run-script/lib/package-envs.js
1229 silly gunzTarPerm extractEntry lib/package-url-cmd.js
1230 silly gunzTarPerm extractEntry node_modules/@npmcli/arborist/lib/packument-cache.js
1231 silly gunzTarPerm extractEntry node_modules/diff/lib/util/params.js
1232 silly gunzTarPerm extractEntry node_modules/jackspeak/dist/commonjs/parse-args.js
1233 silly gunzTarPerm extractEntry node_modules/jackspeak/dist/esm/parse-args.js
1234 silly gunzTarPerm extractEntry node_modules/@npmcli/config/lib/parse-field.js
1235 silly gunzTarPerm extractEntry node_modules/semver/internal/parse-options.js
1236 silly gunzTarPerm extractEntry node_modules/https-proxy-agent/dist/parse-proxy-response.js
1237 silly gunzTarPerm extractEntry node_modules/hosted-git-info/lib/parse-url.js
1238 silly gunzTarPerm extractEntry node_modules/@sigstore/core/dist/asn1/parse.js
1239 silly gunzTarPerm extractEntry node_modules/cacache/node_modules/tar/dist/commonjs/parse.js
1240 silly gunzTarPerm extractEntry node_modules/cacache/node_modules/tar/dist/esm/parse.js
1241 silly gunzTarPerm extractEntry node_modules/cross-spawn/lib/parse.js
1242 silly gunzTarPerm extractEntry node_modules/diff/lib/patch/parse.js
1243 silly gunzTarPerm extractEntry node_modules/node-gyp/node_modules/tar/dist/commonjs/parse.js
1244 silly gunzTarPerm extractEntry node_modules/node-gyp/node_modules/tar/dist/esm/parse.js
1245 silly gunzTarPerm extractEntry node_modules/semver/functions/parse.js
1246 silly gunzTarPerm extractEntry node_modules/spdx-correct/node_modules/spdx-expression-parse/parse.js
1247 silly gunzTarPerm extractEntry node_modules/spdx-expression-parse/parse.js
1248 silly gunzTarPerm extractEntry node_modules/tar/lib/parse.js
1249 silly gunzTarPerm extractEntry node_modules/tinyglobby/node_modules/picomatch/lib/parse.js
1250 silly gunzTarPerm extractEntry node_modules/validate-npm-package-license/node_modules/spdx-expression-parse/parse.js
1251 silly gunzTarPerm extractEntry node_modules/postcss-selector-parser/dist/parser.js
1252 silly gunzTarPerm extractEntry node_modules/semver/functions/patch.js
1253 silly gunzTarPerm extractEntry node_modules/cacache/node_modules/mkdirp/dist/cjs/src/path-arg.js
1254 silly gunzTarPerm extractEntry node_modules/cacache/node_modules/mkdirp/dist/mjs/path-arg.js
1255 silly gunzTarPerm extractEntry node_modules/mkdirp/lib/path-arg.js
1256 silly gunzTarPerm extractEntry node_modules/node-gyp/node_modules/mkdirp/dist/cjs/src/path-arg.js
1257 silly gunzTarPerm extractEntry node_modules/node-gyp/node_modules/mkdirp/dist/mjs/path-arg.js
1258 silly gunzTarPerm extractEntry node_modules/cacache/node_modules/tar/dist/commonjs/path-reservations.js
1259 silly gunzTarPerm extractEntry node_modules/cacache/node_modules/tar/dist/esm/path-reservations.js
1260 silly gunzTarPerm extractEntry node_modules/node-gyp/node_modules/tar/dist/commonjs/path-reservations.js
1261 silly gunzTarPerm extractEntry node_modules/node-gyp/node_modules/tar/dist/esm/path-reservations.js
1262 silly gunzTarPerm extractEntry node_modules/tar/lib/path-reservations.js
1263 silly gunzTarPerm extractEntry node_modules/cacache/lib/content/path.js
1264 silly gunzTarPerm extractEntry node_modules/glob/dist/commonjs/pattern.js
1265 silly gunzTarPerm extractEntry node_modules/glob/dist/esm/pattern.js
1266 silly gunzTarPerm extractEntry node_modules/cacache/node_modules/tar/dist/commonjs/pax.js
1267 silly gunzTarPerm extractEntry node_modules/cacache/node_modules/tar/dist/esm/pax.js
1268 silly gunzTarPerm extractEntry node_modules/node-gyp/node_modules/tar/dist/commonjs/pax.js
1269 silly gunzTarPerm extractEntry node_modules/node-gyp/node_modules/tar/dist/esm/pax.js
1270 silly gunzTarPerm extractEntry node_modules/tar/lib/pax.js
1271 silly gunzTarPerm extractEntry node_modules/@npmcli/arborist/lib/peer-entry-sets.js
1272 silly gunzTarPerm extractEntry node_modules/@sigstore/core/dist/pem.js
1273 silly gunzTarPerm extractEntry node_modules/tinyglobby/node_modules/picomatch/lib/picomatch.js
1274 silly gunzTarPerm extractEntry lib/commands/ping.js
1275 silly gunzTarPerm extractEntry lib/utils/ping.js
1276 silly gunzTarPerm extractEntry node_modules/make-fetch-happen/lib/pipeline.js
1277 silly gunzTarPerm extractEntry lib/commands/pkg.js
1278 silly gunzTarPerm extractEntry node_modules/@npmcli/arborist/lib/place-dep.js
1279 silly gunzTarPerm extractEntry node_modules/@sigstore/verify/dist/policy.js
1280 silly gunzTarPerm extractEntry node_modules/make-fetch-happen/lib/cache/policy.js
1281 silly gunzTarPerm extractEntry node_modules/@npmcli/fs/lib/cp/polyfill.js
1282 silly gunzTarPerm extractEntry node_modules/graceful-fs/polyfills.js
1283 silly gunzTarPerm extractEntry node_modules/tinyglobby/node_modules/picomatch/posix.js
1284 silly gunzTarPerm extractEntry node_modules/which/node_modules/isexe/dist/cjs/posix.js
1285 silly gunzTarPerm extractEntry node_modules/which/node_modules/isexe/dist/mjs/posix.js
1286 silly gunzTarPerm extractEntry lib/commands/prefix.js
1287 silly gunzTarPerm extractEntry node_modules/semver/preload.js
1288 silly gunzTarPerm extractEntry node_modules/semver/functions/prerelease.js
1289 silly gunzTarPerm extractEntry node_modules/jsonparse/test/primitives.js
1290 silly gunzTarPerm extractEntry node_modules/@pkgjs/parseargs/internal/primordials.js
1291 silly gunzTarPerm extractEntry node_modules/@npmcli/arborist/bin/lib/print-tree.js
1292 silly gunzTarPerm extractEntry node_modules/@npmcli/arborist/lib/printable.js
1293 silly gunzTarPerm extractEntry node_modules/node-gyp/lib/process-release.js
1294 silly gunzTarPerm extractEntry node_modules/glob/dist/commonjs/processor.js
1295 silly gunzTarPerm extractEntry node_modules/glob/dist/esm/processor.js
1296 silly gunzTarPerm extractEntry node_modules/postcss-selector-parser/dist/processor.js
1297 silly gunzTarPerm extractEntry lib/commands/profile.js
1298 silly gunzTarPerm extractEntry node_modules/pacote/lib/util/protected.js
1299 silly gunzTarPerm extractEntry node_modules/libnpmpublish/lib/provenance.js
1300 silly gunzTarPerm extractEntry node_modules/@sigstore/sign/dist/identity/provider.js
1301 silly gunzTarPerm extractEntry node_modules/foreground-child/dist/commonjs/proxy-signals.js
1302 silly gunzTarPerm extractEntry node_modules/foreground-child/dist/esm/proxy-signals.js
1303 silly gunzTarPerm extractEntry node_modules/@npmcli/agent/lib/proxy.js
1304 silly gunzTarPerm extractEntry lib/commands/prune.js
1305 silly gunzTarPerm extractEntry node_modules/@npmcli/arborist/bin/prune.js
1306 silly gunzTarPerm extractEntry node_modules/postcss-selector-parser/dist/selectors/pseudo.js
1307 silly gunzTarPerm extractEntry lib/commands/publish.js
1308 silly gunzTarPerm extractEntry node_modules/libnpmpublish/lib/publish.js
1309 silly gunzTarPerm extractEntry node_modules/tinyglobby/node_modules/fdir/dist/api/functions/push-directory.js
1310 silly gunzTarPerm extractEntry node_modules/tinyglobby/node_modules/fdir/dist/api/functions/push-file.js
1311 silly gunzTarPerm extractEntry node_modules/cacache/lib/put.js
1312 silly gunzTarPerm extractEntry node_modules/qrcode-terminal/vendor/QRCode/QR8bitByte.js
1313 silly gunzTarPerm extractEntry node_modules/qrcode-terminal/vendor/QRCode/QRBitBuffer.js
1314 silly gunzTarPerm extractEntry node_modules/qrcode-terminal/bin/qrcode-terminal.js
1315 silly gunzTarPerm extractEntry node_modules/qrcode-terminal/vendor/QRCode/QRErrorCorrectLevel.js
1316 silly gunzTarPerm extractEntry node_modules/qrcode-terminal/vendor/QRCode/QRMaskPattern.js
1317 silly gunzTarPerm extractEntry node_modules/qrcode-terminal/vendor/QRCode/QRMath.js
1318 silly gunzTarPerm extractEntry node_modules/qrcode-terminal/vendor/QRCode/QRMode.js
1319 silly gunzTarPerm extractEntry node_modules/qrcode-terminal/vendor/QRCode/QRPolynomial.js
1320 silly gunzTarPerm extractEntry node_modules/qrcode-terminal/vendor/QRCode/QRRSBlock.js
1321 silly gunzTarPerm extractEntry node_modules/qrcode-terminal/vendor/QRCode/QRUtil.js
1322 silly gunzTarPerm extractEntry node_modules/@npmcli/arborist/lib/query-selector-all.js
1323 silly gunzTarPerm extractEntry lib/commands/query.js
1324 silly gunzTarPerm extractEntry lib/utils/queryable.js
1325 silly gunzTarPerm extractEntry node_modules/tinyglobby/node_modules/fdir/dist/api/queue.js
1326 silly gunzTarPerm extractEntry node_modules/npm-audit-report/lib/reporters/quiet.js
1327 silly gunzTarPerm extractEntry node_modules/semver/classes/range.js
1328 silly gunzTarPerm extractEntry node_modules/semver/functions/rcompare.js
1329 silly gunzTarPerm extractEntry node_modules/semver/internal/re.js
1330 silly gunzTarPerm extractEntry node_modules/cacache/node_modules/tar/dist/commonjs/read-entry.js
1331 silly gunzTarPerm extractEntry node_modules/cacache/node_modules/tar/dist/esm/read-entry.js
1332 silly gunzTarPerm extractEntry node_modules/node-gyp/node_modules/tar/dist/commonjs/read-entry.js
1333 silly gunzTarPerm extractEntry node_modules/node-gyp/node_modules/tar/dist/esm/read-entry.js
1334 silly gunzTarPerm extractEntry node_modules/tar/lib/read-entry.js
1335 silly gunzTarPerm extractEntry node_modules/libnpmversion/lib/read-json.js
1336 silly gunzTarPerm extractEntry node_modules/@npmcli/package-json/lib/read-package.js
1337 silly gunzTarPerm extractEntry lib/utils/read-user-info.js
1338 silly gunzTarPerm extractEntry node_modules/cacache/lib/content/read.js
1339 silly gunzTarPerm extractEntry node_modules/read/dist/commonjs/read.js
1340 silly gunzTarPerm extractEntry node_modules/read/dist/esm/read.js
1341 silly gunzTarPerm extractEntry node_modules/@npmcli/fs/lib/readdir-scoped.js
1342 silly gunzTarPerm extractEntry node_modules/cross-spawn/lib/util/readShebang.js
1343 silly gunzTarPerm extractEntry node_modules/@npmcli/arborist/lib/realpath.js
1344 silly gunzTarPerm extractEntry lib/commands/rebuild.js
1345 silly gunzTarPerm extractEntry node_modules/@npmcli/arborist/lib/arborist/rebuild.js
1346 silly gunzTarPerm extractEntry node_modules/node-gyp/lib/rebuild.js
1347 silly gunzTarPerm extractEntry node_modules/socks/build/common/receivebuffer.js
1348 silly gunzTarPerm extractEntry node_modules/pacote/lib/registry.js
1349 silly gunzTarPerm extractEntry node_modules/ip-address/dist/v6/regular-expressions.js
1350 silly gunzTarPerm extractEntry lib/utils/reify-finish.js
1351 silly gunzTarPerm extractEntry lib/utils/reify-output.js
1352 silly gunzTarPerm extractEntry node_modules/@npmcli/arborist/bin/reify.js
1353 silly gunzTarPerm extractEntry node_modules/@npmcli/arborist/lib/arborist/reify.js
1354 silly gunzTarPerm extractEntry node_modules/@sigstore/sign/dist/external/rekor.js
1355 silly gunzTarPerm extractEntry node_modules/@npmcli/arborist/lib/relpath.js
1356 silly gunzTarPerm extractEntry node_modules/make-fetch-happen/lib/remote.js
1357 silly gunzTarPerm extractEntry node_modules/pacote/lib/remote.js
1358 silly gunzTarPerm extractEntry node_modules/node-gyp/lib/remove.js
1359 silly gunzTarPerm extractEntry node_modules/cacache/node_modules/tar/dist/commonjs/replace.js
1360 silly gunzTarPerm extractEntry node_modules/cacache/node_modules/tar/dist/esm/replace.js
1361 silly gunzTarPerm extractEntry node_modules/node-gyp/node_modules/tar/dist/commonjs/replace.js
1362 silly gunzTarPerm extractEntry node_modules/node-gyp/node_modules/tar/dist/esm/replace.js
1363 silly gunzTarPerm extractEntry node_modules/tar/lib/replace.js
1364 silly gunzTarPerm extractEntry lib/commands/repo.js
1365 silly gunzTarPerm extractEntry node_modules/minipass-fetch/lib/request.js
1366 silly gunzTarPerm extractEntry node_modules/@npmcli/arborist/lib/reset-dep-flags.js
1367 silly gunzTarPerm extractEntry node_modules/tinyglobby/node_modules/fdir/dist/api/functions/resolve-symlink.js
1368 silly gunzTarPerm extractEntry node_modules/cross-spawn/lib/util/resolveCommand.js
1369 silly gunzTarPerm extractEntry node_modules/minipass-fetch/lib/response.js
1370 silly gunzTarPerm extractEntry lib/commands/restart.js
1371 silly gunzTarPerm extractEntry node_modules/@npmcli/arborist/lib/retire-path.js
1372 silly gunzTarPerm extractEntry node_modules/libnpmversion/lib/retrieve-tag.js
1373 silly gunzTarPerm extractEntry node_modules/retry/lib/retry_operation.js
1374 silly gunzTarPerm extractEntry node_modules/retry/lib/retry.js
1375 silly gunzTarPerm extractEntry node_modules/diff/lib/patch/reverse.js
1376 silly gunzTarPerm extractEntry node_modules/@npmcli/git/lib/revs.js
1377 silly gunzTarPerm extractEntry node_modules/@isaacs/cliui/node_modules/emoji-regex/es2015/RGI_Emoji.js
1378 silly gunzTarPerm extractEntry node_modules/@isaacs/cliui/node_modules/emoji-regex/RGI_Emoji.js
1379 silly gunzTarPerm extractEntry node_modules/wrap-ansi/node_modules/emoji-regex/es2015/RGI_Emoji.js
1380 silly gunzTarPerm extractEntry node_modules/wrap-ansi/node_modules/emoji-regex/RGI_Emoji.js
1381 silly gunzTarPerm extractEntry node_modules/cacache/lib/content/rm.js
1382 silly gunzTarPerm extractEntry node_modules/cacache/lib/rm.js
1383 silly gunzTarPerm extractEntry node_modules/@tufjs/models/dist/role.js
1384 silly gunzTarPerm extractEntry node_modules/just-diff-apply/rollup.config.js
1385 silly gunzTarPerm extractEntry node_modules/just-diff/rollup.config.js
1386 silly gunzTarPerm extractEntry lib/commands/root.js
1387 silly gunzTarPerm extractEntry node_modules/@tufjs/models/dist/root.js
1388 silly gunzTarPerm extractEntry node_modules/postcss-selector-parser/dist/selectors/root.js
1389 silly gunzTarPerm extractEntry node_modules/color-convert/route.js
1390 silly gunzTarPerm extractEntry node_modules/semver/functions/rsort.js
1391 silly gunzTarPerm extractEntry node_modules/@npmcli/run-script/lib/run-script-pkg.js
1392 silly gunzTarPerm extractEntry lib/commands/run-script.js
1393 silly gunzTarPerm extractEntry node_modules/@npmcli/run-script/lib/run-script.js
1394 silly gunzTarPerm extractEntry node_modules/libnpmexec/lib/run-script.js
1395 silly gunzTarPerm extractEntry node_modules/diff/runtime.js
1396 silly gunzTarPerm extractEntry node_modules/normalize-package-data/lib/safe_format.js
1397 silly gunzTarPerm extractEntry node_modules/safer-buffer/safer.js
1398 silly gunzTarPerm extractEntry node_modules/semver/functions/satisfies.js
1399 silly gunzTarPerm extractEntry node_modules/iconv-lite/encodings/sbcs-codec.js
1400 silly gunzTarPerm extractEntry node_modules/iconv-lite/encodings/sbcs-data-generated.js
1401 silly gunzTarPerm extractEntry node_modules/iconv-lite/encodings/sbcs-data.js
1402 silly gunzTarPerm extractEntry lib/utils/sbom-cyclonedx.js
1403 silly gunzTarPerm extractEntry lib/utils/sbom-spdx.js
1404 silly gunzTarPerm extractEntry lib/commands/sbom.js
1405 silly gunzTarPerm extractEntry node_modules/spdx-correct/node_modules/spdx-expression-parse/scan.js
1406 silly gunzTarPerm extractEntry node_modules/spdx-expression-parse/scan.js
1407 silly gunzTarPerm extractEntry node_modules/tinyglobby/node_modules/picomatch/lib/scan.js
1408 silly gunzTarPerm extractEntry node_modules/validate-npm-package-license/node_modules/spdx-expression-parse/scan.js
1409 silly gunzTarPerm extractEntry node_modules/@sigstore/core/dist/x509/sct.js
1410 silly gunzTarPerm extractEntry node_modules/@sigstore/verify/dist/key/sct.js
1411 silly gunzTarPerm extractEntry lib/commands/search.js
1412 silly gunzTarPerm extractEntry node_modules/postcss-selector-parser/dist/selectors/selector.js
1413 silly gunzTarPerm extractEntry node_modules/semver/bin/semver.js
1414 silly gunzTarPerm extractEntry node_modules/semver/classes/semver.js
1415 silly gunzTarPerm extractEntry node_modules/diff/lib/diff/sentence.js
1416 silly gunzTarPerm extractEntry node_modules/@sigstore/bundle/dist/serialized.js
1417 silly gunzTarPerm extractEntry node_modules/@npmcli/redact/lib/server.js
1418 silly gunzTarPerm extractEntry node_modules/@npmcli/config/lib/set-envs.js
1419 silly gunzTarPerm extractEntry node_modules/@npmcli/run-script/lib/set-path.js
1420 silly gunzTarPerm extractEntry lib/commands/set.js
1421 silly gunzTarPerm extractEntry node_modules/@sigstore/verify/dist/timestamp/set.js
1422 silly gunzTarPerm extractEntry node_modules/@sigstore/verify/dist/shared.types.js
1423 silly gunzTarPerm extractEntry node_modules/bin-links/lib/shim-bin.js
1424 silly gunzTarPerm extractEntry node_modules/libnpmdiff/lib/should-print-patch.js
1425 silly gunzTarPerm extractEntry lib/commands/shrinkwrap.js
1426 silly gunzTarPerm extractEntry node_modules/@npmcli/arborist/bin/shrinkwrap.js
1427 silly gunzTarPerm extractEntry node_modules/@npmcli/arborist/lib/shrinkwrap.js
1428 silly gunzTarPerm extractEntry node_modules/@npmcli/arborist/lib/signal-handling.js
1429 silly gunzTarPerm extractEntry node_modules/@npmcli/run-script/lib/signal-manager.js
1430 silly gunzTarPerm extractEntry node_modules/@npmcli/arborist/lib/signals.js
1431 silly gunzTarPerm extractEntry node_modules/signal-exit/dist/cjs/signals.js
1432 silly gunzTarPerm extractEntry node_modules/signal-exit/dist/mjs/signals.js
1433 silly gunzTarPerm extractEntry node_modules/@tufjs/models/dist/signature.js
1434 silly gunzTarPerm extractEntry node_modules/@sigstore/sign/dist/signer/signer.js
1435 silly gunzTarPerm extractEntry node_modules/@sigstore/protobuf-specs/dist/__generated__/sigstore_bundle.js
1436 silly gunzTarPerm extractEntry node_modules/@sigstore/protobuf-specs/dist/__generated__/sigstore_common.js
1437 silly gunzTarPerm extractEntry node_modules/@sigstore/protobuf-specs/dist/__generated__/sigstore_rekor.js
1438 silly gunzTarPerm extractEntry node_modules/@sigstore/protobuf-specs/dist/__generated__/sigstore_trustroot.js
1439 silly gunzTarPerm extractEntry node_modules/@sigstore/protobuf-specs/dist/__generated__/sigstore_verification.js
1440 silly gunzTarPerm extractEntry node_modules/sigstore/dist/sigstore.js
1441 silly gunzTarPerm extractEntry node_modules/@pkgjs/parseargs/examples/simple-hard-coded.js
1442 silly gunzTarPerm extractEntry node_modules/semver/ranges/simplify.js
1443 silly gunzTarPerm extractEntry node_modules/exponential-backoff/dist/delay/skip-first/skip-first.delay.js
1444 silly gunzTarPerm extractEntry node_modules/qrcode-terminal/example/small-qrcode.js
1445 silly gunzTarPerm extractEntry node_modules/smart-buffer/build/smartbuffer.js
1446 silly gunzTarPerm extractEntry node_modules/@tufjs/models/dist/snapshot.js
1447 silly gunzTarPerm extractEntry node_modules/socks/build/client/socksclient.js
1448 silly gunzTarPerm extractEntry node_modules/@npmcli/package-json/lib/sort.js
1449 silly gunzTarPerm extractEntry node_modules/semver/functions/sort.js
1450 silly gunzTarPerm extractEntry node_modules/postcss-selector-parser/dist/sortAscending.js
1451 silly gunzTarPerm extractEntry node_modules/@npmcli/git/lib/spawn.js
1452 silly gunzTarPerm extractEntry node_modules/@npmcli/arborist/lib/spec-from-lock.js
1453 silly gunzTarPerm extractEntry node_modules/sprintf-js/src/sprintf.js
1454 silly gunzTarPerm extractEntry node_modules/sprintf-js/dist/sprintf.min.js
1455 silly gunzTarPerm extractEntry lib/commands/star.js
1456 silly gunzTarPerm extractEntry lib/commands/stars.js
1457 silly gunzTarPerm extractEntry lib/commands/start.js
1458 silly gunzTarPerm extractEntry lib/commands/stop.js
1459 silly gunzTarPerm extractEntry node_modules/retry/example/stop.js
1460 silly gunzTarPerm extractEntry node_modules/tuf-js/dist/store.js
1461 silly gunzTarPerm extractEntry node_modules/@sigstore/core/dist/stream.js
1462 silly gunzTarPerm extractEntry node_modules/iconv-lite/lib/streams.js
1463 silly gunzTarPerm extractEntry node_modules/diff/lib/util/string.js
1464 silly gunzTarPerm extractEntry node_modules/postcss-selector-parser/dist/selectors/string.js
1465 silly gunzTarPerm extractEntry node_modules/cacache/node_modules/tar/dist/commonjs/strip-absolute-path.js
1466 silly gunzTarPerm extractEntry node_modules/cacache/node_modules/tar/dist/esm/strip-absolute-path.js
1467 silly gunzTarPerm extractEntry node_modules/node-gyp/node_modules/tar/dist/commonjs/strip-absolute-path.js
1468 silly gunzTarPerm extractEntry node_modules/node-gyp/node_modules/tar/dist/esm/strip-absolute-path.js
1469 silly gunzTarPerm extractEntry node_modules/tar/lib/strip-absolute-path.js
1470 silly gunzTarPerm extractEntry node_modules/cacache/node_modules/tar/dist/commonjs/strip-trailing-slashes.js
1471 silly gunzTarPerm extractEntry node_modules/cacache/node_modules/tar/dist/esm/strip-trailing-slashes.js
1472 silly gunzTarPerm extractEntry node_modules/node-gyp/node_modules/tar/dist/commonjs/strip-trailing-slashes.js
1473 silly gunzTarPerm extractEntry node_modules/node-gyp/node_modules/tar/dist/esm/strip-trailing-slashes.js
1474 silly gunzTarPerm extractEntry node_modules/tar/lib/strip-trailing-slashes.js
1475 silly gunzTarPerm extractEntry node_modules/postcss-selector-parser/dist/util/stripComments.js
1476 silly gunzTarPerm extractEntry node_modules/semver/ranges/subset.js
1477 silly gunzTarPerm extractEntry node_modules/jsonparse/test/surrogate.js
1478 silly gunzTarPerm extractEntry node_modules/cacache/node_modules/tar/dist/commonjs/symlink-error.js
1479 silly gunzTarPerm extractEntry node_modules/cacache/node_modules/tar/dist/esm/symlink-error.js
1480 silly gunzTarPerm extractEntry node_modules/node-gyp/node_modules/tar/dist/commonjs/symlink-error.js
1481 silly gunzTarPerm extractEntry node_modules/node-gyp/node_modules/tar/dist/esm/symlink-error.js
1482 silly gunzTarPerm extractEntry node_modules/tinyglobby/node_modules/fdir/dist/api/sync.js
1483 silly gunzTarPerm extractEntry node_modules/text-table/example/table.js
1484 silly gunzTarPerm extractEntry node_modules/text-table/test/table.js
1485 silly gunzTarPerm extractEntry node_modules/@sigstore/core/dist/asn1/tag.js
1486 silly gunzTarPerm extractEntry node_modules/libnpmversion/lib/tag.js
1487 silly gunzTarPerm extractEntry node_modules/postcss-selector-parser/dist/selectors/tag.js
1488 silly gunzTarPerm extractEntry node_modules/pacote/lib/util/tar-create-options.js
1489 silly gunzTarPerm extractEntry lib/utils/tar.js
1490 silly gunzTarPerm extractEntry node_modules/libnpmdiff/lib/tarball.js
1491 silly gunzTarPerm extractEntry node_modules/@sigstore/tuf/dist/target.js
1492 silly gunzTarPerm extractEntry node_modules/@tufjs/models/dist/targets.js
1493 silly gunzTarPerm extractEntry lib/commands/team.js
1494 silly gunzTarPerm extractEntry node_modules/retry/test/integration/test-forever.js
1495 silly gunzTarPerm extractEntry node_modules/retry/test/integration/test-retry-operation.js
1496 silly gunzTarPerm extractEntry node_modules/retry/test/integration/test-retry-wrap.js
1497 silly gunzTarPerm extractEntry node_modules/retry/test/integration/test-timeouts.js
1498 silly gunzTarPerm extractEntry lib/commands/test.js
1499 silly gunzTarPerm extractEntry node_modules/cli-columns/test.js
1500 silly gunzTarPerm extractEntry node_modules/encoding/test/test.js
1501 silly gunzTarPerm extractEntry node_modules/err-code/test/test.js
1502 silly gunzTarPerm extractEntry node_modules/fastest-levenshtein/test.js
1503 silly gunzTarPerm extractEntry node_modules/promise-retry/test/test.js
1504 silly gunzTarPerm extractEntry node_modules/safer-buffer/tests.js
1505 silly gunzTarPerm extractEntry node_modules/@isaacs/cliui/node_modules/emoji-regex/es2015/text.js
1506 silly gunzTarPerm extractEntry node_modules/@isaacs/cliui/node_modules/emoji-regex/text.js
1507 silly gunzTarPerm extractEntry node_modules/emoji-regex/es2015/text.js
1508 silly gunzTarPerm extractEntry node_modules/emoji-regex/text.js
1509 silly gunzTarPerm extractEntry node_modules/wrap-ansi/node_modules/emoji-regex/es2015/text.js
1510 silly gunzTarPerm extractEntry node_modules/wrap-ansi/node_modules/emoji-regex/text.js
1511 silly gunzTarPerm extractEntry lib/utils/timers.js
1512 silly gunzTarPerm extractEntry node_modules/@npmcli/arborist/bin/lib/timers.js
1513 silly gunzTarPerm extractEntry node_modules/@sigstore/core/dist/rfc3161/timestamp.js
1514 silly gunzTarPerm extractEntry node_modules/@sigstore/protobuf-specs/dist/__generated__/google/protobuf/timestamp.js
1515 silly gunzTarPerm extractEntry node_modules/@tufjs/models/dist/timestamp.js
1516 silly gunzTarPerm extractEntry node_modules/cacache/lib/util/tmp.js
1517 silly gunzTarPerm extractEntry node_modules/tuf-js/dist/utils/tmpfile.js
1518 silly gunzTarPerm extractEntry node_modules/cmd-shim/lib/to-batch-syntax.js
1519 silly gunzTarPerm extractEntry node_modules/semver/ranges/to-comparators.js
1520 silly gunzTarPerm extractEntry lib/commands/token.js
1521 silly gunzTarPerm extractEntry node_modules/postcss-selector-parser/dist/tokenize.js
1522 silly gunzTarPerm extractEntry node_modules/postcss-selector-parser/dist/tokenTypes.js
1523 silly gunzTarPerm extractEntry node_modules/@npmcli/arborist/lib/tracker.js
1524 silly gunzTarPerm extractEntry node_modules/proggy/lib/tracker.js
1525 silly gunzTarPerm extractEntry node_modules/pacote/lib/util/trailing-slashes.js
1526 silly gunzTarPerm extractEntry node_modules/@npmcli/arborist/lib/tree-check.js
1527 silly gunzTarPerm extractEntry node_modules/@sigstore/verify/dist/trust/trust.types.js
1528 silly gunzTarPerm extractEntry node_modules/@sigstore/sign/dist/external/tsa.js
1529 silly gunzTarPerm extractEntry node_modules/@sigstore/verify/dist/timestamp/tsa.js
1530 silly gunzTarPerm extractEntry node_modules/@sigstore/core/dist/rfc3161/tstinfo.js
1531 silly gunzTarPerm extractEntry node_modules/jsonparse/examples/twitterfeed.js
1532 silly gunzTarPerm extractEntry node_modules/@npmcli/config/lib/type-defs.js
1533 silly gunzTarPerm extractEntry node_modules/nopt/lib/type-defs.js
1534 silly gunzTarPerm extractEntry node_modules/@npmcli/config/lib/type-description.js
1535 silly gunzTarPerm extractEntry node_modules/@tufjs/models/dist/utils/types.js
1536 silly gunzTarPerm extractEntry node_modules/cacache/node_modules/tar/dist/commonjs/types.js
1537 silly gunzTarPerm extractEntry node_modules/cacache/node_modules/tar/dist/esm/types.js
1538 silly gunzTarPerm extractEntry node_modules/node-gyp/node_modules/tar/dist/commonjs/types.js
1539 silly gunzTarPerm extractEntry node_modules/node-gyp/node_modules/tar/dist/esm/types.js
1540 silly gunzTarPerm extractEntry node_modules/postcss-selector-parser/dist/selectors/types.js
1541 silly gunzTarPerm extractEntry node_modules/tar/lib/types.js
1542 silly gunzTarPerm extractEntry node_modules/tinyglobby/node_modules/fdir/dist/types.js
1543 silly gunzTarPerm extractEntry node_modules/@sigstore/sign/dist/util/ua.js
1544 silly gunzTarPerm extractEntry node_modules/@npmcli/config/lib/umask.js
1545 silly gunzTarPerm extractEntry lib/commands/undeprecate.js
1546 silly gunzTarPerm extractEntry node_modules/postcss-selector-parser/dist/util/unesc.js
1547 silly gunzTarPerm extractEntry node_modules/minimatch/dist/commonjs/unescape.js
1548 silly gunzTarPerm extractEntry node_modules/minimatch/dist/esm/unescape.js
1549 silly gunzTarPerm extractEntry lib/commands/uninstall.js
1550 silly gunzTarPerm extractEntry node_modules/postcss-selector-parser/dist/selectors/universal.js
1551 silly gunzTarPerm extractEntry node_modules/cacache/node_modules/tar/dist/commonjs/unpack.js
1552 silly gunzTarPerm extractEntry node_modules/cacache/node_modules/tar/dist/esm/unpack.js
1553 silly gunzTarPerm extractEntry node_modules/node-gyp/node_modules/tar/dist/commonjs/unpack.js
1554 silly gunzTarPerm extractEntry node_modules/node-gyp/node_modules/tar/dist/esm/unpack.js
1555 silly gunzTarPerm extractEntry node_modules/tar/lib/unpack.js
1556 silly gunzTarPerm extractEntry lib/commands/unpublish.js
1557 silly gunzTarPerm extractEntry node_modules/libnpmpublish/lib/unpublish.js
1558 silly gunzTarPerm extractEntry lib/commands/unstar.js
1559 silly gunzTarPerm extractEntry node_modules/libnpmdiff/lib/untar.js
1560 silly gunzTarPerm extractEntry node_modules/jsonparse/test/unvalid.js
1561 silly gunzTarPerm extractEntry node_modules/@npmcli/package-json/lib/update-dependencies.js
1562 silly gunzTarPerm extractEntry lib/cli/update-notifier.js
1563 silly gunzTarPerm extractEntry node_modules/@npmcli/package-json/lib/update-scripts.js
1564 silly gunzTarPerm extractEntry lib/utils/update-workspaces.js
1565 silly gunzTarPerm extractEntry node_modules/@npmcli/package-json/lib/update-workspaces.js
1566 silly gunzTarPerm extractEntry lib/commands/update.js
1567 silly gunzTarPerm extractEntry node_modules/cacache/node_modules/tar/dist/commonjs/update.js
1568 silly gunzTarPerm extractEntry node_modules/cacache/node_modules/tar/dist/esm/update.js
1569 silly gunzTarPerm extractEntry node_modules/node-gyp/node_modules/tar/dist/commonjs/update.js
1570 silly gunzTarPerm extractEntry node_modules/node-gyp/node_modules/tar/dist/esm/update.js
1571 silly gunzTarPerm extractEntry node_modules/tar/lib/update.js
1572 silly gunzTarPerm extractEntry node_modules/tuf-js/dist/updater.js
1573 silly gunzTarPerm extractEntry node_modules/tuf-js/dist/utils/url.js
1574 silly gunzTarPerm extractEntry node_modules/cacache/node_modules/mkdirp/dist/cjs/src/use-native.js
1575 silly gunzTarPerm extractEntry node_modules/cacache/node_modules/mkdirp/dist/mjs/use-native.js
1576 silly gunzTarPerm extractEntry node_modules/mkdirp/lib/use-native.js
1577 silly gunzTarPerm extractEntry node_modules/node-gyp/node_modules/mkdirp/dist/cjs/src/use-native.js
1578 silly gunzTarPerm extractEntry node_modules/node-gyp/node_modules/mkdirp/dist/mjs/use-native.js
1579 silly gunzTarPerm extractEntry node_modules/iconv-lite/encodings/utf16.js
1580 silly gunzTarPerm extractEntry node_modules/iconv-lite/encodings/utf32.js
1581 silly gunzTarPerm extractEntry node_modules/iconv-lite/encodings/utf7.js
1582 silly gunzTarPerm extractEntry node_modules/jsonparse/test/utf8.js
1583 silly gunzTarPerm extractEntry node_modules/@pkgjs/parseargs/internal/util.js
1584 silly gunzTarPerm extractEntry node_modules/node-gyp/lib/util.js
1585 silly gunzTarPerm extractEntry node_modules/socks/build/common/util.js
1586 silly gunzTarPerm extractEntry node_modules/chalk/source/utilities.js
1587 silly gunzTarPerm extractEntry node_modules/@sigstore/bundle/dist/utility.js
1588 silly gunzTarPerm extractEntry node_modules/@npmcli/git/lib/utils.js
1589 silly gunzTarPerm extractEntry node_modules/@npmcli/redact/lib/utils.js
1590 silly gunzTarPerm extractEntry node_modules/@pkgjs/parseargs/utils.js
1591 silly gunzTarPerm extractEntry node_modules/smart-buffer/build/utils.js
1592 silly gunzTarPerm extractEntry node_modules/tinyglobby/node_modules/fdir/dist/utils.js
1593 silly gunzTarPerm extractEntry node_modules/tinyglobby/node_modules/picomatch/lib/utils.js
1594 silly gunzTarPerm extractEntry node_modules/semver/functions/valid.js
1595 silly gunzTarPerm extractEntry node_modules/semver/ranges/valid.js
1596 silly gunzTarPerm extractEntry lib/cli/validate-engines.js
1597 silly gunzTarPerm extractEntry lib/utils/validate-lockfile.js
1598 silly gunzTarPerm extractEntry node_modules/@npmcli/run-script/lib/validate-options.js
1599 silly gunzTarPerm extractEntry node_modules/@sigstore/bundle/dist/validate.js
1600 silly gunzTarPerm extractEntry node_modules/@pkgjs/parseargs/internal/validators.js
1601 silly gunzTarPerm extractEntry node_modules/@sigstore/verify/dist/verifier.js
1602 silly gunzTarPerm extractEntry lib/utils/verify-signatures.js
1603 silly gunzTarPerm extractEntry node_modules/@tufjs/models/dist/utils/verify.js
1604 silly gunzTarPerm extractEntry node_modules/cacache/lib/verify.js
1605 silly gunzTarPerm extractEntry node_modules/@npmcli/arborist/lib/version-from-tgz.js
1606 silly gunzTarPerm extractEntry lib/commands/version.js
1607 silly gunzTarPerm extractEntry node_modules/libnpmversion/lib/version.js
1608 silly gunzTarPerm extractEntry lib/commands/view.js
1609 silly gunzTarPerm extractEntry node_modules/@npmcli/arborist/bin/virtual.js
1610 silly gunzTarPerm extractEntry node_modules/@npmcli/arborist/lib/vuln.js
1611 silly gunzTarPerm extractEntry node_modules/tinyglobby/node_modules/fdir/dist/api/functions/walk-directory.js
1612 silly gunzTarPerm extractEntry node_modules/glob/dist/commonjs/walker.js
1613 silly gunzTarPerm extractEntry node_modules/glob/dist/esm/walker.js
1614 silly gunzTarPerm extractEntry node_modules/tinyglobby/node_modules/fdir/dist/api/walker.js
1615 silly gunzTarPerm extractEntry node_modules/cacache/node_modules/tar/dist/commonjs/warn-method.js
1616 silly gunzTarPerm extractEntry node_modules/cacache/node_modules/tar/dist/esm/warn-method.js
1617 silly gunzTarPerm extractEntry node_modules/node-gyp/node_modules/tar/dist/commonjs/warn-method.js
1618 silly gunzTarPerm extractEntry node_modules/node-gyp/node_modules/tar/dist/esm/warn-method.js
1619 silly gunzTarPerm extractEntry node_modules/tar/lib/warn-mixin.js
1620 silly gunzTarPerm extractEntry node_modules/foreground-child/dist/commonjs/watchdog.js
1621 silly gunzTarPerm extractEntry node_modules/foreground-child/dist/esm/watchdog.js
1622 silly gunzTarPerm extractEntry node_modules/@npmcli/git/lib/which.js
1623 silly gunzTarPerm extractEntry node_modules/cross-spawn/node_modules/which/which.js
1624 silly gunzTarPerm extractEntry node_modules/which/bin/which.js
1625 silly gunzTarPerm extractEntry lib/commands/whoami.js
1626 silly gunzTarPerm extractEntry node_modules/which/node_modules/isexe/dist/cjs/win32.js
1627 silly gunzTarPerm extractEntry node_modules/which/node_modules/isexe/dist/mjs/win32.js
1628 silly gunzTarPerm extractEntry node_modules/cacache/node_modules/tar/dist/commonjs/winchars.js
1629 silly gunzTarPerm extractEntry node_modules/cacache/node_modules/tar/dist/esm/winchars.js
1630 silly gunzTarPerm extractEntry node_modules/node-gyp/node_modules/tar/dist/commonjs/winchars.js
1631 silly gunzTarPerm extractEntry node_modules/node-gyp/node_modules/tar/dist/esm/winchars.js
1632 silly gunzTarPerm extractEntry node_modules/tar/lib/winchars.js
1633 silly gunzTarPerm extractEntry node_modules/isexe/windows.js
1634 silly gunzTarPerm extractEntry node_modules/@npmcli/fs/lib/with-temp-dir.js
1635 silly gunzTarPerm extractEntry node_modules/@sigstore/sign/dist/witness/witness.js
1636 silly gunzTarPerm extractEntry node_modules/diff/lib/diff/word.js
1637 silly gunzTarPerm extractEntry node_modules/cacache/node_modules/tar/dist/commonjs/write-entry.js
1638 silly gunzTarPerm extractEntry node_modules/cacache/node_modules/tar/dist/esm/write-entry.js
1639 silly gunzTarPerm extractEntry node_modules/node-gyp/node_modules/tar/dist/commonjs/write-entry.js
1640 silly gunzTarPerm extractEntry node_modules/node-gyp/node_modules/tar/dist/esm/write-entry.js
1641 silly gunzTarPerm extractEntry node_modules/tar/lib/write-entry.js
1642 silly gunzTarPerm extractEntry node_modules/libnpmversion/lib/write-json.js
1643 silly gunzTarPerm extractEntry node_modules/cacache/lib/content/write.js
1644 silly gunzTarPerm extractEntry node_modules/diff/lib/convert/xml.js
1645 silly gunzTarPerm extractEntry node_modules/yallist/yallist.js
1646 silly gunzTarPerm extractEntry node_modules/@npmcli/arborist/lib/yarn-lock.js
1647 silly gunzTarPerm extractEntry node_modules/node-gyp/.release-please-manifest.json
1648 silly gunzTarPerm extractEntry node_modules/node-gyp/gyp/.release-please-manifest.json
1649 silly gunzTarPerm extractEntry node_modules/jsonparse/samplejson/basic.json
1650 silly gunzTarPerm extractEntry node_modules/jsonparse/samplejson/basic2.json
1651 silly gunzTarPerm extractEntry node_modules/iconv-lite/encodings/tables/big5-added.json
1652 silly gunzTarPerm extractEntry node_modules/binary-extensions/binary-extensions.json
1653 silly gunzTarPerm extractEntry node_modules/err-code/bower.json
1654 silly gunzTarPerm extractEntry node_modules/iconv-lite/encodings/tables/cp936.json
1655 silly gunzTarPerm extractEntry node_modules/iconv-lite/encodings/tables/cp949.json
1656 silly gunzTarPerm extractEntry node_modules/iconv-lite/encodings/tables/cp950.json
1657 silly gunzTarPerm extractEntry node_modules/spdx-exceptions/deprecated.json
1658 silly gunzTarPerm extractEntry node_modules/spdx-license-ids/deprecated.json
1659 silly gunzTarPerm extractEntry node_modules/iconv-lite/encodings/tables/eucjp.json
1660 silly gunzTarPerm extractEntry node_modules/iconv-lite/encodings/tables/gb18030-ranges.json
1661 silly gunzTarPerm extractEntry node_modules/iconv-lite/encodings/tables/gbk-added.json
1662 silly gunzTarPerm extractEntry node_modules/spdx-exceptions/index.json
1663 silly gunzTarPerm extractEntry node_modules/spdx-license-ids/index.json
1664 silly gunzTarPerm extractEntry node_modules/@isaacs/cliui/node_modules/ansi-regex/package.json
1665 silly gunzTarPerm extractEntry node_modules/@isaacs/cliui/node_modules/emoji-regex/package.json
1666 silly gunzTarPerm extractEntry node_modules/@isaacs/cliui/node_modules/string-width/package.json
1667 silly gunzTarPerm extractEntry node_modules/@isaacs/cliui/node_modules/strip-ansi/package.json
1668 silly gunzTarPerm extractEntry node_modules/@isaacs/cliui/package.json
1669 silly gunzTarPerm extractEntry node_modules/@isaacs/fs-minipass/dist/commonjs/package.json
1670 silly gunzTarPerm extractEntry node_modules/@isaacs/fs-minipass/dist/esm/package.json
1671 silly gunzTarPerm extractEntry node_modules/@isaacs/fs-minipass/package.json
1672 silly gunzTarPerm extractEntry node_modules/@isaacs/string-locale-compare/package.json
1673 silly gunzTarPerm extractEntry node_modules/@npmcli/agent/package.json
1674 silly gunzTarPerm extractEntry node_modules/@npmcli/arborist/package.json
1675 silly gunzTarPerm extractEntry node_modules/@npmcli/config/package.json
1676 silly gunzTarPerm extractEntry node_modules/@npmcli/fs/package.json
1677 silly gunzTarPerm extractEntry node_modules/@npmcli/git/package.json
1678 silly gunzTarPerm extractEntry node_modules/@npmcli/installed-package-contents/package.json
1679 silly gunzTarPerm extractEntry node_modules/@npmcli/map-workspaces/package.json
1680 silly gunzTarPerm extractEntry node_modules/@npmcli/metavuln-calculator/package.json
1681 silly gunzTarPerm extractEntry node_modules/@npmcli/name-from-folder/package.json
1682 silly gunzTarPerm extractEntry node_modules/@npmcli/node-gyp/package.json
1683 silly gunzTarPerm extractEntry node_modules/@npmcli/package-json/package.json
1684 silly gunzTarPerm extractEntry node_modules/@npmcli/promise-spawn/package.json
1685 silly gunzTarPerm extractEntry node_modules/@npmcli/query/package.json
1686 silly gunzTarPerm extractEntry node_modules/@npmcli/redact/package.json
1687 silly gunzTarPerm extractEntry node_modules/@npmcli/run-script/package.json
1688 silly gunzTarPerm extractEntry node_modules/@pkgjs/parseargs/package.json
1689 silly gunzTarPerm extractEntry node_modules/@sigstore/bundle/package.json
1690 silly gunzTarPerm extractEntry node_modules/@sigstore/core/package.json
1691 silly gunzTarPerm extractEntry node_modules/@sigstore/protobuf-specs/package.json
1692 silly gunzTarPerm extractEntry node_modules/@sigstore/sign/package.json
1693 silly gunzTarPerm extractEntry node_modules/@sigstore/tuf/package.json
1694 silly gunzTarPerm extractEntry node_modules/@sigstore/verify/package.json
1695 silly gunzTarPerm extractEntry node_modules/@tufjs/canonical-json/package.json
1696 silly gunzTarPerm extractEntry node_modules/@tufjs/models/package.json
1697 silly gunzTarPerm extractEntry node_modules/abbrev/package.json
1698 silly gunzTarPerm extractEntry node_modules/agent-base/package.json
1699 silly gunzTarPerm extractEntry node_modules/ansi-regex/package.json
1700 silly gunzTarPerm extractEntry node_modules/ansi-styles/package.json
1701 silly gunzTarPerm extractEntry node_modules/aproba/package.json
1702 silly gunzTarPerm extractEntry node_modules/archy/package.json
1703 silly gunzTarPerm extractEntry node_modules/balanced-match/package.json
1704 silly gunzTarPerm extractEntry node_modules/bin-links/package.json
1705 silly gunzTarPerm extractEntry node_modules/binary-extensions/package.json
1706 silly gunzTarPerm extractEntry node_modules/brace-expansion/package.json
1707 silly gunzTarPerm extractEntry node_modules/cacache/node_modules/chownr/dist/commonjs/package.json
1708 silly gunzTarPerm extractEntry node_modules/cacache/node_modules/chownr/dist/esm/package.json
1709 silly gunzTarPerm extractEntry node_modules/cacache/node_modules/chownr/package.json
1710 silly gunzTarPerm extractEntry node_modules/cacache/node_modules/minizlib/dist/commonjs/package.json
1711 silly gunzTarPerm extractEntry node_modules/cacache/node_modules/minizlib/dist/esm/package.json
1712 silly gunzTarPerm extractEntry node_modules/cacache/node_modules/minizlib/package.json
1713 silly gunzTarPerm extractEntry node_modules/cacache/node_modules/mkdirp/dist/cjs/package.json
1714 silly gunzTarPerm extractEntry node_modules/cacache/node_modules/mkdirp/dist/mjs/package.json
1715 silly gunzTarPerm extractEntry node_modules/cacache/node_modules/mkdirp/package.json
1716 silly gunzTarPerm extractEntry node_modules/cacache/node_modules/tar/dist/commonjs/package.json
1717 silly gunzTarPerm extractEntry node_modules/cacache/node_modules/tar/dist/esm/package.json
1718 silly gunzTarPerm extractEntry node_modules/cacache/node_modules/tar/package.json
1719 silly gunzTarPerm extractEntry node_modules/cacache/node_modules/yallist/dist/commonjs/package.json
1720 silly gunzTarPerm extractEntry node_modules/cacache/node_modules/yallist/dist/esm/package.json
1721 silly gunzTarPerm extractEntry node_modules/cacache/node_modules/yallist/package.json
1722 silly gunzTarPerm extractEntry node_modules/cacache/package.json
1723 silly gunzTarPerm extractEntry node_modules/chalk/package.json
1724 silly gunzTarPerm extractEntry node_modules/chownr/package.json
1725 silly gunzTarPerm extractEntry node_modules/ci-info/package.json
1726 silly gunzTarPerm extractEntry node_modules/cidr-regex/package.json
1727 silly gunzTarPerm extractEntry node_modules/cli-columns/package.json
1728 silly gunzTarPerm extractEntry node_modules/cmd-shim/package.json
1729 silly gunzTarPerm extractEntry node_modules/color-convert/package.json
1730 silly gunzTarPerm extractEntry node_modules/color-name/package.json
1731 silly gunzTarPerm extractEntry node_modules/common-ancestor-path/package.json
1732 silly gunzTarPerm extractEntry node_modules/cross-spawn/node_modules/which/package.json
1733 silly gunzTarPerm extractEntry node_modules/cross-spawn/package.json
1734 silly gunzTarPerm extractEntry node_modules/cssesc/package.json
1735 silly gunzTarPerm extractEntry node_modules/debug/package.json
1736 silly gunzTarPerm extractEntry node_modules/diff/package.json
1737 silly gunzTarPerm extractEntry node_modules/eastasianwidth/package.json
1738 silly gunzTarPerm extractEntry node_modules/emoji-regex/package.json
1739 silly gunzTarPerm extractEntry node_modules/encoding/package.json
1740 silly gunzTarPerm extractEntry node_modules/env-paths/package.json
1741 silly gunzTarPerm extractEntry node_modules/err-code/package.json
1742 silly gunzTarPerm extractEntry node_modules/exponential-backoff/package.json
1743 silly gunzTarPerm extractEntry node_modules/fastest-levenshtein/package.json
1744 silly gunzTarPerm extractEntry node_modules/foreground-child/dist/commonjs/package.json
1745 silly gunzTarPerm extractEntry node_modules/foreground-child/dist/esm/package.json
1746 silly gunzTarPerm extractEntry node_modules/foreground-child/package.json
1747 silly gunzTarPerm extractEntry node_modules/fs-minipass/package.json
1748 silly gunzTarPerm extractEntry node_modules/glob/dist/commonjs/package.json
1749 silly gunzTarPerm extractEntry node_modules/glob/dist/esm/package.json
1750 silly gunzTarPerm extractEntry node_modules/glob/package.json
1751 silly gunzTarPerm extractEntry node_modules/graceful-fs/package.json
1752 silly gunzTarPerm extractEntry node_modules/hosted-git-info/package.json
1753 silly gunzTarPerm extractEntry node_modules/http-cache-semantics/package.json
1754 silly gunzTarPerm extractEntry node_modules/http-proxy-agent/package.json
1755 silly gunzTarPerm extractEntry node_modules/https-proxy-agent/package.json
1756 silly gunzTarPerm extractEntry node_modules/iconv-lite/package.json
1757 silly gunzTarPerm extractEntry node_modules/ignore-walk/package.json
1758 silly gunzTarPerm extractEntry node_modules/imurmurhash/package.json
1759 silly gunzTarPerm extractEntry node_modules/ini/package.json
1760 silly gunzTarPerm extractEntry node_modules/init-package-json/package.json
1761 silly gunzTarPerm extractEntry node_modules/ip-address/package.json
1762 silly gunzTarPerm extractEntry node_modules/ip-regex/package.json
1763 silly gunzTarPerm extractEntry node_modules/is-cidr/package.json
1764 silly gunzTarPerm extractEntry node_modules/is-fullwidth-code-point/package.json
1765 silly gunzTarPerm extractEntry node_modules/isexe/package.json
1766 silly gunzTarPerm extractEntry node_modules/jackspeak/dist/commonjs/package.json
1767 silly gunzTarPerm extractEntry node_modules/jackspeak/dist/esm/package.json
1768 silly gunzTarPerm extractEntry node_modules/jackspeak/package.json
1769 silly gunzTarPerm extractEntry node_modules/jsbn/package.json
1770 silly gunzTarPerm extractEntry node_modules/json-parse-even-better-errors/package.json
1771 silly gunzTarPerm extractEntry node_modules/json-stringify-nice/package.json
1772 silly gunzTarPerm extractEntry node_modules/jsonparse/package.json
1773 silly gunzTarPerm extractEntry node_modules/just-diff-apply/package.json
1774 silly gunzTarPerm extractEntry node_modules/just-diff/package.json
1775 silly gunzTarPerm extractEntry node_modules/libnpmaccess/package.json
1776 silly gunzTarPerm extractEntry node_modules/libnpmdiff/package.json
1777 silly gunzTarPerm extractEntry node_modules/libnpmexec/package.json
1778 silly gunzTarPerm extractEntry node_modules/libnpmfund/package.json
1779 silly gunzTarPerm extractEntry node_modules/libnpmorg/package.json
1780 silly gunzTarPerm extractEntry node_modules/libnpmpack/package.json
1781 silly gunzTarPerm extractEntry node_modules/libnpmpublish/package.json
1782 silly gunzTarPerm extractEntry node_modules/libnpmsearch/package.json
1783 silly gunzTarPerm extractEntry node_modules/libnpmteam/package.json
1784 silly gunzTarPerm extractEntry node_modules/libnpmversion/package.json
1785 silly gunzTarPerm extractEntry node_modules/lru-cache/dist/commonjs/package.json
1786 silly gunzTarPerm extractEntry node_modules/lru-cache/dist/esm/package.json
1787 silly gunzTarPerm extractEntry node_modules/lru-cache/package.json
1788 silly gunzTarPerm extractEntry node_modules/make-fetch-happen/node_modules/negotiator/package.json
1789 silly gunzTarPerm extractEntry node_modules/make-fetch-happen/package.json
1790 silly gunzTarPerm extractEntry node_modules/minimatch/dist/commonjs/package.json
1791 silly gunzTarPerm extractEntry node_modules/minimatch/dist/esm/package.json
1792 silly gunzTarPerm extractEntry node_modules/minimatch/package.json
1793 silly gunzTarPerm extractEntry node_modules/minipass-collect/package.json
1794 silly gunzTarPerm extractEntry node_modules/minipass-fetch/node_modules/minizlib/dist/commonjs/package.json
1795 silly gunzTarPerm extractEntry node_modules/minipass-fetch/node_modules/minizlib/dist/esm/package.json
1796 silly gunzTarPerm extractEntry node_modules/minipass-fetch/node_modules/minizlib/package.json
1797 silly gunzTarPerm extractEntry node_modules/minipass-fetch/package.json
1798 silly gunzTarPerm extractEntry node_modules/minipass-flush/node_modules/minipass/package.json
1799 silly gunzTarPerm extractEntry node_modules/minipass-flush/package.json
1800 silly gunzTarPerm extractEntry node_modules/minipass-pipeline/node_modules/minipass/package.json
1801 silly gunzTarPerm extractEntry node_modules/minipass-pipeline/package.json
1802 silly gunzTarPerm extractEntry node_modules/minipass-sized/node_modules/minipass/package.json
1803 silly gunzTarPerm extractEntry node_modules/minipass-sized/package.json
1804 silly gunzTarPerm extractEntry node_modules/minipass/dist/commonjs/package.json
1805 silly gunzTarPerm extractEntry node_modules/minipass/dist/esm/package.json
1806 silly gunzTarPerm extractEntry node_modules/minipass/package.json
1807 silly gunzTarPerm extractEntry node_modules/minizlib/node_modules/minipass/package.json
1808 silly gunzTarPerm extractEntry node_modules/minizlib/package.json
1809 silly gunzTarPerm extractEntry node_modules/mkdirp/package.json
1810 silly gunzTarPerm extractEntry node_modules/ms/package.json
1811 silly gunzTarPerm extractEntry node_modules/mute-stream/package.json
1812 silly gunzTarPerm extractEntry node_modules/node-gyp/node_modules/chownr/dist/commonjs/package.json
1813 silly gunzTarPerm extractEntry node_modules/node-gyp/node_modules/chownr/dist/esm/package.json
1814 silly gunzTarPerm extractEntry node_modules/node-gyp/node_modules/chownr/package.json
1815 silly gunzTarPerm extractEntry node_modules/node-gyp/node_modules/minizlib/dist/commonjs/package.json
1816 silly gunzTarPerm extractEntry node_modules/node-gyp/node_modules/minizlib/dist/esm/package.json
1817 silly gunzTarPerm extractEntry node_modules/node-gyp/node_modules/minizlib/package.json
1818 silly gunzTarPerm extractEntry node_modules/node-gyp/node_modules/mkdirp/dist/cjs/package.json
1819 silly gunzTarPerm extractEntry node_modules/node-gyp/node_modules/mkdirp/dist/mjs/package.json
1820 silly gunzTarPerm extractEntry node_modules/node-gyp/node_modules/mkdirp/package.json
1821 silly gunzTarPerm extractEntry node_modules/node-gyp/node_modules/tar/dist/commonjs/package.json
1822 silly gunzTarPerm extractEntry node_modules/node-gyp/node_modules/tar/dist/esm/package.json
1823 silly gunzTarPerm extractEntry node_modules/node-gyp/node_modules/tar/package.json
1824 silly gunzTarPerm extractEntry node_modules/node-gyp/node_modules/yallist/dist/commonjs/package.json
1825 silly gunzTarPerm extractEntry node_modules/node-gyp/node_modules/yallist/dist/esm/package.json
1826 silly gunzTarPerm extractEntry node_modules/node-gyp/node_modules/yallist/package.json
1827 silly gunzTarPerm extractEntry node_modules/node-gyp/package.json
1828 silly gunzTarPerm extractEntry node_modules/nopt/package.json
1829 silly gunzTarPerm extractEntry node_modules/normalize-package-data/package.json
1830 silly gunzTarPerm extractEntry node_modules/npm-audit-report/package.json
1831 silly gunzTarPerm extractEntry node_modules/npm-bundled/package.json
1832 silly gunzTarPerm extractEntry node_modules/npm-install-checks/package.json
1833 silly gunzTarPerm extractEntry node_modules/npm-normalize-package-bin/package.json
1834 silly gunzTarPerm extractEntry node_modules/npm-package-arg/package.json
1835 silly gunzTarPerm extractEntry node_modules/npm-packlist/package.json
1836 silly gunzTarPerm extractEntry node_modules/npm-pick-manifest/package.json
1837 silly gunzTarPerm extractEntry node_modules/npm-profile/package.json
1838 silly gunzTarPerm extractEntry node_modules/npm-registry-fetch/node_modules/minizlib/dist/commonjs/package.json
1839 silly gunzTarPerm extractEntry node_modules/npm-registry-fetch/node_modules/minizlib/dist/esm/package.json
1840 silly gunzTarPerm extractEntry node_modules/npm-registry-fetch/node_modules/minizlib/package.json
1841 silly gunzTarPerm extractEntry node_modules/npm-registry-fetch/package.json
1842 silly gunzTarPerm extractEntry node_modules/npm-user-validate/package.json
1843 silly gunzTarPerm extractEntry node_modules/p-map/package.json
1844 silly gunzTarPerm extractEntry node_modules/package-json-from-dist/dist/commonjs/package.json
1845 silly gunzTarPerm extractEntry node_modules/package-json-from-dist/dist/esm/package.json
1846 silly gunzTarPerm extractEntry node_modules/package-json-from-dist/package.json
1847 silly gunzTarPerm extractEntry node_modules/pacote/package.json
1848 silly gunzTarPerm extractEntry node_modules/parse-conflict-json/package.json
1849 silly gunzTarPerm extractEntry node_modules/path-key/package.json
1850 silly gunzTarPerm extractEntry node_modules/path-scurry/dist/commonjs/package.json
1851 silly gunzTarPerm extractEntry node_modules/path-scurry/dist/esm/package.json
1852 silly gunzTarPerm extractEntry node_modules/path-scurry/package.json
1853 silly gunzTarPerm extractEntry node_modules/postcss-selector-parser/package.json
1854 silly gunzTarPerm extractEntry node_modules/proc-log/package.json
1855 silly gunzTarPerm extractEntry node_modules/proggy/package.json
1856 silly gunzTarPerm extractEntry node_modules/promise-all-reject-late/package.json
1857 silly gunzTarPerm extractEntry node_modules/promise-call-limit/dist/commonjs/package.json
1858 silly gunzTarPerm extractEntry node_modules/promise-call-limit/dist/esm/package.json
1859 silly gunzTarPerm extractEntry node_modules/promise-call-limit/package.json
1860 silly gunzTarPerm extractEntry node_modules/promise-retry/package.json
1861 silly gunzTarPerm extractEntry node_modules/promzard/package.json
1862 silly gunzTarPerm extractEntry node_modules/qrcode-terminal/package.json
1863 silly gunzTarPerm extractEntry node_modules/read-cmd-shim/package.json
1864 silly gunzTarPerm extractEntry node_modules/read-package-json-fast/package.json
1865 silly gunzTarPerm extractEntry node_modules/read/dist/commonjs/package.json
1866 silly gunzTarPerm extractEntry node_modules/read/dist/esm/package.json
1867 silly gunzTarPerm extractEntry node_modules/read/package.json
1868 silly gunzTarPerm extractEntry node_modules/retry/package.json
1869 silly gunzTarPerm extractEntry node_modules/safer-buffer/package.json
1870 silly gunzTarPerm extractEntry node_modules/semver/package.json
1871 silly gunzTarPerm extractEntry node_modules/shebang-command/package.json
1872 silly gunzTarPerm extractEntry node_modules/shebang-regex/package.json
1873 silly gunzTarPerm extractEntry node_modules/signal-exit/dist/cjs/package.json
1874 silly gunzTarPerm extractEntry node_modules/signal-exit/dist/mjs/package.json
1875 silly gunzTarPerm extractEntry node_modules/signal-exit/package.json
1876 silly gunzTarPerm extractEntry node_modules/sigstore/package.json
1877 silly gunzTarPerm extractEntry node_modules/smart-buffer/package.json
1878 silly gunzTarPerm extractEntry node_modules/socks-proxy-agent/package.json
1879 silly gunzTarPerm extractEntry node_modules/socks/package.json
1880 silly gunzTarPerm extractEntry node_modules/spdx-correct/node_modules/spdx-expression-parse/package.json
1881 silly gunzTarPerm extractEntry node_modules/spdx-correct/package.json
1882 silly gunzTarPerm extractEntry node_modules/spdx-exceptions/package.json
1883 silly gunzTarPerm extractEntry node_modules/spdx-expression-parse/package.json
1884 silly gunzTarPerm extractEntry node_modules/spdx-license-ids/package.json
1885 silly gunzTarPerm extractEntry node_modules/sprintf-js/package.json
1886 silly gunzTarPerm extractEntry node_modules/ssri/package.json
1887 silly gunzTarPerm extractEntry node_modules/string-width-cjs/package.json
1888 silly gunzTarPerm extractEntry node_modules/string-width/package.json
1889 silly gunzTarPerm extractEntry node_modules/strip-ansi-cjs/package.json
1890 silly gunzTarPerm extractEntry node_modules/strip-ansi/package.json
1891 silly gunzTarPerm extractEntry node_modules/supports-color/package.json
1892 silly gunzTarPerm extractEntry node_modules/tar/node_modules/fs-minipass/node_modules/minipass/package.json
1893 silly gunzTarPerm extractEntry node_modules/tar/node_modules/fs-minipass/package.json
1894 silly gunzTarPerm extractEntry node_modules/tar/node_modules/minipass/package.json
1895 silly gunzTarPerm extractEntry node_modules/tar/package.json
1896 silly gunzTarPerm extractEntry node_modules/text-table/package.json
1897 silly gunzTarPerm extractEntry node_modules/tiny-relative-date/package.json
1898 silly gunzTarPerm extractEntry node_modules/tinyglobby/node_modules/fdir/package.json
1899 silly gunzTarPerm extractEntry node_modules/tinyglobby/node_modules/picomatch/package.json
1900 silly gunzTarPerm extractEntry node_modules/tinyglobby/package.json
1901 silly gunzTarPerm extractEntry node_modules/treeverse/package.json
1902 silly gunzTarPerm extractEntry node_modules/tuf-js/package.json
1903 silly gunzTarPerm extractEntry node_modules/unique-filename/package.json
1904 silly gunzTarPerm extractEntry node_modules/unique-slug/package.json
1905 silly gunzTarPerm extractEntry node_modules/util-deprecate/package.json
1906 silly gunzTarPerm extractEntry node_modules/validate-npm-package-license/node_modules/spdx-expression-parse/package.json
1907 silly gunzTarPerm extractEntry node_modules/validate-npm-package-license/package.json
1908 silly gunzTarPerm extractEntry node_modules/validate-npm-package-name/package.json
1909 silly gunzTarPerm extractEntry node_modules/walk-up-path/dist/commonjs/package.json
1910 silly gunzTarPerm extractEntry node_modules/walk-up-path/dist/esm/package.json
1911 silly gunzTarPerm extractEntry node_modules/walk-up-path/package.json
1912 silly gunzTarPerm extractEntry node_modules/which/node_modules/isexe/dist/cjs/package.json
1913 silly gunzTarPerm extractEntry node_modules/which/node_modules/isexe/dist/mjs/package.json
1914 silly gunzTarPerm extractEntry node_modules/which/node_modules/isexe/package.json
1915 silly gunzTarPerm extractEntry node_modules/which/package.json
1916 silly gunzTarPerm extractEntry node_modules/wrap-ansi-cjs/node_modules/ansi-styles/package.json
1917 silly gunzTarPerm extractEntry node_modules/wrap-ansi-cjs/package.json
1918 silly gunzTarPerm extractEntry node_modules/wrap-ansi/node_modules/ansi-regex/package.json
1919 silly gunzTarPerm extractEntry node_modules/wrap-ansi/node_modules/emoji-regex/package.json
1920 silly gunzTarPerm extractEntry node_modules/wrap-ansi/node_modules/string-width/package.json
1921 silly gunzTarPerm extractEntry node_modules/wrap-ansi/node_modules/strip-ansi/package.json
1922 silly gunzTarPerm extractEntry node_modules/wrap-ansi/package.json
1923 silly gunzTarPerm extractEntry node_modules/write-file-atomic/package.json
1924 silly gunzTarPerm extractEntry node_modules/yallist/package.json
1925 silly gunzTarPerm extractEntry package.json
1926 silly gunzTarPerm extractEntry node_modules/node-gyp/gyp/release-please-config.json
1927 silly gunzTarPerm extractEntry node_modules/node-gyp/release-please-config.json
1928 silly gunzTarPerm extractEntry node_modules/@sigstore/tuf/seeds.json
1929 silly gunzTarPerm extractEntry node_modules/iconv-lite/encodings/tables/shiftjis.json
1930 silly gunzTarPerm extractEntry node_modules/normalize-package-data/lib/typos.json
1931 silly gunzTarPerm extractEntry node_modules/ci-info/vendors.json
1932 silly gunzTarPerm extractEntry node_modules/normalize-package-data/lib/warning_messages.json
1933 silly gunzTarPerm extractEntry node_modules/glob/dist/esm/bin.d.mts.map
1934 silly gunzTarPerm extractEntry node_modules/cacache/node_modules/mkdirp/dist/cjs/src/bin.d.ts.map
1935 silly gunzTarPerm extractEntry node_modules/node-gyp/node_modules/mkdirp/dist/cjs/src/bin.d.ts.map
1936 silly gunzTarPerm extractEntry node_modules/cacache/node_modules/mkdirp/dist/cjs/src/bin.js.map
1937 silly gunzTarPerm extractEntry node_modules/node-gyp/node_modules/mkdirp/dist/cjs/src/bin.js.map
1938 silly gunzTarPerm extractEntry node_modules/glob/dist/esm/bin.mjs.map
1939 silly gunzTarPerm extractEntry node_modules/cacache/node_modules/mkdirp/dist/cjs/src/find-made.d.ts.map
1940 silly gunzTarPerm extractEntry node_modules/cacache/node_modules/mkdirp/dist/mjs/find-made.d.ts.map
1941 silly gunzTarPerm extractEntry node_modules/node-gyp/node_modules/mkdirp/dist/cjs/src/find-made.d.ts.map
1942 silly gunzTarPerm extractEntry node_modules/node-gyp/node_modules/mkdirp/dist/mjs/find-made.d.ts.map
1943 silly gunzTarPerm extractEntry node_modules/cacache/node_modules/mkdirp/dist/cjs/src/find-made.js.map
1944 silly gunzTarPerm extractEntry node_modules/cacache/node_modules/mkdirp/dist/mjs/find-made.js.map
1945 silly gunzTarPerm extractEntry node_modules/node-gyp/node_modules/mkdirp/dist/cjs/src/find-made.js.map
1946 silly gunzTarPerm extractEntry node_modules/node-gyp/node_modules/mkdirp/dist/mjs/find-made.js.map
1947 silly gunzTarPerm extractEntry node_modules/glob/dist/commonjs/glob.d.ts.map
1948 silly gunzTarPerm extractEntry node_modules/glob/dist/esm/glob.d.ts.map
1949 silly gunzTarPerm extractEntry node_modules/glob/dist/commonjs/glob.js.map
1950 silly gunzTarPerm extractEntry node_modules/glob/dist/esm/glob.js.map
1951 silly gunzTarPerm extractEntry node_modules/glob/dist/commonjs/has-magic.d.ts.map
1952 silly gunzTarPerm extractEntry node_modules/glob/dist/esm/has-magic.d.ts.map
1953 silly gunzTarPerm extractEntry node_modules/glob/dist/commonjs/has-magic.js.map
1954 silly gunzTarPerm extractEntry node_modules/glob/dist/esm/has-magic.js.map
1955 silly gunzTarPerm extractEntry node_modules/glob/dist/commonjs/ignore.d.ts.map
1956 silly gunzTarPerm extractEntry node_modules/glob/dist/esm/ignore.d.ts.map
1957 silly gunzTarPerm extractEntry node_modules/glob/dist/commonjs/ignore.js.map
1958 silly gunzTarPerm extractEntry node_modules/glob/dist/esm/ignore.js.map
1959 silly gunzTarPerm extractEntry node_modules/cacache/node_modules/mkdirp/dist/cjs/src/index.d.ts.map
1960 silly gunzTarPerm extractEntry node_modules/cacache/node_modules/mkdirp/dist/mjs/index.d.ts.map
1961 silly gunzTarPerm extractEntry node_modules/glob/dist/commonjs/index.d.ts.map
1962 silly gunzTarPerm extractEntry node_modules/glob/dist/esm/index.d.ts.map
1963 silly gunzTarPerm extractEntry node_modules/node-gyp/node_modules/mkdirp/dist/cjs/src/index.d.ts.map
1964 silly gunzTarPerm extractEntry node_modules/node-gyp/node_modules/mkdirp/dist/mjs/index.d.ts.map
1965 silly gunzTarPerm extractEntry node_modules/cacache/node_modules/mkdirp/dist/cjs/src/index.js.map
1966 silly gunzTarPerm extractEntry node_modules/cacache/node_modules/mkdirp/dist/mjs/index.js.map
1967 silly gunzTarPerm extractEntry node_modules/glob/dist/commonjs/index.js.map
1968 silly gunzTarPerm extractEntry node_modules/glob/dist/esm/index.js.map
1969 silly gunzTarPerm extractEntry node_modules/node-gyp/node_modules/mkdirp/dist/cjs/src/index.js.map
1970 silly gunzTarPerm extractEntry node_modules/node-gyp/node_modules/mkdirp/dist/mjs/index.js.map
1971 silly gunzTarPerm extractEntry node_modules/cacache/node_modules/mkdirp/dist/cjs/src/mkdirp-manual.d.ts.map
1972 silly gunzTarPerm extractEntry node_modules/cacache/node_modules/mkdirp/dist/mjs/mkdirp-manual.d.ts.map
1973 silly gunzTarPerm extractEntry node_modules/node-gyp/node_modules/mkdirp/dist/cjs/src/mkdirp-manual.d.ts.map
1974 silly gunzTarPerm extractEntry node_modules/node-gyp/node_modules/mkdirp/dist/mjs/mkdirp-manual.d.ts.map
1975 silly gunzTarPerm extractEntry node_modules/cacache/node_modules/mkdirp/dist/cjs/src/mkdirp-manual.js.map
1976 silly gunzTarPerm extractEntry node_modules/cacache/node_modules/mkdirp/dist/mjs/mkdirp-manual.js.map
1977 silly gunzTarPerm extractEntry node_modules/node-gyp/node_modules/mkdirp/dist/cjs/src/mkdirp-manual.js.map
1978 silly gunzTarPerm extractEntry node_modules/node-gyp/node_modules/mkdirp/dist/mjs/mkdirp-manual.js.map
1979 silly gunzTarPerm extractEntry node_modules/cacache/node_modules/mkdirp/dist/cjs/src/mkdirp-native.d.ts.map
1980 silly gunzTarPerm extractEntry node_modules/cacache/node_modules/mkdirp/dist/mjs/mkdirp-native.d.ts.map
1981 silly gunzTarPerm extractEntry node_modules/node-gyp/node_modules/mkdirp/dist/cjs/src/mkdirp-native.d.ts.map
1982 silly gunzTarPerm extractEntry node_modules/node-gyp/node_modules/mkdirp/dist/mjs/mkdirp-native.d.ts.map
1983 silly gunzTarPerm extractEntry node_modules/cacache/node_modules/mkdirp/dist/cjs/src/mkdirp-native.js.map
1984 silly gunzTarPerm extractEntry node_modules/cacache/node_modules/mkdirp/dist/mjs/mkdirp-native.js.map
1985 silly gunzTarPerm extractEntry node_modules/node-gyp/node_modules/mkdirp/dist/cjs/src/mkdirp-native.js.map
1986 silly gunzTarPerm extractEntry node_modules/node-gyp/node_modules/mkdirp/dist/mjs/mkdirp-native.js.map
1987 silly gunzTarPerm extractEntry node_modules/cacache/node_modules/mkdirp/dist/cjs/src/opts-arg.d.ts.map
1988 silly gunzTarPerm extractEntry node_modules/cacache/node_modules/mkdirp/dist/mjs/opts-arg.d.ts.map
1989 silly gunzTarPerm extractEntry node_modules/node-gyp/node_modules/mkdirp/dist/cjs/src/opts-arg.d.ts.map
1990 silly gunzTarPerm extractEntry node_modules/node-gyp/node_modules/mkdirp/dist/mjs/opts-arg.d.ts.map
1991 silly gunzTarPerm extractEntry node_modules/cacache/node_modules/mkdirp/dist/cjs/src/opts-arg.js.map
1992 silly gunzTarPerm extractEntry node_modules/cacache/node_modules/mkdirp/dist/mjs/opts-arg.js.map
1993 silly gunzTarPerm extractEntry node_modules/node-gyp/node_modules/mkdirp/dist/cjs/src/opts-arg.js.map
1994 silly gunzTarPerm extractEntry node_modules/node-gyp/node_modules/mkdirp/dist/mjs/opts-arg.js.map
1995 silly gunzTarPerm extractEntry node_modules/cacache/node_modules/mkdirp/dist/cjs/src/path-arg.d.ts.map
1996 silly gunzTarPerm extractEntry node_modules/cacache/node_modules/mkdirp/dist/mjs/path-arg.d.ts.map
1997 silly gunzTarPerm extractEntry node_modules/node-gyp/node_modules/mkdirp/dist/cjs/src/path-arg.d.ts.map
1998 silly gunzTarPerm extractEntry node_modules/node-gyp/node_modules/mkdirp/dist/mjs/path-arg.d.ts.map
1999 silly gunzTarPerm extractEntry node_modules/cacache/node_modules/mkdirp/dist/cjs/src/path-arg.js.map
2000 silly gunzTarPerm extractEntry node_modules/cacache/node_modules/mkdirp/dist/mjs/path-arg.js.map
2001 silly gunzTarPerm extractEntry node_modules/node-gyp/node_modules/mkdirp/dist/cjs/src/path-arg.js.map
2002 silly gunzTarPerm extractEntry node_modules/node-gyp/node_modules/mkdirp/dist/mjs/path-arg.js.map
2003 silly gunzTarPerm extractEntry node_modules/glob/dist/commonjs/pattern.d.ts.map
2004 silly gunzTarPerm extractEntry node_modules/glob/dist/esm/pattern.d.ts.map
2005 silly gunzTarPerm extractEntry node_modules/glob/dist/commonjs/pattern.js.map
2006 silly gunzTarPerm extractEntry node_modules/glob/dist/esm/pattern.js.map
2007 silly gunzTarPerm extractEntry node_modules/glob/dist/commonjs/processor.d.ts.map
2008 silly gunzTarPerm extractEntry node_modules/glob/dist/esm/processor.d.ts.map
2009 silly gunzTarPerm extractEntry node_modules/glob/dist/commonjs/processor.js.map
2010 silly gunzTarPerm extractEntry node_modules/glob/dist/esm/processor.js.map
2011 silly gunzTarPerm extractEntry node_modules/cacache/node_modules/mkdirp/dist/cjs/src/use-native.d.ts.map
2012 silly gunzTarPerm extractEntry node_modules/cacache/node_modules/mkdirp/dist/mjs/use-native.d.ts.map
2013 silly gunzTarPerm extractEntry node_modules/node-gyp/node_modules/mkdirp/dist/cjs/src/use-native.d.ts.map
2014 silly gunzTarPerm extractEntry node_modules/node-gyp/node_modules/mkdirp/dist/mjs/use-native.d.ts.map
2015 silly gunzTarPerm extractEntry node_modules/cacache/node_modules/mkdirp/dist/cjs/src/use-native.js.map
2016 silly gunzTarPerm extractEntry node_modules/cacache/node_modules/mkdirp/dist/mjs/use-native.js.map
2017 silly gunzTarPerm extractEntry node_modules/node-gyp/node_modules/mkdirp/dist/cjs/src/use-native.js.map
2018 silly gunzTarPerm extractEntry node_modules/node-gyp/node_modules/mkdirp/dist/mjs/use-native.js.map
2019 silly gunzTarPerm extractEntry node_modules/glob/dist/commonjs/walker.d.ts.map
2020 silly gunzTarPerm extractEntry node_modules/glob/dist/esm/walker.d.ts.map
2021 silly gunzTarPerm extractEntry node_modules/glob/dist/commonjs/walker.js.map
2022 silly gunzTarPerm extractEntry node_modules/glob/dist/esm/walker.js.map
2023 silly gunzTarPerm extractEntry node_modules/cacache/node_modules/mkdirp/readme.markdown
2024 silly gunzTarPerm extractEntry node_modules/mkdirp/readme.markdown
2025 silly gunzTarPerm extractEntry node_modules/node-gyp/node_modules/mkdirp/readme.markdown
2026 silly gunzTarPerm extractEntry node_modules/postcss-selector-parser/API.md
2027 silly gunzTarPerm extractEntry node_modules/socks/docs/examples/javascript/associateExample.md
2028 silly gunzTarPerm extractEntry node_modules/socks/docs/examples/typescript/associateExample.md
2029 silly gunzTarPerm extractEntry node_modules/socks/docs/examples/javascript/bindExample.md
2030 silly gunzTarPerm extractEntry node_modules/socks/docs/examples/typescript/bindExample.md
2031 silly gunzTarPerm extractEntry node_modules/node-gyp/CHANGELOG.md
2032 silly gunzTarPerm extractEntry node_modules/node-gyp/CODE_OF_CONDUCT.md
2033 silly gunzTarPerm extractEntry docs/content/using-npm/config.md
2034 silly gunzTarPerm extractEntry node_modules/socks/docs/examples/javascript/connectExample.md
2035 silly gunzTarPerm extractEntry node_modules/socks/docs/examples/typescript/connectExample.md
2036 silly gunzTarPerm extractEntry node_modules/diff/CONTRIBUTING.md
2037 silly gunzTarPerm extractEntry node_modules/node-gyp/CONTRIBUTING.md
2038 silly gunzTarPerm extractEntry node_modules/sprintf-js/CONTRIBUTORS.md
2039 silly gunzTarPerm extractEntry docs/content/using-npm/dependency-selectors.md
2040 silly gunzTarPerm extractEntry docs/content/using-npm/developers.md
2041 silly gunzTarPerm extractEntry docs/content/configuring-npm/folders.md
2042 silly gunzTarPerm extractEntry node_modules/node-gyp/gyp/docs/GypVsCMake.md
2043 silly gunzTarPerm extractEntry node_modules/node-gyp/gyp/docs/Hacking.md
2044 silly gunzTarPerm extractEntry node_modules/make-fetch-happen/node_modules/negotiator/HISTORY.md
2045 silly gunzTarPerm extractEntry node_modules/util-deprecate/History.md
2046 silly gunzTarPerm extractEntry node_modules/socks/docs/examples/index.md
2047 silly gunzTarPerm extractEntry node_modules/socks/docs/index.md
2048 silly gunzTarPerm extractEntry node_modules/node-gyp/gyp/docs/InputFormatReference.md
2049 silly gunzTarPerm extractEntry docs/content/configuring-npm/install.md
2050 silly gunzTarPerm extractEntry node_modules/node-gyp/gyp/docs/LanguageSpecification.md
2051 silly gunzTarPerm extractEntry node_modules/@npmcli/arborist/LICENSE.md
2052 silly gunzTarPerm extractEntry node_modules/@npmcli/fs/LICENSE.md
2053 silly gunzTarPerm extractEntry node_modules/@npmcli/map-workspaces/LICENSE.md
2054 silly gunzTarPerm extractEntry node_modules/balanced-match/LICENSE.md
2055 silly gunzTarPerm extractEntry node_modules/cacache/LICENSE.md
2056 silly gunzTarPerm extractEntry node_modules/cacache/node_modules/chownr/LICENSE.md
2057 silly gunzTarPerm extractEntry node_modules/cacache/node_modules/yallist/LICENSE.md
2058 silly gunzTarPerm extractEntry node_modules/fastest-levenshtein/LICENSE.md
2059 silly gunzTarPerm extractEntry node_modules/init-package-json/LICENSE.md
2060 silly gunzTarPerm extractEntry node_modules/jackspeak/LICENSE.md
2061 silly gunzTarPerm extractEntry node_modules/json-parse-even-better-errors/LICENSE.md
2062 silly gunzTarPerm extractEntry node_modules/ms/license.md
2063 silly gunzTarPerm extractEntry node_modules/node-gyp/node_modules/chownr/LICENSE.md
2064 silly gunzTarPerm extractEntry node_modules/node-gyp/node_modules/yallist/LICENSE.md
2065 silly gunzTarPerm extractEntry node_modules/npm-pick-manifest/LICENSE.md
2066 silly gunzTarPerm extractEntry node_modules/npm-profile/LICENSE.md
2067 silly gunzTarPerm extractEntry node_modules/npm-registry-fetch/LICENSE.md
2068 silly gunzTarPerm extractEntry node_modules/package-json-from-dist/LICENSE.md
2069 silly gunzTarPerm extractEntry node_modules/parse-conflict-json/LICENSE.md
2070 silly gunzTarPerm extractEntry node_modules/path-scurry/LICENSE.md
2071 silly gunzTarPerm extractEntry node_modules/ssri/LICENSE.md
2072 silly gunzTarPerm extractEntry node_modules/tiny-relative-date/LICENSE.md
2073 silly gunzTarPerm extractEntry node_modules/write-file-atomic/LICENSE.md
2074 silly gunzTarPerm extractEntry docs/content/using-npm/logging.md
2075 silly gunzTarPerm extractEntry node_modules/socks/docs/migratingFromV1.md
2076 silly gunzTarPerm extractEntry docs/content/commands/npm-access.md
2077 silly gunzTarPerm extractEntry docs/content/commands/npm-adduser.md
2078 silly gunzTarPerm extractEntry docs/content/commands/npm-audit.md
2079 silly gunzTarPerm extractEntry docs/content/commands/npm-bugs.md
2080 silly gunzTarPerm extractEntry docs/content/commands/npm-cache.md
2081 silly gunzTarPerm extractEntry docs/content/commands/npm-ci.md
2082 silly gunzTarPerm extractEntry docs/content/commands/npm-completion.md
2083 silly gunzTarPerm extractEntry docs/content/commands/npm-config.md
2084 silly gunzTarPerm extractEntry docs/content/commands/npm-dedupe.md
2085 silly gunzTarPerm extractEntry docs/content/commands/npm-deprecate.md
2086 silly gunzTarPerm extractEntry docs/content/commands/npm-diff.md
2087 silly gunzTarPerm extractEntry docs/content/commands/npm-dist-tag.md
2088 silly gunzTarPerm extractEntry docs/content/commands/npm-docs.md
2089 silly gunzTarPerm extractEntry docs/content/commands/npm-doctor.md
2090 silly gunzTarPerm extractEntry docs/content/commands/npm-edit.md
2091 silly gunzTarPerm extractEntry docs/content/commands/npm-exec.md
2092 silly gunzTarPerm extractEntry docs/content/commands/npm-explain.md
2093 silly gunzTarPerm extractEntry docs/content/commands/npm-explore.md
2094 silly gunzTarPerm extractEntry docs/content/commands/npm-find-dupes.md
2095 silly gunzTarPerm extractEntry docs/content/commands/npm-fund.md
2096 silly gunzTarPerm extractEntry docs/content/commands/npm-help-search.md
2097 silly gunzTarPerm extractEntry docs/content/commands/npm-help.md
2098 silly gunzTarPerm extractEntry docs/content/commands/npm-init.md
2099 silly gunzTarPerm extractEntry docs/content/commands/npm-install-ci-test.md
2100 silly gunzTarPerm extractEntry docs/content/commands/npm-install-test.md
2101 silly gunzTarPerm extractEntry docs/content/commands/npm-install.md
2102 silly gunzTarPerm extractEntry docs/content/commands/npm-link.md
2103 silly gunzTarPerm extractEntry docs/content/commands/npm-login.md
2104 silly gunzTarPerm extractEntry docs/content/commands/npm-logout.md
2105 silly gunzTarPerm extractEntry docs/content/commands/npm-ls.md
2106 silly gunzTarPerm extractEntry docs/content/commands/npm-org.md
2107 silly gunzTarPerm extractEntry docs/content/commands/npm-outdated.md
2108 silly gunzTarPerm extractEntry docs/content/commands/npm-owner.md
2109 silly gunzTarPerm extractEntry docs/content/commands/npm-pack.md
2110 silly gunzTarPerm extractEntry docs/content/commands/npm-ping.md
2111 silly gunzTarPerm extractEntry docs/content/commands/npm-pkg.md
2112 silly gunzTarPerm extractEntry docs/content/commands/npm-prefix.md
2113 silly gunzTarPerm extractEntry docs/content/commands/npm-profile.md
2114 silly gunzTarPerm extractEntry docs/content/commands/npm-prune.md
2115 silly gunzTarPerm extractEntry docs/content/commands/npm-publish.md
2116 silly gunzTarPerm extractEntry docs/content/commands/npm-query.md
2117 silly gunzTarPerm extractEntry docs/content/commands/npm-rebuild.md
2118 silly gunzTarPerm extractEntry docs/content/commands/npm-repo.md
2119 silly gunzTarPerm extractEntry docs/content/commands/npm-restart.md
2120 silly gunzTarPerm extractEntry docs/content/commands/npm-root.md
2121 silly gunzTarPerm extractEntry docs/content/commands/npm-run-script.md
2122 silly gunzTarPerm extractEntry docs/content/commands/npm-sbom.md
2123 silly gunzTarPerm extractEntry docs/content/commands/npm-search.md
2124 silly gunzTarPerm extractEntry docs/content/configuring-npm/npm-shrinkwrap-json.md
2125 silly gunzTarPerm extractEntry docs/content/commands/npm-shrinkwrap.md
2126 silly gunzTarPerm extractEntry docs/content/commands/npm-star.md
2127 silly gunzTarPerm extractEntry docs/content/commands/npm-stars.md
2128 silly gunzTarPerm extractEntry docs/content/commands/npm-start.md
2129 silly gunzTarPerm extractEntry docs/content/commands/npm-stop.md
2130 silly gunzTarPerm extractEntry docs/content/commands/npm-team.md
2131 silly gunzTarPerm extractEntry docs/content/commands/npm-test.md
2132 silly gunzTarPerm extractEntry docs/content/commands/npm-token.md
2133 silly gunzTarPerm extractEntry docs/content/commands/npm-undeprecate.md
2134 silly gunzTarPerm extractEntry docs/content/commands/npm-uninstall.md
2135 silly gunzTarPerm extractEntry docs/content/commands/npm-unpublish.md
2136 silly gunzTarPerm extractEntry docs/content/commands/npm-unstar.md
2137 silly gunzTarPerm extractEntry docs/content/commands/npm-update.md
2138 silly gunzTarPerm extractEntry docs/content/commands/npm-version.md
2139 silly gunzTarPerm extractEntry docs/content/commands/npm-view.md
2140 silly gunzTarPerm extractEntry docs/content/commands/npm-whoami.md
2141 silly gunzTarPerm extractEntry docs/content/commands/npm.md
2142 silly gunzTarPerm extractEntry docs/content/configuring-npm/npmrc.md
2143 silly gunzTarPerm extractEntry docs/content/commands/npx.md
2144 silly gunzTarPerm extractEntry docs/content/using-npm/orgs.md
2145 silly gunzTarPerm extractEntry docs/content/configuring-npm/package-json.md
2146 silly gunzTarPerm extractEntry docs/content/configuring-npm/package-lock-json.md
2147 silly gunzTarPerm extractEntry docs/content/using-npm/package-spec.md
2148 silly gunzTarPerm extractEntry node_modules/safer-buffer/Porting-Buffer.md
2149 silly gunzTarPerm extractEntry node_modules/@npmcli/arborist/README.md
2150 silly gunzTarPerm extractEntry node_modules/@npmcli/config/README.md
2151 silly gunzTarPerm extractEntry node_modules/@npmcli/installed-package-contents/README.md
2152 silly gunzTarPerm extractEntry node_modules/cross-spawn/node_modules/which/README.md
2153 silly gunzTarPerm extractEntry node_modules/cssesc/README.md
2154 silly gunzTarPerm extractEntry node_modules/glob/README.md
2155 silly gunzTarPerm extractEntry node_modules/libnpmaccess/README.md
2156 silly gunzTarPerm extractEntry node_modules/libnpmdiff/README.md
2157 silly gunzTarPerm extractEntry node_modules/libnpmexec/README.md
2158 silly gunzTarPerm extractEntry node_modules/libnpmfund/README.md
2159 silly gunzTarPerm extractEntry node_modules/libnpmorg/README.md
2160 silly gunzTarPerm extractEntry node_modules/libnpmpack/README.md
2161 silly gunzTarPerm extractEntry node_modules/libnpmpublish/README.md
2162 silly gunzTarPerm extractEntry node_modules/libnpmsearch/README.md
2163 silly gunzTarPerm extractEntry node_modules/libnpmteam/README.md
2164 silly gunzTarPerm extractEntry node_modules/libnpmversion/README.md
2165 silly gunzTarPerm extractEntry node_modules/node-gyp/gyp/docs/README.md
2166 silly gunzTarPerm extractEntry node_modules/node-gyp/README.md
2167 silly gunzTarPerm extractEntry node_modules/nopt/README.md
2168 silly gunzTarPerm extractEntry node_modules/pacote/README.md
2169 silly gunzTarPerm extractEntry node_modules/qrcode-terminal/README.md
2170 silly gunzTarPerm extractEntry node_modules/semver/README.md
2171 silly gunzTarPerm extractEntry node_modules/which/README.md
2172 silly gunzTarPerm extractEntry README.md
2173 silly gunzTarPerm extractEntry docs/content/using-npm/registry.md
2174 silly gunzTarPerm extractEntry node_modules/diff/release-notes.md
2175 silly gunzTarPerm extractEntry docs/content/using-npm/removal.md
2176 silly gunzTarPerm extractEntry node_modules/smart-buffer/docs/ROADMAP.md
2177 silly gunzTarPerm extractEntry docs/content/using-npm/scope.md
2178 silly gunzTarPerm extractEntry docs/content/using-npm/scripts.md
2179 silly gunzTarPerm extractEntry node_modules/node-gyp/SECURITY.md
2180 silly gunzTarPerm extractEntry node_modules/node-gyp/gyp/docs/Testing.md
2181 silly gunzTarPerm extractEntry node_modules/node-gyp/gyp/docs/UserDocumentation.md
2182 silly gunzTarPerm extractEntry docs/content/using-npm/workspaces.md
2183 silly gunzTarPerm extractEntry node_modules/glob/dist/esm/bin.mjs
2184 silly gunzTarPerm extractEntry node_modules/@isaacs/cliui/index.mjs
2185 silly gunzTarPerm extractEntry node_modules/diff/lib/index.mjs
2186 silly gunzTarPerm extractEntry node_modules/just-diff-apply/index.mjs
2187 silly gunzTarPerm extractEntry node_modules/just-diff/index.mjs
2188 silly gunzTarPerm extractEntry node_modules/tar/node_modules/minipass/index.mjs
2189 silly gunzTarPerm extractEntry node_modules/tinyglobby/dist/index.mjs
2190 silly gunzTarPerm extractEntry node_modules/@pkgjs/parseargs/examples/ordered-options.mjs
2191 silly gunzTarPerm extractEntry node_modules/glob/dist/esm/bin.d.mts
2192 silly gunzTarPerm extractEntry node_modules/tinyglobby/dist/index.d.mts
2193 silly gunzTarPerm extractEntry node_modules/node-gyp/gyp/data/ninja/build.ninja
2194 silly gunzTarPerm extractEntry node_modules/qrcode-terminal/example/basic.png
2195 silly gunzTarPerm extractEntry bin/npm.ps1
2196 silly gunzTarPerm extractEntry bin/npx.ps1
2197 silly gunzTarPerm extractEntry node_modules/node-gyp/gyp/pylib/gyp/__init__.py
2198 silly gunzTarPerm extractEntry node_modules/node-gyp/gyp/pylib/gyp/generator/__init__.py
2199 silly gunzTarPerm extractEntry node_modules/node-gyp/gyp/pylib/packaging/__init__.py
2200 silly gunzTarPerm extractEntry node_modules/node-gyp/gyp/pylib/packaging/_elffile.py
2201 silly gunzTarPerm extractEntry node_modules/node-gyp/gyp/pylib/packaging/_manylinux.py
2202 silly gunzTarPerm extractEntry node_modules/node-gyp/gyp/pylib/packaging/_musllinux.py
2203 silly gunzTarPerm extractEntry node_modules/node-gyp/gyp/pylib/packaging/_parser.py
2204 silly gunzTarPerm extractEntry node_modules/node-gyp/gyp/pylib/packaging/_structures.py
2205 silly gunzTarPerm extractEntry node_modules/node-gyp/gyp/pylib/packaging/_tokenizer.py
2206 silly gunzTarPerm extractEntry node_modules/node-gyp/gyp/pylib/gyp/generator/analyzer.py
2207 silly gunzTarPerm extractEntry node_modules/node-gyp/gyp/pylib/gyp/generator/android.py
2208 silly gunzTarPerm extractEntry node_modules/node-gyp/gyp/pylib/gyp/generator/cmake.py
2209 silly gunzTarPerm extractEntry node_modules/node-gyp/gyp/pylib/gyp/common_test.py
2210 silly gunzTarPerm extractEntry node_modules/node-gyp/gyp/pylib/gyp/common.py
2211 silly gunzTarPerm extractEntry node_modules/node-gyp/gyp/pylib/gyp/generator/compile_commands_json.py
2212 silly gunzTarPerm extractEntry node_modules/node-gyp/gyp/pylib/gyp/generator/dump_dependency_json.py
2213 silly gunzTarPerm extractEntry node_modules/node-gyp/gyp/pylib/gyp/easy_xml_test.py
2214 silly gunzTarPerm extractEntry node_modules/node-gyp/gyp/pylib/gyp/easy_xml.py
2215 silly gunzTarPerm extractEntry node_modules/node-gyp/gyp/pylib/gyp/generator/eclipse.py
2216 silly gunzTarPerm extractEntry node_modules/node-gyp/gyp/pylib/gyp/flock_tool.py
2217 silly gunzTarPerm extractEntry node_modules/node-gyp/gyp/gyp_main.py
2218 silly gunzTarPerm extractEntry node_modules/node-gyp/gyp/pylib/gyp/generator/gypd.py
2219 silly gunzTarPerm extractEntry node_modules/node-gyp/gyp/pylib/gyp/generator/gypsh.py
2220 silly gunzTarPerm extractEntry node_modules/node-gyp/gyp/pylib/gyp/input_test.py
2221 silly gunzTarPerm extractEntry node_modules/node-gyp/gyp/pylib/gyp/input.py
2222 silly gunzTarPerm extractEntry node_modules/node-gyp/gyp/pylib/gyp/mac_tool.py
2223 silly gunzTarPerm extractEntry node_modules/node-gyp/gyp/pylib/gyp/generator/make.py
2224 silly gunzTarPerm extractEntry node_modules/node-gyp/gyp/pylib/packaging/markers.py
2225 silly gunzTarPerm extractEntry node_modules/node-gyp/gyp/pylib/packaging/metadata.py
2226 silly gunzTarPerm extractEntry node_modules/node-gyp/gyp/pylib/gyp/msvs_emulation.py
2227 silly gunzTarPerm extractEntry node_modules/node-gyp/gyp/pylib/gyp/generator/msvs_test.py
2228 silly gunzTarPerm extractEntry node_modules/node-gyp/gyp/pylib/gyp/generator/msvs.py
2229 silly gunzTarPerm extractEntry node_modules/node-gyp/gyp/pylib/gyp/MSVSNew.py
2230 silly gunzTarPerm extractEntry node_modules/node-gyp/gyp/pylib/gyp/MSVSProject.py
2231 silly gunzTarPerm extractEntry node_modules/node-gyp/gyp/pylib/gyp/MSVSSettings_test.py
2232 silly gunzTarPerm extractEntry node_modules/node-gyp/gyp/pylib/gyp/MSVSSettings.py
2233 silly gunzTarPerm extractEntry node_modules/node-gyp/gyp/pylib/gyp/MSVSToolFile.py
2234 silly gunzTarPerm extractEntry node_modules/node-gyp/gyp/pylib/gyp/MSVSUserFile.py
2235 silly gunzTarPerm extractEntry node_modules/node-gyp/gyp/pylib/gyp/MSVSUtil.py
2236 silly gunzTarPerm extractEntry node_modules/node-gyp/gyp/pylib/gyp/MSVSVersion.py
2237 silly gunzTarPerm extractEntry node_modules/node-gyp/gyp/pylib/gyp/ninja_syntax.py
2238 silly gunzTarPerm extractEntry node_modules/node-gyp/gyp/pylib/gyp/generator/ninja_test.py
2239 silly gunzTarPerm extractEntry node_modules/node-gyp/gyp/pylib/gyp/generator/ninja.py
2240 silly gunzTarPerm extractEntry node_modules/node-gyp/gyp/pylib/packaging/requirements.py
2241 silly gunzTarPerm extractEntry node_modules/node-gyp/gyp/pylib/gyp/simple_copy.py
2242 silly gunzTarPerm extractEntry node_modules/node-gyp/gyp/pylib/packaging/specifiers.py
2243 silly gunzTarPerm extractEntry node_modules/node-gyp/gyp/pylib/packaging/tags.py
2244 silly gunzTarPerm extractEntry node_modules/node-gyp/gyp/test_gyp.py
2245 silly gunzTarPerm extractEntry node_modules/node-gyp/gyp/pylib/packaging/utils.py
2246 silly gunzTarPerm extractEntry node_modules/node-gyp/gyp/pylib/packaging/version.py
2247 silly gunzTarPerm extractEntry node_modules/node-gyp/gyp/pylib/gyp/win_tool.py
2248 silly gunzTarPerm extractEntry node_modules/node-gyp/gyp/pylib/gyp/xcode_emulation_test.py
2249 silly gunzTarPerm extractEntry node_modules/node-gyp/gyp/pylib/gyp/xcode_emulation.py
2250 silly gunzTarPerm extractEntry node_modules/node-gyp/gyp/pylib/gyp/xcode_ninja.py
2251 silly gunzTarPerm extractEntry node_modules/node-gyp/gyp/pylib/gyp/generator/xcode_test.py
2252 silly gunzTarPerm extractEntry node_modules/node-gyp/gyp/pylib/gyp/generator/xcode.py
2253 silly gunzTarPerm extractEntry node_modules/node-gyp/gyp/pylib/gyp/xcodeproj_file.py
2254 silly gunzTarPerm extractEntry node_modules/node-gyp/gyp/pylib/gyp/xml_fix.py
2255 silly gunzTarPerm extractEntry lib/utils/completion.sh
2256 silly gunzTarPerm extractEntry node_modules/node-gyp/macOS_Catalina_acid_test.sh
2257 silly gunzTarPerm extractEntry node_modules/node-gyp/gyp/pyproject.toml
2258 silly gunzTarPerm extractEntry node_modules/cacache/node_modules/mkdirp/dist/cjs/src/bin.d.ts
2259 silly gunzTarPerm extractEntry node_modules/node-gyp/node_modules/mkdirp/dist/cjs/src/bin.d.ts
2260 silly gunzTarPerm extractEntry node_modules/cacache/node_modules/mkdirp/dist/cjs/src/find-made.d.ts
2261 silly gunzTarPerm extractEntry node_modules/cacache/node_modules/mkdirp/dist/mjs/find-made.d.ts
2262 silly gunzTarPerm extractEntry node_modules/node-gyp/node_modules/mkdirp/dist/cjs/src/find-made.d.ts
2263 silly gunzTarPerm extractEntry node_modules/node-gyp/node_modules/mkdirp/dist/mjs/find-made.d.ts
2264 silly gunzTarPerm extractEntry node_modules/glob/dist/commonjs/glob.d.ts
2265 silly gunzTarPerm extractEntry node_modules/glob/dist/esm/glob.d.ts
2266 silly gunzTarPerm extractEntry node_modules/glob/dist/commonjs/has-magic.d.ts
2267 silly gunzTarPerm extractEntry node_modules/glob/dist/esm/has-magic.d.ts
2268 silly gunzTarPerm extractEntry node_modules/glob/dist/commonjs/ignore.d.ts
2269 silly gunzTarPerm extractEntry node_modules/glob/dist/esm/ignore.d.ts
2270 silly gunzTarPerm extractEntry node_modules/cacache/node_modules/mkdirp/dist/cjs/src/index.d.ts
2271 silly gunzTarPerm extractEntry node_modules/cacache/node_modules/mkdirp/dist/mjs/index.d.ts
2272 silly gunzTarPerm extractEntry node_modules/glob/dist/commonjs/index.d.ts
2273 silly gunzTarPerm extractEntry node_modules/glob/dist/esm/index.d.ts
2274 silly gunzTarPerm extractEntry node_modules/node-gyp/node_modules/mkdirp/dist/cjs/src/index.d.ts
2275 silly gunzTarPerm extractEntry node_modules/node-gyp/node_modules/mkdirp/dist/mjs/index.d.ts
2276 silly gunzTarPerm extractEntry node_modules/cacache/node_modules/mkdirp/dist/cjs/src/mkdirp-manual.d.ts
2277 silly gunzTarPerm extractEntry node_modules/cacache/node_modules/mkdirp/dist/mjs/mkdirp-manual.d.ts
2278 silly gunzTarPerm extractEntry node_modules/node-gyp/node_modules/mkdirp/dist/cjs/src/mkdirp-manual.d.ts
2279 silly gunzTarPerm extractEntry node_modules/node-gyp/node_modules/mkdirp/dist/mjs/mkdirp-manual.d.ts
2280 silly gunzTarPerm extractEntry node_modules/cacache/node_modules/mkdirp/dist/cjs/src/mkdirp-native.d.ts
2281 silly gunzTarPerm extractEntry node_modules/cacache/node_modules/mkdirp/dist/mjs/mkdirp-native.d.ts
2282 silly gunzTarPerm extractEntry node_modules/node-gyp/node_modules/mkdirp/dist/cjs/src/mkdirp-native.d.ts
2283 silly gunzTarPerm extractEntry node_modules/node-gyp/node_modules/mkdirp/dist/mjs/mkdirp-native.d.ts
2284 silly gunzTarPerm extractEntry node_modules/cacache/node_modules/mkdirp/dist/cjs/src/opts-arg.d.ts
2285 silly gunzTarPerm extractEntry node_modules/cacache/node_modules/mkdirp/dist/mjs/opts-arg.d.ts
2286 silly gunzTarPerm extractEntry node_modules/node-gyp/node_modules/mkdirp/dist/cjs/src/opts-arg.d.ts
2287 silly gunzTarPerm extractEntry node_modules/node-gyp/node_modules/mkdirp/dist/mjs/opts-arg.d.ts
2288 silly gunzTarPerm extractEntry node_modules/cacache/node_modules/mkdirp/dist/cjs/src/path-arg.d.ts
2289 silly gunzTarPerm extractEntry node_modules/cacache/node_modules/mkdirp/dist/mjs/path-arg.d.ts
2290 silly gunzTarPerm extractEntry node_modules/node-gyp/node_modules/mkdirp/dist/cjs/src/path-arg.d.ts
2291 silly gunzTarPerm extractEntry node_modules/node-gyp/node_modules/mkdirp/dist/mjs/path-arg.d.ts
2292 silly gunzTarPerm extractEntry node_modules/glob/dist/commonjs/pattern.d.ts
2293 silly gunzTarPerm extractEntry node_modules/glob/dist/esm/pattern.d.ts
2294 silly gunzTarPerm extractEntry node_modules/glob/dist/commonjs/processor.d.ts
2295 silly gunzTarPerm extractEntry node_modules/glob/dist/esm/processor.d.ts
2296 silly gunzTarPerm extractEntry node_modules/cacache/node_modules/mkdirp/dist/cjs/src/use-native.d.ts
2297 silly gunzTarPerm extractEntry node_modules/cacache/node_modules/mkdirp/dist/mjs/use-native.d.ts
2298 silly gunzTarPerm extractEntry node_modules/node-gyp/node_modules/mkdirp/dist/cjs/src/use-native.d.ts
2299 silly gunzTarPerm extractEntry node_modules/node-gyp/node_modules/mkdirp/dist/mjs/use-native.d.ts
2300 silly gunzTarPerm extractEntry node_modules/glob/dist/commonjs/walker.d.ts
2301 silly gunzTarPerm extractEntry node_modules/glob/dist/esm/walker.d.ts
2302 silly gunzTarPerm extractEntry node_modules/@isaacs/cliui/node_modules/emoji-regex/LICENSE-MIT.txt
2303 silly gunzTarPerm extractEntry node_modules/cssesc/LICENSE-MIT.txt
2304 silly gunzTarPerm extractEntry node_modules/emoji-regex/LICENSE-MIT.txt
2305 silly gunzTarPerm extractEntry node_modules/wrap-ansi/node_modules/emoji-regex/LICENSE-MIT.txt
2306 silly gunzTarPerm extractEntry node_modules/@isaacs/cliui/LICENSE.txt
2307 silly gunzTarPerm extractEntry node_modules/signal-exit/LICENSE.txt
2308 silly gunzTarPerm extractEntry node_modules/node-gyp/gyp/pylib/packaging/py.typed
2309 silly gunzTarPerm extractEntry node_modules/qrcode-terminal/.travis.yml
2310 silly lockFile 94d697ac-97917-0-8675655390542851-package tar://C:\Users\dmorah\AppData\Local\Temp\npm-12488\1744639197917-0.8675655390542851\package
2311 silly lockFile 94d697ac-97917-0-8675655390542851-package tar://C:\Users\dmorah\AppData\Local\Temp\npm-12488\1744639197917-0.8675655390542851\package
2312 silly lockFile 97a4870b-97917-0-8675655390542851-tmp-tgz tar://C:\Users\dmorah\AppData\Local\Temp\npm-12488\1744639197917-0.8675655390542851\tmp.tgz
2313 silly lockFile 97a4870b-97917-0-8675655390542851-tmp-tgz tar://C:\Users\dmorah\AppData\Local\Temp\npm-12488\1744639197917-0.8675655390542851\tmp.tgz
2314 verbose tar pack [
2314 verbose tar pack   'C:\\Users\\dmorah\\AppData\\Roaming\\npm-cache\\npm\\11.3.0\\package.tgz',
2314 verbose tar pack   'C:\\Users\\dmorah\\AppData\\Local\\Temp\\npm-12488\\1744639197917-0.8675655390542851\\package'
2314 verbose tar pack ]
2315 verbose tarball C:\Users\dmorah\AppData\Roaming\npm-cache\npm\11.3.0\package.tgz
2316 verbose folder C:\Users\dmorah\AppData\Local\Temp\npm-12488\1744639197917-0.8675655390542851\package
2317 silly lockFile 94d697ac-97917-0-8675655390542851-package tar://C:\Users\dmorah\AppData\Local\Temp\npm-12488\1744639197917-0.8675655390542851\package
2318 verbose lock tar://C:\Users\dmorah\AppData\Local\Temp\npm-12488\1744639197917-0.8675655390542851\package C:\Users\dmorah\AppData\Roaming\npm-cache\94d697ac-97917-0-8675655390542851-package.lock
2319 silly lockFile 544ca78c-npm-cache-npm-11-3-0-package-tgz tar://C:\Users\dmorah\AppData\Roaming\npm-cache\npm\11.3.0\package.tgz
2320 verbose lock tar://C:\Users\dmorah\AppData\Roaming\npm-cache\npm\11.3.0\package.tgz C:\Users\dmorah\AppData\Roaming\npm-cache\544ca78c-npm-cache-npm-11-3-0-package-tgz.lock
2321 silly lockFile 94d697ac-97917-0-8675655390542851-package tar://C:\Users\dmorah\AppData\Local\Temp\npm-12488\1744639197917-0.8675655390542851\package
2322 silly lockFile 94d697ac-97917-0-8675655390542851-package tar://C:\Users\dmorah\AppData\Local\Temp\npm-12488\1744639197917-0.8675655390542851\package
2323 silly lockFile 544ca78c-npm-cache-npm-11-3-0-package-tgz tar://C:\Users\dmorah\AppData\Roaming\npm-cache\npm\11.3.0\package.tgz
2324 silly lockFile 544ca78c-npm-cache-npm-11-3-0-package-tgz tar://C:\Users\dmorah\AppData\Roaming\npm-cache\npm\11.3.0\package.tgz
2325 silly lockFile e934e5d3-ing-npm-cache-npm-11-3-0-package C:\Users\dmorah\AppData\Roaming\npm-cache\npm\11.3.0\package
2326 verbose lock C:\Users\dmorah\AppData\Roaming\npm-cache\npm\11.3.0\package C:\Users\dmorah\AppData\Roaming\npm-cache\e934e5d3-ing-npm-cache-npm-11-3-0-package.lock
2327 silly lockFile e934e5d3-ing-npm-cache-npm-11-3-0-package C:\Users\dmorah\AppData\Roaming\npm-cache\npm\11.3.0\package
2328 silly lockFile e934e5d3-ing-npm-cache-npm-11-3-0-package C:\Users\dmorah\AppData\Roaming\npm-cache\npm\11.3.0\package
2329 verbose tar unpack C:\Users\dmorah\AppData\Roaming\npm-cache\npm\11.3.0\package.tgz
2330 silly lockFile 5f91d080-ing-npm-cache-npm-11-3-0-package tar://C:\Users\dmorah\AppData\Roaming\npm-cache\npm\11.3.0\package
2331 verbose lock tar://C:\Users\dmorah\AppData\Roaming\npm-cache\npm\11.3.0\package C:\Users\dmorah\AppData\Roaming\npm-cache\5f91d080-ing-npm-cache-npm-11-3-0-package.lock
2332 silly lockFile 544ca78c-npm-cache-npm-11-3-0-package-tgz tar://C:\Users\dmorah\AppData\Roaming\npm-cache\npm\11.3.0\package.tgz
2333 verbose lock tar://C:\Users\dmorah\AppData\Roaming\npm-cache\npm\11.3.0\package.tgz C:\Users\dmorah\AppData\Roaming\npm-cache\544ca78c-npm-cache-npm-11-3-0-package-tgz.lock
2334 silly gunzTarPerm modes [ '755', '644' ]
2335 silly gunzTarPerm extractEntry package.json
2336 silly gunzTarPerm modified mode [ 'package.json', 438, 420 ]
2337 silly gunzTarPerm extractEntry README.md
2338 silly gunzTarPerm modified mode [ 'README.md', 438, 420 ]
2339 silly gunzTarPerm extractEntry index.js
2340 silly gunzTarPerm modified mode [ 'index.js', 438, 420 ]
2341 silly gunzTarPerm extractEntry bin/npx-cli.js
2342 silly gunzTarPerm modified mode [ 'bin/npx-cli.js', 438, 420 ]
2343 silly gunzTarPerm extractEntry bin/npm-prefix.js
2344 silly gunzTarPerm modified mode [ 'bin/npm-prefix.js', 438, 420 ]
2345 silly gunzTarPerm extractEntry bin/npm-cli.js
2346 silly gunzTarPerm modified mode [ 'bin/npm-cli.js', 438, 420 ]
2347 silly gunzTarPerm extractEntry bin/node-gyp-bin/node-gyp
2348 silly gunzTarPerm modified mode [ 'bin/node-gyp-bin/node-gyp', 438, 420 ]
2349 silly gunzTarPerm extractEntry bin/node-gyp-bin/node-gyp.cmd
2350 silly gunzTarPerm modified mode [ 'bin/node-gyp-bin/node-gyp.cmd', 438, 420 ]
2351 silly gunzTarPerm extractEntry bin/npm
2352 silly gunzTarPerm modified mode [ 'bin/npm', 438, 420 ]
2353 silly gunzTarPerm extractEntry bin/npm.cmd
2354 silly gunzTarPerm modified mode [ 'bin/npm.cmd', 438, 420 ]
2355 silly gunzTarPerm extractEntry bin/npm.ps1
2356 silly gunzTarPerm modified mode [ 'bin/npm.ps1', 438, 420 ]
2357 silly gunzTarPerm extractEntry bin/npx
2358 silly gunzTarPerm modified mode [ 'bin/npx', 438, 420 ]
2359 silly gunzTarPerm extractEntry bin/npx.cmd
2360 silly gunzTarPerm modified mode [ 'bin/npx.cmd', 438, 420 ]
2361 silly gunzTarPerm extractEntry bin/npx.ps1
2362 silly gunzTarPerm modified mode [ 'bin/npx.ps1', 438, 420 ]
2363 silly gunzTarPerm extractEntry docs/content/commands/npm-access.md
2364 silly gunzTarPerm modified mode [ 'docs/content/commands/npm-access.md', 438, 420 ]
2365 silly gunzTarPerm extractEntry docs/content/commands/npm-adduser.md
2366 silly gunzTarPerm modified mode [ 'docs/content/commands/npm-adduser.md', 438, 420 ]
2367 silly gunzTarPerm extractEntry docs/content/commands/npm-audit.md
2368 silly gunzTarPerm modified mode [ 'docs/content/commands/npm-audit.md', 438, 420 ]
2369 silly gunzTarPerm extractEntry docs/content/commands/npm-bugs.md
2370 silly gunzTarPerm modified mode [ 'docs/content/commands/npm-bugs.md', 438, 420 ]
2371 silly gunzTarPerm extractEntry docs/content/commands/npm-cache.md
2372 silly gunzTarPerm modified mode [ 'docs/content/commands/npm-cache.md', 438, 420 ]
2373 silly gunzTarPerm extractEntry docs/content/commands/npm-ci.md
2374 silly gunzTarPerm modified mode [ 'docs/content/commands/npm-ci.md', 438, 420 ]
2375 silly gunzTarPerm extractEntry docs/content/commands/npm-completion.md
2376 silly gunzTarPerm modified mode [ 'docs/content/commands/npm-completion.md', 438, 420 ]
2377 silly gunzTarPerm extractEntry docs/content/commands/npm-config.md
2378 silly gunzTarPerm modified mode [ 'docs/content/commands/npm-config.md', 438, 420 ]
2379 silly gunzTarPerm extractEntry docs/content/commands/npm-dedupe.md
2380 silly gunzTarPerm modified mode [ 'docs/content/commands/npm-dedupe.md', 438, 420 ]
2381 silly gunzTarPerm extractEntry docs/content/commands/npm-deprecate.md
2382 silly gunzTarPerm modified mode [ 'docs/content/commands/npm-deprecate.md', 438, 420 ]
2383 silly gunzTarPerm extractEntry docs/content/commands/npm-diff.md
2384 silly gunzTarPerm modified mode [ 'docs/content/commands/npm-diff.md', 438, 420 ]
2385 silly gunzTarPerm extractEntry docs/content/commands/npm-dist-tag.md
2386 silly gunzTarPerm modified mode [ 'docs/content/commands/npm-dist-tag.md', 438, 420 ]
2387 silly gunzTarPerm extractEntry docs/content/commands/npm-docs.md
2388 silly gunzTarPerm modified mode [ 'docs/content/commands/npm-docs.md', 438, 420 ]
2389 silly gunzTarPerm extractEntry docs/content/commands/npm-doctor.md
2390 silly gunzTarPerm modified mode [ 'docs/content/commands/npm-doctor.md', 438, 420 ]
2391 silly gunzTarPerm extractEntry docs/content/commands/npm-edit.md
2392 silly gunzTarPerm modified mode [ 'docs/content/commands/npm-edit.md', 438, 420 ]
2393 silly gunzTarPerm extractEntry docs/content/commands/npm-exec.md
2394 silly gunzTarPerm modified mode [ 'docs/content/commands/npm-exec.md', 438, 420 ]
2395 silly gunzTarPerm extractEntry docs/content/commands/npm-explain.md
2396 silly gunzTarPerm modified mode [ 'docs/content/commands/npm-explain.md', 438, 420 ]
2397 silly gunzTarPerm extractEntry docs/content/commands/npm-explore.md
2398 silly gunzTarPerm modified mode [ 'docs/content/commands/npm-explore.md', 438, 420 ]
2399 silly gunzTarPerm extractEntry docs/content/commands/npm-find-dupes.md
2400 silly gunzTarPerm modified mode [ 'docs/content/commands/npm-find-dupes.md', 438, 420 ]
2401 silly gunzTarPerm extractEntry docs/content/commands/npm-fund.md
2402 silly gunzTarPerm modified mode [ 'docs/content/commands/npm-fund.md', 438, 420 ]
2403 silly gunzTarPerm extractEntry docs/content/commands/npm-help-search.md
2404 silly gunzTarPerm modified mode [ 'docs/content/commands/npm-help-search.md', 438, 420 ]
2405 silly gunzTarPerm extractEntry docs/content/commands/npm-help.md
2406 silly gunzTarPerm modified mode [ 'docs/content/commands/npm-help.md', 438, 420 ]
2407 silly gunzTarPerm extractEntry docs/content/commands/npm-init.md
2408 silly gunzTarPerm modified mode [ 'docs/content/commands/npm-init.md', 438, 420 ]
2409 silly gunzTarPerm extractEntry docs/content/commands/npm-install-ci-test.md
2410 silly gunzTarPerm modified mode [ 'docs/content/commands/npm-install-ci-test.md', 438, 420 ]
2411 silly gunzTarPerm extractEntry docs/content/commands/npm-install-test.md
2412 silly gunzTarPerm modified mode [ 'docs/content/commands/npm-install-test.md', 438, 420 ]
2413 silly gunzTarPerm extractEntry docs/content/commands/npm-install.md
2414 silly gunzTarPerm modified mode [ 'docs/content/commands/npm-install.md', 438, 420 ]
2415 silly gunzTarPerm extractEntry docs/content/commands/npm-link.md
2416 silly gunzTarPerm modified mode [ 'docs/content/commands/npm-link.md', 438, 420 ]
2417 silly gunzTarPerm extractEntry docs/content/commands/npm-login.md
2418 silly gunzTarPerm modified mode [ 'docs/content/commands/npm-login.md', 438, 420 ]
2419 silly gunzTarPerm extractEntry docs/content/commands/npm-logout.md
2420 silly gunzTarPerm modified mode [ 'docs/content/commands/npm-logout.md', 438, 420 ]
2421 silly gunzTarPerm extractEntry docs/content/commands/npm-ls.md
2422 silly gunzTarPerm modified mode [ 'docs/content/commands/npm-ls.md', 438, 420 ]
2423 silly gunzTarPerm extractEntry docs/content/commands/npm-org.md
2424 silly gunzTarPerm modified mode [ 'docs/content/commands/npm-org.md', 438, 420 ]
2425 silly gunzTarPerm extractEntry docs/content/commands/npm-outdated.md
2426 silly gunzTarPerm modified mode [ 'docs/content/commands/npm-outdated.md', 438, 420 ]
2427 silly gunzTarPerm extractEntry docs/content/commands/npm-owner.md
2428 silly gunzTarPerm modified mode [ 'docs/content/commands/npm-owner.md', 438, 420 ]
2429 silly gunzTarPerm extractEntry docs/content/commands/npm-pack.md
2430 silly gunzTarPerm modified mode [ 'docs/content/commands/npm-pack.md', 438, 420 ]
2431 silly gunzTarPerm extractEntry docs/content/commands/npm-ping.md
2432 silly gunzTarPerm modified mode [ 'docs/content/commands/npm-ping.md', 438, 420 ]
2433 silly gunzTarPerm extractEntry docs/content/commands/npm-pkg.md
2434 silly gunzTarPerm modified mode [ 'docs/content/commands/npm-pkg.md', 438, 420 ]
2435 silly gunzTarPerm extractEntry docs/content/commands/npm-prefix.md
2436 silly gunzTarPerm modified mode [ 'docs/content/commands/npm-prefix.md', 438, 420 ]
2437 silly gunzTarPerm extractEntry docs/content/commands/npm-profile.md
2438 silly gunzTarPerm modified mode [ 'docs/content/commands/npm-profile.md', 438, 420 ]
2439 silly gunzTarPerm extractEntry docs/content/commands/npm-prune.md
2440 silly gunzTarPerm modified mode [ 'docs/content/commands/npm-prune.md', 438, 420 ]
2441 silly gunzTarPerm extractEntry docs/content/commands/npm-publish.md
2442 silly gunzTarPerm modified mode [ 'docs/content/commands/npm-publish.md', 438, 420 ]
2443 silly gunzTarPerm extractEntry docs/content/commands/npm-query.md
2444 silly gunzTarPerm modified mode [ 'docs/content/commands/npm-query.md', 438, 420 ]
2445 silly gunzTarPerm extractEntry docs/content/commands/npm-rebuild.md
2446 silly gunzTarPerm modified mode [ 'docs/content/commands/npm-rebuild.md', 438, 420 ]
2447 silly gunzTarPerm extractEntry docs/content/commands/npm-repo.md
2448 silly gunzTarPerm modified mode [ 'docs/content/commands/npm-repo.md', 438, 420 ]
2449 silly gunzTarPerm extractEntry docs/content/commands/npm-restart.md
2450 silly gunzTarPerm modified mode [ 'docs/content/commands/npm-restart.md', 438, 420 ]
2451 silly gunzTarPerm extractEntry docs/content/commands/npm-root.md
2452 silly gunzTarPerm modified mode [ 'docs/content/commands/npm-root.md', 438, 420 ]
2453 silly gunzTarPerm extractEntry docs/content/commands/npm-run-script.md
2454 silly gunzTarPerm modified mode [ 'docs/content/commands/npm-run-script.md', 438, 420 ]
2455 silly gunzTarPerm extractEntry docs/content/commands/npm-sbom.md
2456 silly gunzTarPerm modified mode [ 'docs/content/commands/npm-sbom.md', 438, 420 ]
2457 silly gunzTarPerm extractEntry docs/content/commands/npm-search.md
2458 silly gunzTarPerm modified mode [ 'docs/content/commands/npm-search.md', 438, 420 ]
2459 silly gunzTarPerm extractEntry docs/content/commands/npm-shrinkwrap.md
2460 silly gunzTarPerm modified mode [ 'docs/content/commands/npm-shrinkwrap.md', 438, 420 ]
2461 silly gunzTarPerm extractEntry docs/content/commands/npm-star.md
2462 silly gunzTarPerm modified mode [ 'docs/content/commands/npm-star.md', 438, 420 ]
2463 silly gunzTarPerm extractEntry docs/content/commands/npm-stars.md
2464 silly gunzTarPerm modified mode [ 'docs/content/commands/npm-stars.md', 438, 420 ]
2465 silly gunzTarPerm extractEntry docs/content/commands/npm-start.md
2466 silly gunzTarPerm modified mode [ 'docs/content/commands/npm-start.md', 438, 420 ]
2467 silly gunzTarPerm extractEntry docs/content/commands/npm-stop.md
2468 silly gunzTarPerm modified mode [ 'docs/content/commands/npm-stop.md', 438, 420 ]
2469 silly gunzTarPerm extractEntry docs/content/commands/npm-team.md
2470 silly gunzTarPerm modified mode [ 'docs/content/commands/npm-team.md', 438, 420 ]
2471 silly gunzTarPerm extractEntry docs/content/commands/npm-test.md
2472 silly gunzTarPerm modified mode [ 'docs/content/commands/npm-test.md', 438, 420 ]
2473 silly gunzTarPerm extractEntry docs/content/commands/npm-token.md
2474 silly gunzTarPerm modified mode [ 'docs/content/commands/npm-token.md', 438, 420 ]
2475 silly gunzTarPerm extractEntry docs/content/commands/npm-undeprecate.md
2476 silly gunzTarPerm modified mode [ 'docs/content/commands/npm-undeprecate.md', 438, 420 ]
2477 silly gunzTarPerm extractEntry docs/content/commands/npm-uninstall.md
2478 silly gunzTarPerm modified mode [ 'docs/content/commands/npm-uninstall.md', 438, 420 ]
2479 silly gunzTarPerm extractEntry docs/content/commands/npm-unpublish.md
2480 silly gunzTarPerm modified mode [ 'docs/content/commands/npm-unpublish.md', 438, 420 ]
2481 silly gunzTarPerm extractEntry docs/content/commands/npm-unstar.md
2482 silly gunzTarPerm modified mode [ 'docs/content/commands/npm-unstar.md', 438, 420 ]
2483 silly gunzTarPerm extractEntry docs/content/commands/npm-update.md
2484 silly gunzTarPerm modified mode [ 'docs/content/commands/npm-update.md', 438, 420 ]
2485 silly gunzTarPerm extractEntry docs/content/commands/npm-version.md
2486 silly gunzTarPerm modified mode [ 'docs/content/commands/npm-version.md', 438, 420 ]
2487 silly gunzTarPerm extractEntry docs/content/commands/npm-view.md
2488 silly gunzTarPerm modified mode [ 'docs/content/commands/npm-view.md', 438, 420 ]
2489 silly gunzTarPerm extractEntry docs/content/commands/npm-whoami.md
2490 silly gunzTarPerm modified mode [ 'docs/content/commands/npm-whoami.md', 438, 420 ]
2491 silly gunzTarPerm extractEntry docs/content/commands/npm.md
2492 silly gunzTarPerm modified mode [ 'docs/content/commands/npm.md', 438, 420 ]
2493 silly gunzTarPerm extractEntry docs/content/commands/npx.md
2494 silly gunzTarPerm modified mode [ 'docs/content/commands/npx.md', 438, 420 ]
2495 silly gunzTarPerm extractEntry docs/content/configuring-npm/folders.md
2496 silly gunzTarPerm modified mode [ 'docs/content/configuring-npm/folders.md', 438, 420 ]
2497 silly gunzTarPerm extractEntry docs/content/configuring-npm/install.md
2498 silly gunzTarPerm modified mode [ 'docs/content/configuring-npm/install.md', 438, 420 ]
2499 silly gunzTarPerm extractEntry docs/content/configuring-npm/npm-shrinkwrap-json.md
2500 silly gunzTarPerm modified mode [ 'docs/content/configuring-npm/npm-shrinkwrap-json.md', 438, 420 ]
2501 silly gunzTarPerm extractEntry docs/content/configuring-npm/npmrc.md
2502 silly gunzTarPerm modified mode [ 'docs/content/configuring-npm/npmrc.md', 438, 420 ]
2503 silly gunzTarPerm extractEntry docs/content/configuring-npm/package-json.md
2504 silly gunzTarPerm modified mode [ 'docs/content/configuring-npm/package-json.md', 438, 420 ]
2505 silly gunzTarPerm extractEntry docs/content/configuring-npm/package-lock-json.md
2506 silly gunzTarPerm modified mode [ 'docs/content/configuring-npm/package-lock-json.md', 438, 420 ]
2507 silly gunzTarPerm extractEntry docs/content/using-npm/config.md
2508 silly gunzTarPerm modified mode [ 'docs/content/using-npm/config.md', 438, 420 ]
2509 silly gunzTarPerm extractEntry docs/content/using-npm/dependency-selectors.md
2510 silly gunzTarPerm modified mode [ 'docs/content/using-npm/dependency-selectors.md', 438, 420 ]
2511 silly gunzTarPerm extractEntry docs/content/using-npm/developers.md
2512 silly gunzTarPerm modified mode [ 'docs/content/using-npm/developers.md', 438, 420 ]
2513 silly gunzTarPerm extractEntry docs/content/using-npm/logging.md
2514 silly gunzTarPerm modified mode [ 'docs/content/using-npm/logging.md', 438, 420 ]
2515 silly gunzTarPerm extractEntry docs/content/using-npm/orgs.md
2516 silly gunzTarPerm modified mode [ 'docs/content/using-npm/orgs.md', 438, 420 ]
2517 silly gunzTarPerm extractEntry docs/content/using-npm/package-spec.md
2518 silly gunzTarPerm modified mode [ 'docs/content/using-npm/package-spec.md', 438, 420 ]
2519 silly gunzTarPerm extractEntry docs/content/using-npm/registry.md
2520 silly gunzTarPerm modified mode [ 'docs/content/using-npm/registry.md', 438, 420 ]
2521 silly gunzTarPerm extractEntry docs/content/using-npm/removal.md
2522 silly gunzTarPerm modified mode [ 'docs/content/using-npm/removal.md', 438, 420 ]
2523 silly gunzTarPerm extractEntry docs/content/using-npm/scope.md
2524 silly gunzTarPerm modified mode [ 'docs/content/using-npm/scope.md', 438, 420 ]
2525 silly gunzTarPerm extractEntry docs/content/using-npm/scripts.md
2526 silly gunzTarPerm modified mode [ 'docs/content/using-npm/scripts.md', 438, 420 ]
2527 silly gunzTarPerm extractEntry docs/content/using-npm/workspaces.md
2528 silly gunzTarPerm modified mode [ 'docs/content/using-npm/workspaces.md', 438, 420 ]
2529 silly gunzTarPerm extractEntry docs/output/commands/npm-access.html
2530 silly gunzTarPerm modified mode [ 'docs/output/commands/npm-access.html', 438, 420 ]
2531 silly gunzTarPerm extractEntry docs/output/commands/npm-adduser.html
2532 silly gunzTarPerm modified mode [ 'docs/output/commands/npm-adduser.html', 438, 420 ]
2533 silly gunzTarPerm extractEntry docs/output/commands/npm-audit.html
2534 silly gunzTarPerm modified mode [ 'docs/output/commands/npm-audit.html', 438, 420 ]
2535 silly gunzTarPerm extractEntry docs/output/commands/npm-bugs.html
2536 silly gunzTarPerm modified mode [ 'docs/output/commands/npm-bugs.html', 438, 420 ]
2537 silly gunzTarPerm extractEntry docs/output/commands/npm-cache.html
2538 silly gunzTarPerm modified mode [ 'docs/output/commands/npm-cache.html', 438, 420 ]
2539 silly gunzTarPerm extractEntry docs/output/commands/npm-ci.html
2540 silly gunzTarPerm modified mode [ 'docs/output/commands/npm-ci.html', 438, 420 ]
2541 silly gunzTarPerm extractEntry docs/output/commands/npm-completion.html
2542 silly gunzTarPerm modified mode [ 'docs/output/commands/npm-completion.html', 438, 420 ]
2543 silly gunzTarPerm extractEntry docs/output/commands/npm-config.html
2544 silly gunzTarPerm modified mode [ 'docs/output/commands/npm-config.html', 438, 420 ]
2545 silly gunzTarPerm extractEntry docs/output/commands/npm-dedupe.html
2546 silly gunzTarPerm modified mode [ 'docs/output/commands/npm-dedupe.html', 438, 420 ]
2547 silly gunzTarPerm extractEntry docs/output/commands/npm-deprecate.html
2548 silly gunzTarPerm modified mode [ 'docs/output/commands/npm-deprecate.html', 438, 420 ]
2549 silly gunzTarPerm extractEntry docs/output/commands/npm-diff.html
2550 silly gunzTarPerm modified mode [ 'docs/output/commands/npm-diff.html', 438, 420 ]
2551 silly gunzTarPerm extractEntry docs/output/commands/npm-dist-tag.html
2552 silly gunzTarPerm modified mode [ 'docs/output/commands/npm-dist-tag.html', 438, 420 ]
2553 silly gunzTarPerm extractEntry docs/output/commands/npm-docs.html
2554 silly gunzTarPerm modified mode [ 'docs/output/commands/npm-docs.html', 438, 420 ]
2555 silly gunzTarPerm extractEntry docs/output/commands/npm-doctor.html
2556 silly gunzTarPerm modified mode [ 'docs/output/commands/npm-doctor.html', 438, 420 ]
2557 silly gunzTarPerm extractEntry docs/output/commands/npm-edit.html
2558 silly gunzTarPerm modified mode [ 'docs/output/commands/npm-edit.html', 438, 420 ]
2559 silly gunzTarPerm extractEntry docs/output/commands/npm-exec.html
2560 silly gunzTarPerm modified mode [ 'docs/output/commands/npm-exec.html', 438, 420 ]
2561 silly gunzTarPerm extractEntry docs/output/commands/npm-explain.html
2562 silly gunzTarPerm modified mode [ 'docs/output/commands/npm-explain.html', 438, 420 ]
2563 silly gunzTarPerm extractEntry docs/output/commands/npm-explore.html
2564 silly gunzTarPerm modified mode [ 'docs/output/commands/npm-explore.html', 438, 420 ]
2565 silly gunzTarPerm extractEntry docs/output/commands/npm-find-dupes.html
2566 silly gunzTarPerm modified mode [ 'docs/output/commands/npm-find-dupes.html', 438, 420 ]
2567 silly gunzTarPerm extractEntry docs/output/commands/npm-fund.html
2568 silly gunzTarPerm modified mode [ 'docs/output/commands/npm-fund.html', 438, 420 ]
2569 silly gunzTarPerm extractEntry docs/output/commands/npm-help-search.html
2570 silly gunzTarPerm modified mode [ 'docs/output/commands/npm-help-search.html', 438, 420 ]
2571 silly gunzTarPerm extractEntry docs/output/commands/npm-help.html
2572 silly gunzTarPerm modified mode [ 'docs/output/commands/npm-help.html', 438, 420 ]
2573 silly gunzTarPerm extractEntry docs/output/commands/npm-init.html
2574 silly gunzTarPerm modified mode [ 'docs/output/commands/npm-init.html', 438, 420 ]
2575 silly gunzTarPerm extractEntry docs/output/commands/npm-install-ci-test.html
2576 silly gunzTarPerm modified mode [ 'docs/output/commands/npm-install-ci-test.html', 438, 420 ]
2577 silly gunzTarPerm extractEntry docs/output/commands/npm-install-test.html
2578 silly gunzTarPerm modified mode [ 'docs/output/commands/npm-install-test.html', 438, 420 ]
2579 silly gunzTarPerm extractEntry docs/output/commands/npm-install.html
2580 silly gunzTarPerm modified mode [ 'docs/output/commands/npm-install.html', 438, 420 ]
2581 silly gunzTarPerm extractEntry docs/output/commands/npm-link.html
2582 silly gunzTarPerm modified mode [ 'docs/output/commands/npm-link.html', 438, 420 ]
2583 silly gunzTarPerm extractEntry docs/output/commands/npm-login.html
2584 silly gunzTarPerm modified mode [ 'docs/output/commands/npm-login.html', 438, 420 ]
2585 silly gunzTarPerm extractEntry docs/output/commands/npm-logout.html
2586 silly gunzTarPerm modified mode [ 'docs/output/commands/npm-logout.html', 438, 420 ]
2587 silly gunzTarPerm extractEntry docs/output/commands/npm-ls.html
2588 silly gunzTarPerm modified mode [ 'docs/output/commands/npm-ls.html', 438, 420 ]
2589 silly gunzTarPerm extractEntry docs/output/commands/npm-org.html
2590 silly gunzTarPerm modified mode [ 'docs/output/commands/npm-org.html', 438, 420 ]
2591 silly gunzTarPerm extractEntry docs/output/commands/npm-outdated.html
2592 silly gunzTarPerm modified mode [ 'docs/output/commands/npm-outdated.html', 438, 420 ]
2593 silly gunzTarPerm extractEntry docs/output/commands/npm-owner.html
2594 silly gunzTarPerm modified mode [ 'docs/output/commands/npm-owner.html', 438, 420 ]
2595 silly gunzTarPerm extractEntry docs/output/commands/npm-pack.html
2596 silly gunzTarPerm modified mode [ 'docs/output/commands/npm-pack.html', 438, 420 ]
2597 silly gunzTarPerm extractEntry docs/output/commands/npm-ping.html
2598 silly gunzTarPerm modified mode [ 'docs/output/commands/npm-ping.html', 438, 420 ]
2599 silly gunzTarPerm extractEntry docs/output/commands/npm-pkg.html
2600 silly gunzTarPerm modified mode [ 'docs/output/commands/npm-pkg.html', 438, 420 ]
2601 silly gunzTarPerm extractEntry docs/output/commands/npm-prefix.html
2602 silly gunzTarPerm modified mode [ 'docs/output/commands/npm-prefix.html', 438, 420 ]
2603 silly gunzTarPerm extractEntry docs/output/commands/npm-profile.html
2604 silly gunzTarPerm modified mode [ 'docs/output/commands/npm-profile.html', 438, 420 ]
2605 silly gunzTarPerm extractEntry docs/output/commands/npm-prune.html
2606 silly gunzTarPerm modified mode [ 'docs/output/commands/npm-prune.html', 438, 420 ]
2607 silly gunzTarPerm extractEntry docs/output/commands/npm-publish.html
2608 silly gunzTarPerm modified mode [ 'docs/output/commands/npm-publish.html', 438, 420 ]
2609 silly gunzTarPerm extractEntry docs/output/commands/npm-query.html
2610 silly gunzTarPerm modified mode [ 'docs/output/commands/npm-query.html', 438, 420 ]
2611 silly gunzTarPerm extractEntry docs/output/commands/npm-rebuild.html
2612 silly gunzTarPerm modified mode [ 'docs/output/commands/npm-rebuild.html', 438, 420 ]
2613 silly gunzTarPerm extractEntry docs/output/commands/npm-repo.html
2614 silly gunzTarPerm modified mode [ 'docs/output/commands/npm-repo.html', 438, 420 ]
2615 silly gunzTarPerm extractEntry docs/output/commands/npm-restart.html
2616 silly gunzTarPerm modified mode [ 'docs/output/commands/npm-restart.html', 438, 420 ]
2617 silly gunzTarPerm extractEntry docs/output/commands/npm-root.html
2618 silly gunzTarPerm modified mode [ 'docs/output/commands/npm-root.html', 438, 420 ]
2619 silly gunzTarPerm extractEntry docs/output/commands/npm-run-script.html
2620 silly gunzTarPerm modified mode [ 'docs/output/commands/npm-run-script.html', 438, 420 ]
2621 silly gunzTarPerm extractEntry docs/output/commands/npm-sbom.html
2622 silly gunzTarPerm modified mode [ 'docs/output/commands/npm-sbom.html', 438, 420 ]
2623 silly gunzTarPerm extractEntry docs/output/commands/npm-search.html
2624 silly gunzTarPerm modified mode [ 'docs/output/commands/npm-search.html', 438, 420 ]
2625 silly gunzTarPerm extractEntry docs/output/commands/npm-shrinkwrap.html
2626 silly gunzTarPerm modified mode [ 'docs/output/commands/npm-shrinkwrap.html', 438, 420 ]
2627 silly gunzTarPerm extractEntry docs/output/commands/npm-star.html
2628 silly gunzTarPerm modified mode [ 'docs/output/commands/npm-star.html', 438, 420 ]
2629 silly gunzTarPerm extractEntry docs/output/commands/npm-stars.html
2630 silly gunzTarPerm modified mode [ 'docs/output/commands/npm-stars.html', 438, 420 ]
2631 silly gunzTarPerm extractEntry docs/output/commands/npm-start.html
2632 silly gunzTarPerm modified mode [ 'docs/output/commands/npm-start.html', 438, 420 ]
2633 silly gunzTarPerm extractEntry docs/output/commands/npm-stop.html
2634 silly gunzTarPerm modified mode [ 'docs/output/commands/npm-stop.html', 438, 420 ]
2635 silly gunzTarPerm extractEntry docs/output/commands/npm-team.html
2636 silly gunzTarPerm modified mode [ 'docs/output/commands/npm-team.html', 438, 420 ]
2637 silly gunzTarPerm extractEntry docs/output/commands/npm-test.html
2638 silly gunzTarPerm modified mode [ 'docs/output/commands/npm-test.html', 438, 420 ]
2639 silly gunzTarPerm extractEntry docs/output/commands/npm-token.html
2640 silly gunzTarPerm modified mode [ 'docs/output/commands/npm-token.html', 438, 420 ]
2641 silly gunzTarPerm extractEntry docs/output/commands/npm-undeprecate.html
2642 silly gunzTarPerm modified mode [ 'docs/output/commands/npm-undeprecate.html', 438, 420 ]
2643 silly gunzTarPerm extractEntry docs/output/commands/npm-uninstall.html
2644 silly gunzTarPerm modified mode [ 'docs/output/commands/npm-uninstall.html', 438, 420 ]
2645 silly gunzTarPerm extractEntry docs/output/commands/npm-unpublish.html
2646 silly gunzTarPerm modified mode [ 'docs/output/commands/npm-unpublish.html', 438, 420 ]
2647 silly gunzTarPerm extractEntry docs/output/commands/npm-unstar.html
2648 silly gunzTarPerm modified mode [ 'docs/output/commands/npm-unstar.html', 438, 420 ]
2649 silly gunzTarPerm extractEntry docs/output/commands/npm-update.html
2650 silly gunzTarPerm modified mode [ 'docs/output/commands/npm-update.html', 438, 420 ]
2651 silly gunzTarPerm extractEntry docs/output/commands/npm-version.html
2652 silly gunzTarPerm modified mode [ 'docs/output/commands/npm-version.html', 438, 420 ]
2653 silly gunzTarPerm extractEntry docs/output/commands/npm-view.html
2654 silly gunzTarPerm modified mode [ 'docs/output/commands/npm-view.html', 438, 420 ]
2655 silly gunzTarPerm extractEntry docs/output/commands/npm-whoami.html
2656 silly gunzTarPerm modified mode [ 'docs/output/commands/npm-whoami.html', 438, 420 ]
2657 silly gunzTarPerm extractEntry docs/output/commands/npm.html
2658 silly gunzTarPerm modified mode [ 'docs/output/commands/npm.html', 438, 420 ]
2659 silly gunzTarPerm extractEntry docs/output/commands/npx.html
2660 silly gunzTarPerm modified mode [ 'docs/output/commands/npx.html', 438, 420 ]
2661 silly gunzTarPerm extractEntry docs/output/configuring-npm/folders.html
2662 silly gunzTarPerm modified mode [ 'docs/output/configuring-npm/folders.html', 438, 420 ]
2663 silly gunzTarPerm extractEntry docs/output/configuring-npm/install.html
2664 silly gunzTarPerm modified mode [ 'docs/output/configuring-npm/install.html', 438, 420 ]
2665 silly gunzTarPerm extractEntry docs/output/configuring-npm/npm-global.html
2666 silly gunzTarPerm modified mode [ 'docs/output/configuring-npm/npm-global.html', 438, 420 ]
2667 silly gunzTarPerm extractEntry docs/output/configuring-npm/npm-json.html
2668 silly gunzTarPerm modified mode [ 'docs/output/configuring-npm/npm-json.html', 438, 420 ]
2669 silly gunzTarPerm extractEntry docs/output/configuring-npm/npm-shrinkwrap-json.html
2670 silly gunzTarPerm modified mode [ 'docs/output/configuring-npm/npm-shrinkwrap-json.html', 438, 420 ]
2671 silly gunzTarPerm extractEntry docs/output/configuring-npm/npmrc.html
2672 silly gunzTarPerm modified mode [ 'docs/output/configuring-npm/npmrc.html', 438, 420 ]
2673 silly gunzTarPerm extractEntry docs/output/configuring-npm/package-json.html
2674 silly gunzTarPerm modified mode [ 'docs/output/configuring-npm/package-json.html', 438, 420 ]
2675 silly gunzTarPerm extractEntry docs/output/configuring-npm/package-lock-json.html
2676 silly gunzTarPerm modified mode [ 'docs/output/configuring-npm/package-lock-json.html', 438, 420 ]
2677 silly gunzTarPerm extractEntry docs/output/using-npm/config.html
2678 silly gunzTarPerm modified mode [ 'docs/output/using-npm/config.html', 438, 420 ]
2679 silly gunzTarPerm extractEntry docs/output/using-npm/dependency-selectors.html
2680 silly gunzTarPerm modified mode [ 'docs/output/using-npm/dependency-selectors.html', 438, 420 ]
2681 silly gunzTarPerm extractEntry docs/output/using-npm/developers.html
2682 silly gunzTarPerm modified mode [ 'docs/output/using-npm/developers.html', 438, 420 ]
2683 silly gunzTarPerm extractEntry docs/output/using-npm/logging.html
2684 silly gunzTarPerm modified mode [ 'docs/output/using-npm/logging.html', 438, 420 ]
2685 silly gunzTarPerm extractEntry docs/output/using-npm/orgs.html
2686 silly gunzTarPerm modified mode [ 'docs/output/using-npm/orgs.html', 438, 420 ]
2687 silly gunzTarPerm extractEntry docs/output/using-npm/package-spec.html
2688 silly gunzTarPerm modified mode [ 'docs/output/using-npm/package-spec.html', 438, 420 ]
2689 silly gunzTarPerm extractEntry docs/output/using-npm/registry.html
2690 silly gunzTarPerm modified mode [ 'docs/output/using-npm/registry.html', 438, 420 ]
2691 silly gunzTarPerm extractEntry docs/output/using-npm/removal.html
2692 silly gunzTarPerm modified mode [ 'docs/output/using-npm/removal.html', 438, 420 ]
2693 silly gunzTarPerm extractEntry docs/output/using-npm/scope.html
2694 silly gunzTarPerm modified mode [ 'docs/output/using-npm/scope.html', 438, 420 ]
2695 silly gunzTarPerm extractEntry docs/output/using-npm/scripts.html
2696 silly gunzTarPerm modified mode [ 'docs/output/using-npm/scripts.html', 438, 420 ]
2697 silly gunzTarPerm extractEntry docs/output/using-npm/workspaces.html
2698 silly gunzTarPerm modified mode [ 'docs/output/using-npm/workspaces.html', 438, 420 ]
2699 silly gunzTarPerm extractEntry lib/package-url-cmd.js
2700 silly gunzTarPerm modified mode [ 'lib/package-url-cmd.js', 438, 420 ]
2701 silly gunzTarPerm extractEntry lib/npm.js
2702 silly gunzTarPerm modified mode [ 'lib/npm.js', 438, 420 ]
2703 silly gunzTarPerm extractEntry lib/lifecycle-cmd.js
2704 silly gunzTarPerm modified mode [ 'lib/lifecycle-cmd.js', 438, 420 ]
2705 silly gunzTarPerm extractEntry lib/cli.js
2706 silly gunzTarPerm modified mode [ 'lib/cli.js', 438, 420 ]
2707 silly gunzTarPerm extractEntry lib/base-cmd.js
2708 silly gunzTarPerm modified mode [ 'lib/base-cmd.js', 438, 420 ]
2709 silly gunzTarPerm extractEntry lib/arborist-cmd.js
2710 silly gunzTarPerm modified mode [ 'lib/arborist-cmd.js', 438, 420 ]
2711 silly gunzTarPerm extractEntry lib/cli/validate-engines.js
2712 silly gunzTarPerm modified mode [ 'lib/cli/validate-engines.js', 438, 420 ]
2713 silly gunzTarPerm extractEntry lib/cli/update-notifier.js
2714 silly gunzTarPerm modified mode [ 'lib/cli/update-notifier.js', 438, 420 ]
2715 silly gunzTarPerm extractEntry lib/cli/exit-handler.js
2716 silly gunzTarPerm modified mode [ 'lib/cli/exit-handler.js', 438, 420 ]
2717 silly gunzTarPerm extractEntry lib/cli/entry.js
2718 silly gunzTarPerm modified mode [ 'lib/cli/entry.js', 438, 420 ]
2719 silly gunzTarPerm extractEntry lib/commands/whoami.js
2720 silly gunzTarPerm modified mode [ 'lib/commands/whoami.js', 438, 420 ]
2721 silly gunzTarPerm extractEntry lib/commands/view.js
2722 silly gunzTarPerm modified mode [ 'lib/commands/view.js', 438, 420 ]
2723 silly gunzTarPerm extractEntry lib/commands/version.js
2724 silly gunzTarPerm modified mode [ 'lib/commands/version.js', 438, 420 ]
2725 silly gunzTarPerm extractEntry lib/commands/update.js
2726 silly gunzTarPerm modified mode [ 'lib/commands/update.js', 438, 420 ]
2727 silly gunzTarPerm extractEntry lib/commands/unstar.js
2728 silly gunzTarPerm modified mode [ 'lib/commands/unstar.js', 438, 420 ]
2729 silly gunzTarPerm extractEntry lib/commands/unpublish.js
2730 silly gunzTarPerm modified mode [ 'lib/commands/unpublish.js', 438, 420 ]
2731 silly gunzTarPerm extractEntry lib/commands/uninstall.js
2732 silly gunzTarPerm modified mode [ 'lib/commands/uninstall.js', 438, 420 ]
2733 silly gunzTarPerm extractEntry lib/commands/undeprecate.js
2734 silly gunzTarPerm modified mode [ 'lib/commands/undeprecate.js', 438, 420 ]
2735 silly gunzTarPerm extractEntry lib/commands/token.js
2736 silly gunzTarPerm modified mode [ 'lib/commands/token.js', 438, 420 ]
2737 silly gunzTarPerm extractEntry lib/commands/test.js
2738 silly gunzTarPerm modified mode [ 'lib/commands/test.js', 438, 420 ]
2739 silly gunzTarPerm extractEntry lib/commands/team.js
2740 silly gunzTarPerm modified mode [ 'lib/commands/team.js', 438, 420 ]
2741 silly gunzTarPerm extractEntry lib/commands/stop.js
2742 silly gunzTarPerm modified mode [ 'lib/commands/stop.js', 438, 420 ]
2743 silly gunzTarPerm extractEntry lib/commands/start.js
2744 silly gunzTarPerm modified mode [ 'lib/commands/start.js', 438, 420 ]
2745 silly gunzTarPerm extractEntry lib/commands/stars.js
2746 silly gunzTarPerm modified mode [ 'lib/commands/stars.js', 438, 420 ]
2747 silly gunzTarPerm extractEntry lib/commands/star.js
2748 silly gunzTarPerm modified mode [ 'lib/commands/star.js', 438, 420 ]
2749 silly gunzTarPerm extractEntry lib/commands/shrinkwrap.js
2750 silly gunzTarPerm modified mode [ 'lib/commands/shrinkwrap.js', 438, 420 ]
2751 silly gunzTarPerm extractEntry lib/commands/set.js
2752 silly gunzTarPerm modified mode [ 'lib/commands/set.js', 438, 420 ]
2753 silly gunzTarPerm extractEntry lib/commands/search.js
2754 silly gunzTarPerm modified mode [ 'lib/commands/search.js', 438, 420 ]
2755 silly gunzTarPerm extractEntry lib/commands/sbom.js
2756 silly gunzTarPerm modified mode [ 'lib/commands/sbom.js', 438, 420 ]
2757 silly gunzTarPerm extractEntry lib/commands/run-script.js
2758 silly gunzTarPerm modified mode [ 'lib/commands/run-script.js', 438, 420 ]
2759 silly gunzTarPerm extractEntry lib/commands/root.js
2760 silly gunzTarPerm modified mode [ 'lib/commands/root.js', 438, 420 ]
2761 silly gunzTarPerm extractEntry lib/commands/restart.js
2762 silly gunzTarPerm modified mode [ 'lib/commands/restart.js', 438, 420 ]
2763 silly gunzTarPerm extractEntry lib/commands/repo.js
2764 silly gunzTarPerm modified mode [ 'lib/commands/repo.js', 438, 420 ]
2765 silly gunzTarPerm extractEntry lib/commands/rebuild.js
2766 silly gunzTarPerm modified mode [ 'lib/commands/rebuild.js', 438, 420 ]
2767 silly gunzTarPerm extractEntry lib/commands/query.js
2768 silly gunzTarPerm modified mode [ 'lib/commands/query.js', 438, 420 ]
2769 silly gunzTarPerm extractEntry lib/commands/publish.js
2770 silly gunzTarPerm modified mode [ 'lib/commands/publish.js', 438, 420 ]
2771 silly gunzTarPerm extractEntry lib/commands/prune.js
2772 silly gunzTarPerm modified mode [ 'lib/commands/prune.js', 438, 420 ]
2773 silly gunzTarPerm extractEntry lib/commands/profile.js
2774 silly gunzTarPerm modified mode [ 'lib/commands/profile.js', 438, 420 ]
2775 silly gunzTarPerm extractEntry lib/commands/prefix.js
2776 silly gunzTarPerm modified mode [ 'lib/commands/prefix.js', 438, 420 ]
2777 silly gunzTarPerm extractEntry lib/commands/pkg.js
2778 silly gunzTarPerm modified mode [ 'lib/commands/pkg.js', 438, 420 ]
2779 silly gunzTarPerm extractEntry lib/commands/ping.js
2780 silly gunzTarPerm modified mode [ 'lib/commands/ping.js', 438, 420 ]
2781 silly gunzTarPerm extractEntry lib/commands/pack.js
2782 silly gunzTarPerm modified mode [ 'lib/commands/pack.js', 438, 420 ]
2783 silly gunzTarPerm extractEntry lib/commands/owner.js
2784 silly gunzTarPerm modified mode [ 'lib/commands/owner.js', 438, 420 ]
2785 silly gunzTarPerm extractEntry lib/commands/outdated.js
2786 silly gunzTarPerm modified mode [ 'lib/commands/outdated.js', 438, 420 ]
2787 silly gunzTarPerm extractEntry lib/commands/org.js
2788 silly gunzTarPerm modified mode [ 'lib/commands/org.js', 438, 420 ]
2789 silly gunzTarPerm extractEntry lib/commands/ls.js
2790 silly gunzTarPerm modified mode [ 'lib/commands/ls.js', 438, 420 ]
2791 silly gunzTarPerm extractEntry lib/commands/logout.js
2792 silly gunzTarPerm modified mode [ 'lib/commands/logout.js', 438, 420 ]
2793 silly gunzTarPerm extractEntry lib/commands/login.js
2794 silly gunzTarPerm modified mode [ 'lib/commands/login.js', 438, 420 ]
2795 silly gunzTarPerm extractEntry lib/commands/ll.js
2796 silly gunzTarPerm modified mode [ 'lib/commands/ll.js', 438, 420 ]
2797 silly gunzTarPerm extractEntry lib/commands/link.js
2798 silly gunzTarPerm modified mode [ 'lib/commands/link.js', 438, 420 ]
2799 silly gunzTarPerm extractEntry lib/commands/install.js
2800 silly gunzTarPerm modified mode [ 'lib/commands/install.js', 438, 420 ]
2801 silly gunzTarPerm extractEntry lib/commands/install-test.js
2802 silly gunzTarPerm modified mode [ 'lib/commands/install-test.js', 438, 420 ]
2803 silly gunzTarPerm extractEntry lib/commands/install-ci-test.js
2804 silly gunzTarPerm modified mode [ 'lib/commands/install-ci-test.js', 438, 420 ]
2805 silly gunzTarPerm extractEntry lib/commands/init.js
2806 silly gunzTarPerm modified mode [ 'lib/commands/init.js', 438, 420 ]
2807 silly gunzTarPerm extractEntry lib/commands/help.js
2808 silly gunzTarPerm modified mode [ 'lib/commands/help.js', 438, 420 ]
2809 silly gunzTarPerm extractEntry lib/commands/help-search.js
2810 silly gunzTarPerm modified mode [ 'lib/commands/help-search.js', 438, 420 ]
2811 silly gunzTarPerm extractEntry lib/commands/get.js
2812 silly gunzTarPerm modified mode [ 'lib/commands/get.js', 438, 420 ]
2813 silly gunzTarPerm extractEntry lib/commands/fund.js
2814 silly gunzTarPerm modified mode [ 'lib/commands/fund.js', 438, 420 ]
2815 silly gunzTarPerm extractEntry lib/commands/find-dupes.js
2816 silly gunzTarPerm modified mode [ 'lib/commands/find-dupes.js', 438, 420 ]
2817 silly gunzTarPerm extractEntry lib/commands/explore.js
2818 silly gunzTarPerm modified mode [ 'lib/commands/explore.js', 438, 420 ]
2819 silly gunzTarPerm extractEntry lib/commands/explain.js
2820 silly gunzTarPerm modified mode [ 'lib/commands/explain.js', 438, 420 ]
2821 silly gunzTarPerm extractEntry lib/commands/exec.js
2822 silly gunzTarPerm modified mode [ 'lib/commands/exec.js', 438, 420 ]
2823 silly gunzTarPerm extractEntry lib/commands/edit.js
2824 silly gunzTarPerm modified mode [ 'lib/commands/edit.js', 438, 420 ]
2825 silly gunzTarPerm extractEntry lib/commands/doctor.js
2826 silly gunzTarPerm modified mode [ 'lib/commands/doctor.js', 438, 420 ]
2827 silly gunzTarPerm extractEntry lib/commands/docs.js
2828 silly gunzTarPerm modified mode [ 'lib/commands/docs.js', 438, 420 ]
2829 silly gunzTarPerm extractEntry lib/commands/dist-tag.js
2830 silly gunzTarPerm modified mode [ 'lib/commands/dist-tag.js', 438, 420 ]
2831 silly gunzTarPerm extractEntry lib/commands/diff.js
2832 silly gunzTarPerm modified mode [ 'lib/commands/diff.js', 438, 420 ]
2833 silly gunzTarPerm extractEntry lib/commands/deprecate.js
2834 silly gunzTarPerm modified mode [ 'lib/commands/deprecate.js', 438, 420 ]
2835 silly gunzTarPerm extractEntry lib/commands/dedupe.js
2836 silly gunzTarPerm modified mode [ 'lib/commands/dedupe.js', 438, 420 ]
2837 silly gunzTarPerm extractEntry lib/commands/config.js
2838 silly gunzTarPerm modified mode [ 'lib/commands/config.js', 438, 420 ]
2839 silly gunzTarPerm extractEntry lib/commands/completion.js
2840 silly gunzTarPerm modified mode [ 'lib/commands/completion.js', 438, 420 ]
2841 silly gunzTarPerm extractEntry lib/commands/ci.js
2842 silly gunzTarPerm modified mode [ 'lib/commands/ci.js', 438, 420 ]
2843 silly gunzTarPerm extractEntry lib/commands/cache.js
2844 silly gunzTarPerm modified mode [ 'lib/commands/cache.js', 438, 420 ]
2845 silly gunzTarPerm extractEntry lib/commands/bugs.js
2846 silly gunzTarPerm modified mode [ 'lib/commands/bugs.js', 438, 420 ]
2847 silly gunzTarPerm extractEntry lib/commands/audit.js
2848 silly gunzTarPerm modified mode [ 'lib/commands/audit.js', 438, 420 ]
2849 silly gunzTarPerm extractEntry lib/commands/adduser.js
2850 silly gunzTarPerm modified mode [ 'lib/commands/adduser.js', 438, 420 ]
2851 silly gunzTarPerm extractEntry lib/commands/access.js
2852 silly gunzTarPerm modified mode [ 'lib/commands/access.js', 438, 420 ]
2853 silly gunzTarPerm extractEntry lib/utils/verify-signatures.js
2854 silly gunzTarPerm modified mode [ 'lib/utils/verify-signatures.js', 438, 420 ]
2855 silly gunzTarPerm extractEntry lib/utils/validate-lockfile.js
2856 silly gunzTarPerm modified mode [ 'lib/utils/validate-lockfile.js', 438, 420 ]
2857 silly gunzTarPerm extractEntry lib/utils/update-workspaces.js
2858 silly gunzTarPerm modified mode [ 'lib/utils/update-workspaces.js', 438, 420 ]
2859 silly gunzTarPerm extractEntry lib/utils/timers.js
2860 silly gunzTarPerm modified mode [ 'lib/utils/timers.js', 438, 420 ]
2861 silly gunzTarPerm extractEntry lib/utils/tar.js
2862 silly gunzTarPerm modified mode [ 'lib/utils/tar.js', 438, 420 ]
2863 silly gunzTarPerm extractEntry lib/utils/sbom-spdx.js
2864 silly gunzTarPerm modified mode [ 'lib/utils/sbom-spdx.js', 438, 420 ]
2865 silly gunzTarPerm extractEntry lib/utils/sbom-cyclonedx.js
2866 silly gunzTarPerm modified mode [ 'lib/utils/sbom-cyclonedx.js', 438, 420 ]
2867 silly gunzTarPerm extractEntry lib/utils/reify-output.js
2868 silly gunzTarPerm modified mode [ 'lib/utils/reify-output.js', 438, 420 ]
2869 silly gunzTarPerm extractEntry lib/utils/reify-finish.js
2870 silly gunzTarPerm modified mode [ 'lib/utils/reify-finish.js', 438, 420 ]
2871 silly gunzTarPerm extractEntry lib/utils/read-user-info.js
2872 silly gunzTarPerm modified mode [ 'lib/utils/read-user-info.js', 438, 420 ]
2873 silly gunzTarPerm extractEntry lib/utils/queryable.js
2874 silly gunzTarPerm modified mode [ 'lib/utils/queryable.js', 438, 420 ]
2875 silly gunzTarPerm extractEntry lib/utils/ping.js
2876 silly gunzTarPerm modified mode [ 'lib/utils/ping.js', 438, 420 ]
2877 silly gunzTarPerm extractEntry lib/utils/output-error.js
2878 silly gunzTarPerm modified mode [ 'lib/utils/output-error.js', 438, 420 ]
2879 silly gunzTarPerm extractEntry lib/utils/open-url.js
2880 silly gunzTarPerm modified mode [ 'lib/utils/open-url.js', 438, 420 ]
2881 silly gunzTarPerm extractEntry lib/utils/npm-usage.js
2882 silly gunzTarPerm modified mode [ 'lib/utils/npm-usage.js', 438, 420 ]
2883 silly gunzTarPerm extractEntry lib/utils/log-file.js
2884 silly gunzTarPerm modified mode [ 'lib/utils/log-file.js', 438, 420 ]
2885 silly gunzTarPerm extractEntry lib/utils/is-windows.js
2886 silly gunzTarPerm modified mode [ 'lib/utils/is-windows.js', 438, 420 ]
2887 silly gunzTarPerm extractEntry lib/utils/installed-shallow.js
2888 silly gunzTarPerm modified mode [ 'lib/utils/installed-shallow.js', 438, 420 ]
2889 silly gunzTarPerm extractEntry lib/utils/installed-deep.js
2890 silly gunzTarPerm modified mode [ 'lib/utils/installed-deep.js', 438, 420 ]
2891 silly gunzTarPerm extractEntry lib/utils/get-workspaces.js
2892 silly gunzTarPerm modified mode [ 'lib/utils/get-workspaces.js', 438, 420 ]
2893 silly gunzTarPerm extractEntry lib/utils/get-identity.js
2894 silly gunzTarPerm modified mode [ 'lib/utils/get-identity.js', 438, 420 ]
2895 silly gunzTarPerm extractEntry lib/utils/format.js
2896 silly gunzTarPerm modified mode [ 'lib/utils/format.js', 438, 420 ]
2897 silly gunzTarPerm extractEntry lib/utils/format-search-stream.js
2898 silly gunzTarPerm modified mode [ 'lib/utils/format-search-stream.js', 438, 420 ]
2899 silly gunzTarPerm extractEntry lib/utils/format-bytes.js
2900 silly gunzTarPerm modified mode [ 'lib/utils/format-bytes.js', 438, 420 ]
2901 silly gunzTarPerm extractEntry lib/utils/explain-eresolve.js
2902 silly gunzTarPerm modified mode [ 'lib/utils/explain-eresolve.js', 438, 420 ]
2903 silly gunzTarPerm extractEntry lib/utils/explain-dep.js
2904 silly gunzTarPerm modified mode [ 'lib/utils/explain-dep.js', 438, 420 ]
2905 silly gunzTarPerm extractEntry lib/utils/error-message.js
2906 silly gunzTarPerm modified mode [ 'lib/utils/error-message.js', 438, 420 ]
2907 silly gunzTarPerm extractEntry lib/utils/display.js
2908 silly gunzTarPerm modified mode [ 'lib/utils/display.js', 438, 420 ]
2909 silly gunzTarPerm extractEntry lib/utils/did-you-mean.js
2910 silly gunzTarPerm modified mode [ 'lib/utils/did-you-mean.js', 438, 420 ]
2911 silly gunzTarPerm extractEntry lib/utils/cmd-list.js
2912 silly gunzTarPerm modified mode [ 'lib/utils/cmd-list.js', 438, 420 ]
2913 silly gunzTarPerm extractEntry lib/utils/auth.js
2914 silly gunzTarPerm modified mode [ 'lib/utils/auth.js', 438, 420 ]
2915 silly gunzTarPerm extractEntry lib/utils/audit-error.js
2916 silly gunzTarPerm modified mode [ 'lib/utils/audit-error.js', 438, 420 ]
2917 silly gunzTarPerm extractEntry lib/utils/completion.fish
2918 silly gunzTarPerm modified mode [ 'lib/utils/completion.fish', 438, 420 ]
2919 silly gunzTarPerm extractEntry lib/utils/completion.sh
2920 silly gunzTarPerm modified mode [ 'lib/utils/completion.sh', 438, 420 ]
2921 silly gunzTarPerm extractEntry man/man1/npm-access.1
2922 silly gunzTarPerm modified mode [ 'man/man1/npm-access.1', 438, 420 ]
2923 silly gunzTarPerm extractEntry man/man1/npm-adduser.1
2924 silly gunzTarPerm modified mode [ 'man/man1/npm-adduser.1', 438, 420 ]
2925 silly gunzTarPerm extractEntry man/man1/npm-audit.1
2926 silly gunzTarPerm modified mode [ 'man/man1/npm-audit.1', 438, 420 ]
2927 silly gunzTarPerm extractEntry man/man1/npm-bugs.1
2928 silly gunzTarPerm modified mode [ 'man/man1/npm-bugs.1', 438, 420 ]
2929 silly gunzTarPerm extractEntry man/man1/npm-cache.1
2930 silly gunzTarPerm modified mode [ 'man/man1/npm-cache.1', 438, 420 ]
2931 silly gunzTarPerm extractEntry man/man1/npm-ci.1
2932 silly gunzTarPerm modified mode [ 'man/man1/npm-ci.1', 438, 420 ]
2933 silly gunzTarPerm extractEntry man/man1/npm-completion.1
2934 silly gunzTarPerm modified mode [ 'man/man1/npm-completion.1', 438, 420 ]
2935 silly gunzTarPerm extractEntry man/man1/npm-config.1
2936 silly gunzTarPerm modified mode [ 'man/man1/npm-config.1', 438, 420 ]
2937 silly gunzTarPerm extractEntry man/man1/npm-dedupe.1
2938 silly gunzTarPerm modified mode [ 'man/man1/npm-dedupe.1', 438, 420 ]
2939 silly gunzTarPerm extractEntry man/man1/npm-deprecate.1
2940 silly gunzTarPerm modified mode [ 'man/man1/npm-deprecate.1', 438, 420 ]
2941 silly gunzTarPerm extractEntry man/man1/npm-diff.1
2942 silly gunzTarPerm modified mode [ 'man/man1/npm-diff.1', 438, 420 ]
2943 silly gunzTarPerm extractEntry man/man1/npm-dist-tag.1
2944 silly gunzTarPerm modified mode [ 'man/man1/npm-dist-tag.1', 438, 420 ]
2945 silly gunzTarPerm extractEntry man/man1/npm-docs.1
2946 silly gunzTarPerm modified mode [ 'man/man1/npm-docs.1', 438, 420 ]
2947 silly gunzTarPerm extractEntry man/man1/npm-doctor.1
2948 silly gunzTarPerm modified mode [ 'man/man1/npm-doctor.1', 438, 420 ]
2949 silly gunzTarPerm extractEntry man/man1/npm-edit.1
2950 silly gunzTarPerm modified mode [ 'man/man1/npm-edit.1', 438, 420 ]
2951 silly gunzTarPerm extractEntry man/man1/npm-exec.1
2952 silly gunzTarPerm modified mode [ 'man/man1/npm-exec.1', 438, 420 ]
2953 silly gunzTarPerm extractEntry man/man1/npm-explain.1
2954 silly gunzTarPerm modified mode [ 'man/man1/npm-explain.1', 438, 420 ]
2955 silly gunzTarPerm extractEntry man/man1/npm-explore.1
2956 silly gunzTarPerm modified mode [ 'man/man1/npm-explore.1', 438, 420 ]
2957 silly gunzTarPerm extractEntry man/man1/npm-find-dupes.1
2958 silly gunzTarPerm modified mode [ 'man/man1/npm-find-dupes.1', 438, 420 ]
2959 silly gunzTarPerm extractEntry man/man1/npm-fund.1
2960 silly gunzTarPerm modified mode [ 'man/man1/npm-fund.1', 438, 420 ]
2961 silly gunzTarPerm extractEntry man/man1/npm-help-search.1
2962 silly gunzTarPerm modified mode [ 'man/man1/npm-help-search.1', 438, 420 ]
2963 silly gunzTarPerm extractEntry man/man1/npm-help.1
2964 silly gunzTarPerm modified mode [ 'man/man1/npm-help.1', 438, 420 ]
2965 silly gunzTarPerm extractEntry man/man1/npm-init.1
2966 silly gunzTarPerm modified mode [ 'man/man1/npm-init.1', 438, 420 ]
2967 silly gunzTarPerm extractEntry man/man1/npm-install-ci-test.1
2968 silly gunzTarPerm modified mode [ 'man/man1/npm-install-ci-test.1', 438, 420 ]
2969 silly gunzTarPerm extractEntry man/man1/npm-install-test.1
2970 silly gunzTarPerm modified mode [ 'man/man1/npm-install-test.1', 438, 420 ]
2971 silly gunzTarPerm extractEntry man/man1/npm-install.1
2972 silly gunzTarPerm modified mode [ 'man/man1/npm-install.1', 438, 420 ]
2973 silly gunzTarPerm extractEntry man/man1/npm-link.1
2974 silly gunzTarPerm modified mode [ 'man/man1/npm-link.1', 438, 420 ]
2975 silly gunzTarPerm extractEntry man/man1/npm-login.1
2976 silly gunzTarPerm modified mode [ 'man/man1/npm-login.1', 438, 420 ]
2977 silly gunzTarPerm extractEntry man/man1/npm-logout.1
2978 silly gunzTarPerm modified mode [ 'man/man1/npm-logout.1', 438, 420 ]
2979 silly gunzTarPerm extractEntry man/man1/npm-ls.1
2980 silly gunzTarPerm modified mode [ 'man/man1/npm-ls.1', 438, 420 ]
2981 silly gunzTarPerm extractEntry man/man1/npm-org.1
2982 silly gunzTarPerm modified mode [ 'man/man1/npm-org.1', 438, 420 ]
2983 silly gunzTarPerm extractEntry man/man1/npm-outdated.1
2984 silly gunzTarPerm modified mode [ 'man/man1/npm-outdated.1', 438, 420 ]
2985 silly gunzTarPerm extractEntry man/man1/npm-owner.1
2986 silly gunzTarPerm modified mode [ 'man/man1/npm-owner.1', 438, 420 ]
2987 silly gunzTarPerm extractEntry man/man1/npm-pack.1
2988 silly gunzTarPerm modified mode [ 'man/man1/npm-pack.1', 438, 420 ]
2989 silly gunzTarPerm extractEntry man/man1/npm-ping.1
2990 silly gunzTarPerm modified mode [ 'man/man1/npm-ping.1', 438, 420 ]
2991 silly gunzTarPerm extractEntry man/man1/npm-pkg.1
2992 silly gunzTarPerm modified mode [ 'man/man1/npm-pkg.1', 438, 420 ]
2993 silly gunzTarPerm extractEntry man/man1/npm-prefix.1
2994 silly gunzTarPerm modified mode [ 'man/man1/npm-prefix.1', 438, 420 ]
2995 silly gunzTarPerm extractEntry man/man1/npm-profile.1
2996 silly gunzTarPerm modified mode [ 'man/man1/npm-profile.1', 438, 420 ]
2997 silly gunzTarPerm extractEntry man/man1/npm-prune.1
2998 silly gunzTarPerm modified mode [ 'man/man1/npm-prune.1', 438, 420 ]
2999 silly gunzTarPerm extractEntry man/man1/npm-publish.1
3000 silly gunzTarPerm modified mode [ 'man/man1/npm-publish.1', 438, 420 ]
3001 silly gunzTarPerm extractEntry man/man1/npm-query.1
3002 silly gunzTarPerm modified mode [ 'man/man1/npm-query.1', 438, 420 ]
3003 silly gunzTarPerm extractEntry man/man1/npm-rebuild.1
3004 silly gunzTarPerm modified mode [ 'man/man1/npm-rebuild.1', 438, 420 ]
3005 silly gunzTarPerm extractEntry man/man1/npm-repo.1
3006 silly gunzTarPerm modified mode [ 'man/man1/npm-repo.1', 438, 420 ]
3007 silly gunzTarPerm extractEntry man/man1/npm-restart.1
3008 silly gunzTarPerm modified mode [ 'man/man1/npm-restart.1', 438, 420 ]
3009 silly gunzTarPerm extractEntry man/man1/npm-root.1
3010 silly gunzTarPerm modified mode [ 'man/man1/npm-root.1', 438, 420 ]
3011 silly gunzTarPerm extractEntry man/man1/npm-run-script.1
3012 silly gunzTarPerm modified mode [ 'man/man1/npm-run-script.1', 438, 420 ]
3013 silly gunzTarPerm extractEntry man/man1/npm-sbom.1
3014 silly gunzTarPerm modified mode [ 'man/man1/npm-sbom.1', 438, 420 ]
3015 silly gunzTarPerm extractEntry man/man1/npm-search.1
3016 silly gunzTarPerm modified mode [ 'man/man1/npm-search.1', 438, 420 ]
3017 silly gunzTarPerm extractEntry man/man1/npm-shrinkwrap.1
3018 silly gunzTarPerm modified mode [ 'man/man1/npm-shrinkwrap.1', 438, 420 ]
3019 silly gunzTarPerm extractEntry man/man1/npm-star.1
3020 silly gunzTarPerm modified mode [ 'man/man1/npm-star.1', 438, 420 ]
3021 silly gunzTarPerm extractEntry man/man1/npm-stars.1
3022 silly gunzTarPerm modified mode [ 'man/man1/npm-stars.1', 438, 420 ]
3023 silly gunzTarPerm extractEntry man/man1/npm-start.1
3024 silly gunzTarPerm modified mode [ 'man/man1/npm-start.1', 438, 420 ]
3025 silly gunzTarPerm extractEntry man/man1/npm-stop.1
3026 silly gunzTarPerm modified mode [ 'man/man1/npm-stop.1', 438, 420 ]
3027 silly gunzTarPerm extractEntry man/man1/npm-team.1
3028 silly gunzTarPerm modified mode [ 'man/man1/npm-team.1', 438, 420 ]
3029 silly gunzTarPerm extractEntry man/man1/npm-test.1
3030 silly gunzTarPerm modified mode [ 'man/man1/npm-test.1', 438, 420 ]
3031 silly gunzTarPerm extractEntry man/man1/npm-token.1
3032 silly gunzTarPerm modified mode [ 'man/man1/npm-token.1', 438, 420 ]
3033 silly gunzTarPerm extractEntry man/man1/npm-undeprecate.1
3034 silly gunzTarPerm modified mode [ 'man/man1/npm-undeprecate.1', 438, 420 ]
3035 silly gunzTarPerm extractEntry man/man1/npm-uninstall.1
3036 silly gunzTarPerm modified mode [ 'man/man1/npm-uninstall.1', 438, 420 ]
3037 silly gunzTarPerm extractEntry man/man1/npm-unpublish.1
3038 silly gunzTarPerm modified mode [ 'man/man1/npm-unpublish.1', 438, 420 ]
3039 silly gunzTarPerm extractEntry man/man1/npm-unstar.1
3040 silly gunzTarPerm modified mode [ 'man/man1/npm-unstar.1', 438, 420 ]
3041 silly gunzTarPerm extractEntry man/man1/npm-update.1
3042 silly gunzTarPerm modified mode [ 'man/man1/npm-update.1', 438, 420 ]
3043 silly gunzTarPerm extractEntry man/man1/npm-version.1
3044 silly gunzTarPerm modified mode [ 'man/man1/npm-version.1', 438, 420 ]
3045 silly gunzTarPerm extractEntry man/man1/npm-view.1
3046 silly gunzTarPerm modified mode [ 'man/man1/npm-view.1', 438, 420 ]
3047 silly gunzTarPerm extractEntry man/man1/npm-whoami.1
3048 silly gunzTarPerm modified mode [ 'man/man1/npm-whoami.1', 438, 420 ]
3049 silly gunzTarPerm extractEntry man/man1/npm.1
3050 silly gunzTarPerm modified mode [ 'man/man1/npm.1', 438, 420 ]
3051 silly gunzTarPerm extractEntry man/man1/npx.1
3052 silly gunzTarPerm modified mode [ 'man/man1/npx.1', 438, 420 ]
3053 silly gunzTarPerm extractEntry man/man5/folders.5
3054 silly gunzTarPerm modified mode [ 'man/man5/folders.5', 438, 420 ]
3055 silly gunzTarPerm extractEntry man/man5/install.5
3056 silly gunzTarPerm modified mode [ 'man/man5/install.5', 438, 420 ]
3057 silly gunzTarPerm extractEntry man/man5/npm-global.5
3058 silly gunzTarPerm modified mode [ 'man/man5/npm-global.5', 438, 420 ]
3059 silly gunzTarPerm extractEntry man/man5/npm-json.5
3060 silly gunzTarPerm modified mode [ 'man/man5/npm-json.5', 438, 420 ]
3061 silly gunzTarPerm extractEntry man/man5/npm-shrinkwrap-json.5
3062 silly gunzTarPerm modified mode [ 'man/man5/npm-shrinkwrap-json.5', 438, 420 ]
3063 silly gunzTarPerm extractEntry man/man5/npmrc.5
3064 silly gunzTarPerm modified mode [ 'man/man5/npmrc.5', 438, 420 ]
3065 silly gunzTarPerm extractEntry man/man5/package-json.5
3066 silly gunzTarPerm modified mode [ 'man/man5/package-json.5', 438, 420 ]
3067 silly gunzTarPerm extractEntry man/man5/package-lock-json.5
3068 silly gunzTarPerm modified mode [ 'man/man5/package-lock-json.5', 438, 420 ]
3069 silly gunzTarPerm extractEntry man/man7/config.7
3070 silly gunzTarPerm modified mode [ 'man/man7/config.7', 438, 420 ]
3071 silly gunzTarPerm extractEntry man/man7/dependency-selectors.7
3072 silly gunzTarPerm modified mode [ 'man/man7/dependency-selectors.7', 438, 420 ]
3073 silly gunzTarPerm extractEntry man/man7/developers.7
3074 silly gunzTarPerm modified mode [ 'man/man7/developers.7', 438, 420 ]
3075 silly gunzTarPerm extractEntry man/man7/logging.7
3076 silly gunzTarPerm modified mode [ 'man/man7/logging.7', 438, 420 ]
3077 silly gunzTarPerm extractEntry man/man7/orgs.7
3078 silly gunzTarPerm modified mode [ 'man/man7/orgs.7', 438, 420 ]
3079 silly gunzTarPerm extractEntry man/man7/package-spec.7
3080 silly gunzTarPerm modified mode [ 'man/man7/package-spec.7', 438, 420 ]
3081 silly gunzTarPerm extractEntry man/man7/registry.7
3082 silly gunzTarPerm modified mode [ 'man/man7/registry.7', 438, 420 ]
3083 silly gunzTarPerm extractEntry man/man7/removal.7
3084 silly gunzTarPerm modified mode [ 'man/man7/removal.7', 438, 420 ]
3085 silly gunzTarPerm extractEntry man/man7/scope.7
3086 silly gunzTarPerm modified mode [ 'man/man7/scope.7', 438, 420 ]
3087 silly gunzTarPerm extractEntry man/man7/scripts.7
3088 silly gunzTarPerm modified mode [ 'man/man7/scripts.7', 438, 420 ]
3089 silly gunzTarPerm extractEntry man/man7/workspaces.7
3090 silly gunzTarPerm modified mode [ 'man/man7/workspaces.7', 438, 420 ]
3091 silly gunzTarPerm extractEntry node_modules/abbrev/package.json
3092 silly gunzTarPerm modified mode [ 'node_modules/abbrev/package.json', 438, 420 ]
3093 silly gunzTarPerm extractEntry node_modules/abbrev/lib/index.js
3094 silly gunzTarPerm modified mode [ 'node_modules/abbrev/lib/index.js', 438, 420 ]
3095 silly gunzTarPerm extractEntry node_modules/archy/package.json
3096 silly gunzTarPerm modified mode [ 'node_modules/archy/package.json', 438, 420 ]
3097 silly gunzTarPerm extractEntry node_modules/archy/LICENSE
3098 silly gunzTarPerm modified mode [ 'node_modules/archy/LICENSE', 438, 420 ]
3099 silly gunzTarPerm extractEntry node_modules/archy/index.js
3100 silly gunzTarPerm modified mode [ 'node_modules/archy/index.js', 438, 420 ]
3101 silly gunzTarPerm extractEntry node_modules/archy/examples/multi_line.js
3102 silly gunzTarPerm modified mode [ 'node_modules/archy/examples/multi_line.js', 438, 420 ]
3103 silly gunzTarPerm extractEntry node_modules/archy/examples/beep.js
3104 silly gunzTarPerm modified mode [ 'node_modules/archy/examples/beep.js', 438, 420 ]
3105 silly gunzTarPerm extractEntry node_modules/archy/test/non_unicode.js
3106 silly gunzTarPerm modified mode [ 'node_modules/archy/test/non_unicode.js', 438, 420 ]
3107 silly gunzTarPerm extractEntry node_modules/archy/test/multi_line.js
3108 silly gunzTarPerm modified mode [ 'node_modules/archy/test/multi_line.js', 438, 420 ]
3109 silly gunzTarPerm extractEntry node_modules/archy/test/beep.js
3110 silly gunzTarPerm modified mode [ 'node_modules/archy/test/beep.js', 438, 420 ]
3111 silly gunzTarPerm extractEntry node_modules/cacache/package.json
3112 silly gunzTarPerm modified mode [ 'node_modules/cacache/package.json', 438, 420 ]
3113 silly gunzTarPerm extractEntry node_modules/cacache/lib/verify.js
3114 silly gunzTarPerm modified mode [ 'node_modules/cacache/lib/verify.js', 438, 420 ]
3115 silly gunzTarPerm extractEntry node_modules/cacache/lib/rm.js
3116 silly gunzTarPerm modified mode [ 'node_modules/cacache/lib/rm.js', 438, 420 ]
3117 silly gunzTarPerm extractEntry node_modules/cacache/lib/put.js
3118 silly gunzTarPerm modified mode [ 'node_modules/cacache/lib/put.js', 438, 420 ]
3119 silly gunzTarPerm extractEntry node_modules/cacache/lib/memoization.js
3120 silly gunzTarPerm modified mode [ 'node_modules/cacache/lib/memoization.js', 438, 420 ]
3121 silly gunzTarPerm extractEntry node_modules/cacache/lib/index.js
3122 silly gunzTarPerm modified mode [ 'node_modules/cacache/lib/index.js', 438, 420 ]
3123 silly gunzTarPerm extractEntry node_modules/cacache/lib/get.js
3124 silly gunzTarPerm modified mode [ 'node_modules/cacache/lib/get.js', 438, 420 ]
3125 silly gunzTarPerm extractEntry node_modules/cacache/lib/entry-index.js
3126 silly gunzTarPerm modified mode [ 'node_modules/cacache/lib/entry-index.js', 438, 420 ]
3127 silly gunzTarPerm extractEntry node_modules/cacache/lib/content/write.js
3128 silly gunzTarPerm modified mode [ 'node_modules/cacache/lib/content/write.js', 438, 420 ]
3129 silly gunzTarPerm extractEntry node_modules/cacache/lib/content/rm.js
3130 silly gunzTarPerm modified mode [ 'node_modules/cacache/lib/content/rm.js', 438, 420 ]
3131 silly gunzTarPerm extractEntry node_modules/cacache/lib/content/read.js
3132 silly gunzTarPerm modified mode [ 'node_modules/cacache/lib/content/read.js', 438, 420 ]
3133 silly gunzTarPerm extractEntry node_modules/cacache/lib/content/path.js
3134 silly gunzTarPerm modified mode [ 'node_modules/cacache/lib/content/path.js', 438, 420 ]
3135 silly gunzTarPerm extractEntry node_modules/cacache/lib/util/tmp.js
3136 silly gunzTarPerm modified mode [ 'node_modules/cacache/lib/util/tmp.js', 438, 420 ]
3137 silly gunzTarPerm extractEntry node_modules/cacache/lib/util/hash-to-segments.js
3138 silly gunzTarPerm modified mode [ 'node_modules/cacache/lib/util/hash-to-segments.js', 438, 420 ]
3139 silly gunzTarPerm extractEntry node_modules/cacache/lib/util/glob.js
3140 silly gunzTarPerm modified mode [ 'node_modules/cacache/lib/util/glob.js', 438, 420 ]
3141 silly gunzTarPerm extractEntry node_modules/cacache/node_modules/chownr/package.json
3142 silly gunzTarPerm modified mode [ 'node_modules/cacache/node_modules/chownr/package.json', 438, 420 ]
3143 silly gunzTarPerm extractEntry node_modules/cacache/node_modules/chownr/dist/commonjs/package.json
3144 silly gunzTarPerm modified mode [
3144 silly gunzTarPerm   'node_modules/cacache/node_modules/chownr/dist/commonjs/package.json',
3144 silly gunzTarPerm   438,
3144 silly gunzTarPerm   420
3144 silly gunzTarPerm ]
3145 silly gunzTarPerm extractEntry node_modules/cacache/node_modules/chownr/dist/commonjs/index.js
3146 silly gunzTarPerm modified mode [
3146 silly gunzTarPerm   'node_modules/cacache/node_modules/chownr/dist/commonjs/index.js',
3146 silly gunzTarPerm   438,
3146 silly gunzTarPerm   420
3146 silly gunzTarPerm ]
3147 silly gunzTarPerm extractEntry node_modules/cacache/node_modules/chownr/dist/esm/package.json
3148 silly gunzTarPerm modified mode [
3148 silly gunzTarPerm   'node_modules/cacache/node_modules/chownr/dist/esm/package.json',
3148 silly gunzTarPerm   438,
3148 silly gunzTarPerm   420
3148 silly gunzTarPerm ]
3149 silly gunzTarPerm extractEntry node_modules/cacache/node_modules/chownr/dist/esm/index.js
3150 silly gunzTarPerm modified mode [
3150 silly gunzTarPerm   'node_modules/cacache/node_modules/chownr/dist/esm/index.js',
3150 silly gunzTarPerm   438,
3150 silly gunzTarPerm   420
3150 silly gunzTarPerm ]
3151 silly gunzTarPerm extractEntry node_modules/cacache/node_modules/minizlib/package.json
3152 silly gunzTarPerm modified mode [ 'node_modules/cacache/node_modules/minizlib/package.json', 438, 420 ]
3153 silly gunzTarPerm extractEntry node_modules/cacache/node_modules/minizlib/dist/commonjs/package.json
3154 silly gunzTarPerm modified mode [
3154 silly gunzTarPerm   'node_modules/cacache/node_modules/minizlib/dist/commonjs/package.json',
3154 silly gunzTarPerm   438,
3154 silly gunzTarPerm   420
3154 silly gunzTarPerm ]
3155 silly gunzTarPerm extractEntry node_modules/cacache/node_modules/minizlib/dist/commonjs/index.js
3156 silly gunzTarPerm modified mode [
3156 silly gunzTarPerm   'node_modules/cacache/node_modules/minizlib/dist/commonjs/index.js',
3156 silly gunzTarPerm   438,
3156 silly gunzTarPerm   420
3156 silly gunzTarPerm ]
3157 silly gunzTarPerm extractEntry node_modules/cacache/node_modules/minizlib/dist/commonjs/constants.js
3158 silly gunzTarPerm modified mode [
3158 silly gunzTarPerm   'node_modules/cacache/node_modules/minizlib/dist/commonjs/constants.js',
3158 silly gunzTarPerm   438,
3158 silly gunzTarPerm   420
3158 silly gunzTarPerm ]
3159 silly gunzTarPerm extractEntry node_modules/cacache/node_modules/minizlib/dist/esm/package.json
3160 silly gunzTarPerm modified mode [
3160 silly gunzTarPerm   'node_modules/cacache/node_modules/minizlib/dist/esm/package.json',
3160 silly gunzTarPerm   438,
3160 silly gunzTarPerm   420
3160 silly gunzTarPerm ]
3161 silly gunzTarPerm extractEntry node_modules/cacache/node_modules/minizlib/dist/esm/index.js
3162 silly gunzTarPerm modified mode [
3162 silly gunzTarPerm   'node_modules/cacache/node_modules/minizlib/dist/esm/index.js',
3162 silly gunzTarPerm   438,
3162 silly gunzTarPerm   420
3162 silly gunzTarPerm ]
3163 silly gunzTarPerm extractEntry node_modules/cacache/node_modules/minizlib/dist/esm/constants.js
3164 silly gunzTarPerm modified mode [
3164 silly gunzTarPerm   'node_modules/cacache/node_modules/minizlib/dist/esm/constants.js',
3164 silly gunzTarPerm   438,
3164 silly gunzTarPerm   420
3164 silly gunzTarPerm ]
3165 silly gunzTarPerm extractEntry node_modules/cacache/node_modules/mkdirp/package.json
3166 silly gunzTarPerm modified mode [ 'node_modules/cacache/node_modules/mkdirp/package.json', 438, 420 ]
3167 silly gunzTarPerm extractEntry node_modules/cacache/node_modules/mkdirp/dist/cjs/package.json
3168 silly gunzTarPerm modified mode [
3168 silly gunzTarPerm   'node_modules/cacache/node_modules/mkdirp/dist/cjs/package.json',
3168 silly gunzTarPerm   438,
3168 silly gunzTarPerm   420
3168 silly gunzTarPerm ]
3169 silly gunzTarPerm extractEntry node_modules/cacache/node_modules/mkdirp/dist/mjs/package.json
3170 silly gunzTarPerm modified mode [
3170 silly gunzTarPerm   'node_modules/cacache/node_modules/mkdirp/dist/mjs/package.json',
3170 silly gunzTarPerm   438,
3170 silly gunzTarPerm   420
3170 silly gunzTarPerm ]
3171 silly gunzTarPerm extractEntry node_modules/cacache/node_modules/mkdirp/dist/mjs/use-native.js
3172 silly gunzTarPerm modified mode [
3172 silly gunzTarPerm   'node_modules/cacache/node_modules/mkdirp/dist/mjs/use-native.js',
3172 silly gunzTarPerm   438,
3172 silly gunzTarPerm   420
3172 silly gunzTarPerm ]
3173 silly gunzTarPerm extractEntry node_modules/cacache/node_modules/mkdirp/dist/mjs/path-arg.js
3174 silly gunzTarPerm modified mode [
3174 silly gunzTarPerm   'node_modules/cacache/node_modules/mkdirp/dist/mjs/path-arg.js',
3174 silly gunzTarPerm   438,
3174 silly gunzTarPerm   420
3174 silly gunzTarPerm ]
3175 silly gunzTarPerm extractEntry node_modules/cacache/node_modules/mkdirp/dist/mjs/opts-arg.js
3176 silly gunzTarPerm modified mode [
3176 silly gunzTarPerm   'node_modules/cacache/node_modules/mkdirp/dist/mjs/opts-arg.js',
3176 silly gunzTarPerm   438,
3176 silly gunzTarPerm   420
3176 silly gunzTarPerm ]
3177 silly gunzTarPerm extractEntry node_modules/cacache/node_modules/mkdirp/dist/mjs/mkdirp-native.js
3178 silly gunzTarPerm modified mode [
3178 silly gunzTarPerm   'node_modules/cacache/node_modules/mkdirp/dist/mjs/mkdirp-native.js',
3178 silly gunzTarPerm   438,
3178 silly gunzTarPerm   420
3178 silly gunzTarPerm ]
3179 silly gunzTarPerm extractEntry node_modules/cacache/node_modules/mkdirp/dist/mjs/mkdirp-manual.js
3180 silly gunzTarPerm modified mode [
3180 silly gunzTarPerm   'node_modules/cacache/node_modules/mkdirp/dist/mjs/mkdirp-manual.js',
3180 silly gunzTarPerm   438,
3180 silly gunzTarPerm   420
3180 silly gunzTarPerm ]
3181 silly gunzTarPerm extractEntry node_modules/cacache/node_modules/mkdirp/dist/mjs/index.js
3182 silly gunzTarPerm modified mode [
3182 silly gunzTarPerm   'node_modules/cacache/node_modules/mkdirp/dist/mjs/index.js',
3182 silly gunzTarPerm   438,
3182 silly gunzTarPerm   420
3182 silly gunzTarPerm ]
3183 silly gunzTarPerm extractEntry node_modules/cacache/node_modules/mkdirp/dist/mjs/find-made.js
3184 silly gunzTarPerm modified mode [
3184 silly gunzTarPerm   'node_modules/cacache/node_modules/mkdirp/dist/mjs/find-made.js',
3184 silly gunzTarPerm   438,
3184 silly gunzTarPerm   420
3184 silly gunzTarPerm ]
3185 silly gunzTarPerm extractEntry node_modules/cacache/node_modules/mkdirp/dist/mjs/find-made.d.ts
3186 silly gunzTarPerm modified mode [
3186 silly gunzTarPerm   'node_modules/cacache/node_modules/mkdirp/dist/mjs/find-made.d.ts',
3186 silly gunzTarPerm   438,
3186 silly gunzTarPerm   420
3186 silly gunzTarPerm ]
3187 silly gunzTarPerm extractEntry node_modules/cacache/node_modules/mkdirp/dist/mjs/find-made.d.ts.map
3188 silly gunzTarPerm modified mode [
3188 silly gunzTarPerm   'node_modules/cacache/node_modules/mkdirp/dist/mjs/find-made.d.ts.map',
3188 silly gunzTarPerm   438,
3188 silly gunzTarPerm   420
3188 silly gunzTarPerm ]
3189 silly gunzTarPerm extractEntry node_modules/cacache/node_modules/mkdirp/dist/mjs/find-made.js.map
3190 silly gunzTarPerm modified mode [
3190 silly gunzTarPerm   'node_modules/cacache/node_modules/mkdirp/dist/mjs/find-made.js.map',
3190 silly gunzTarPerm   438,
3190 silly gunzTarPerm   420
3190 silly gunzTarPerm ]
3191 silly gunzTarPerm extractEntry node_modules/cacache/node_modules/mkdirp/dist/mjs/index.d.ts
3192 silly gunzTarPerm modified mode [
3192 silly gunzTarPerm   'node_modules/cacache/node_modules/mkdirp/dist/mjs/index.d.ts',
3192 silly gunzTarPerm   438,
3192 silly gunzTarPerm   420
3192 silly gunzTarPerm ]
3193 silly gunzTarPerm extractEntry node_modules/cacache/node_modules/mkdirp/dist/mjs/index.d.ts.map
3194 silly gunzTarPerm modified mode [
3194 silly gunzTarPerm   'node_modules/cacache/node_modules/mkdirp/dist/mjs/index.d.ts.map',
3194 silly gunzTarPerm   438,
3194 silly gunzTarPerm   420
3194 silly gunzTarPerm ]
3195 silly gunzTarPerm extractEntry node_modules/cacache/node_modules/mkdirp/dist/mjs/index.js.map
3196 silly gunzTarPerm modified mode [
3196 silly gunzTarPerm   'node_modules/cacache/node_modules/mkdirp/dist/mjs/index.js.map',
3196 silly gunzTarPerm   438,
3196 silly gunzTarPerm   420
3196 silly gunzTarPerm ]
3197 silly gunzTarPerm extractEntry node_modules/cacache/node_modules/mkdirp/dist/mjs/mkdirp-manual.d.ts
3198 silly gunzTarPerm modified mode [
3198 silly gunzTarPerm   'node_modules/cacache/node_modules/mkdirp/dist/mjs/mkdirp-manual.d.ts',
3198 silly gunzTarPerm   438,
3198 silly gunzTarPerm   420
3198 silly gunzTarPerm ]
3199 silly gunzTarPerm extractEntry node_modules/cacache/node_modules/mkdirp/dist/mjs/mkdirp-manual.d.ts.map
3200 silly gunzTarPerm modified mode [
3200 silly gunzTarPerm   'node_modules/cacache/node_modules/mkdirp/dist/mjs/mkdirp-manual.d.ts.map',
3200 silly gunzTarPerm   438,
3200 silly gunzTarPerm   420
3200 silly gunzTarPerm ]
3201 silly gunzTarPerm extractEntry node_modules/cacache/node_modules/mkdirp/dist/mjs/mkdirp-manual.js.map
3202 silly gunzTarPerm modified mode [
3202 silly gunzTarPerm   'node_modules/cacache/node_modules/mkdirp/dist/mjs/mkdirp-manual.js.map',
3202 silly gunzTarPerm   438,
3202 silly gunzTarPerm   420
3202 silly gunzTarPerm ]
3203 silly gunzTarPerm extractEntry node_modules/cacache/node_modules/mkdirp/dist/mjs/mkdirp-native.d.ts
3204 silly gunzTarPerm modified mode [
3204 silly gunzTarPerm   'node_modules/cacache/node_modules/mkdirp/dist/mjs/mkdirp-native.d.ts',
3204 silly gunzTarPerm   438,
3204 silly gunzTarPerm   420
3204 silly gunzTarPerm ]
3205 silly gunzTarPerm extractEntry node_modules/cacache/node_modules/mkdirp/dist/mjs/mkdirp-native.d.ts.map
3206 silly gunzTarPerm modified mode [
3206 silly gunzTarPerm   'node_modules/cacache/node_modules/mkdirp/dist/mjs/mkdirp-native.d.ts.map',
3206 silly gunzTarPerm   438,
3206 silly gunzTarPerm   420
3206 silly gunzTarPerm ]
3207 silly gunzTarPerm extractEntry node_modules/cacache/node_modules/mkdirp/dist/mjs/mkdirp-native.js.map
3208 silly gunzTarPerm modified mode [
3208 silly gunzTarPerm   'node_modules/cacache/node_modules/mkdirp/dist/mjs/mkdirp-native.js.map',
3208 silly gunzTarPerm   438,
3208 silly gunzTarPerm   420
3208 silly gunzTarPerm ]
3209 silly gunzTarPerm extractEntry node_modules/cacache/node_modules/mkdirp/dist/mjs/opts-arg.d.ts
3210 silly gunzTarPerm modified mode [
3210 silly gunzTarPerm   'node_modules/cacache/node_modules/mkdirp/dist/mjs/opts-arg.d.ts',
3210 silly gunzTarPerm   438,
3210 silly gunzTarPerm   420
3210 silly gunzTarPerm ]
3211 silly gunzTarPerm extractEntry node_modules/cacache/node_modules/mkdirp/dist/mjs/opts-arg.d.ts.map
3212 silly gunzTarPerm modified mode [
3212 silly gunzTarPerm   'node_modules/cacache/node_modules/mkdirp/dist/mjs/opts-arg.d.ts.map',
3212 silly gunzTarPerm   438,
3212 silly gunzTarPerm   420
3212 silly gunzTarPerm ]
3213 silly gunzTarPerm extractEntry node_modules/cacache/node_modules/mkdirp/dist/mjs/opts-arg.js.map
3214 silly gunzTarPerm modified mode [
3214 silly gunzTarPerm   'node_modules/cacache/node_modules/mkdirp/dist/mjs/opts-arg.js.map',
3214 silly gunzTarPerm   438,
3214 silly gunzTarPerm   420
3214 silly gunzTarPerm ]
3215 silly gunzTarPerm extractEntry node_modules/cacache/node_modules/mkdirp/dist/mjs/path-arg.d.ts
3216 silly gunzTarPerm modified mode [
3216 silly gunzTarPerm   'node_modules/cacache/node_modules/mkdirp/dist/mjs/path-arg.d.ts',
3216 silly gunzTarPerm   438,
3216 silly gunzTarPerm   420
3216 silly gunzTarPerm ]
3217 silly gunzTarPerm extractEntry node_modules/cacache/node_modules/mkdirp/dist/mjs/path-arg.d.ts.map
3218 silly gunzTarPerm modified mode [
3218 silly gunzTarPerm   'node_modules/cacache/node_modules/mkdirp/dist/mjs/path-arg.d.ts.map',
3218 silly gunzTarPerm   438,
3218 silly gunzTarPerm   420
3218 silly gunzTarPerm ]
3219 silly gunzTarPerm extractEntry node_modules/cacache/node_modules/mkdirp/dist/mjs/path-arg.js.map
3220 silly gunzTarPerm modified mode [
3220 silly gunzTarPerm   'node_modules/cacache/node_modules/mkdirp/dist/mjs/path-arg.js.map',
3220 silly gunzTarPerm   438,
3220 silly gunzTarPerm   420
3220 silly gunzTarPerm ]
3221 silly gunzTarPerm extractEntry node_modules/cacache/node_modules/mkdirp/dist/mjs/use-native.d.ts
3222 silly gunzTarPerm modified mode [
3222 silly gunzTarPerm   'node_modules/cacache/node_modules/mkdirp/dist/mjs/use-native.d.ts',
3222 silly gunzTarPerm   438,
3222 silly gunzTarPerm   420
3222 silly gunzTarPerm ]
3223 silly gunzTarPerm extractEntry node_modules/cacache/node_modules/mkdirp/dist/mjs/use-native.d.ts.map
3224 silly gunzTarPerm modified mode [
3224 silly gunzTarPerm   'node_modules/cacache/node_modules/mkdirp/dist/mjs/use-native.d.ts.map',
3224 silly gunzTarPerm   438,
3224 silly gunzTarPerm   420
3224 silly gunzTarPerm ]
3225 silly gunzTarPerm extractEntry node_modules/cacache/node_modules/mkdirp/dist/mjs/use-native.js.map
3226 silly gunzTarPerm modified mode [
3226 silly gunzTarPerm   'node_modules/cacache/node_modules/mkdirp/dist/mjs/use-native.js.map',
3226 silly gunzTarPerm   438,
3226 silly gunzTarPerm   420
3226 silly gunzTarPerm ]
3227 silly gunzTarPerm extractEntry node_modules/cacache/node_modules/mkdirp/readme.markdown
3228 silly gunzTarPerm modified mode [
3228 silly gunzTarPerm   'node_modules/cacache/node_modules/mkdirp/readme.markdown',
3228 silly gunzTarPerm   438,
3228 silly gunzTarPerm   420
3228 silly gunzTarPerm ]
3229 silly gunzTarPerm extractEntry node_modules/cacache/node_modules/tar/package.json
3230 silly gunzTarPerm modified mode [ 'node_modules/cacache/node_modules/tar/package.json', 438, 420 ]
3231 silly gunzTarPerm extractEntry node_modules/cacache/node_modules/tar/dist/commonjs/package.json
3232 silly gunzTarPerm modified mode [
3232 silly gunzTarPerm   'node_modules/cacache/node_modules/tar/dist/commonjs/package.json',
3232 silly gunzTarPerm   438,
3232 silly gunzTarPerm   420
3232 silly gunzTarPerm ]
3233 silly gunzTarPerm extractEntry node_modules/cacache/node_modules/tar/dist/commonjs/write-entry.js
3234 silly gunzTarPerm modified mode [
3234 silly gunzTarPerm   'node_modules/cacache/node_modules/tar/dist/commonjs/write-entry.js',
3234 silly gunzTarPerm   438,
3234 silly gunzTarPerm   420
3234 silly gunzTarPerm ]
3235 silly gunzTarPerm extractEntry node_modules/cacache/node_modules/tar/dist/commonjs/winchars.js
3236 silly gunzTarPerm modified mode [
3236 silly gunzTarPerm   'node_modules/cacache/node_modules/tar/dist/commonjs/winchars.js',
3236 silly gunzTarPerm   438,
3236 silly gunzTarPerm   420
3236 silly gunzTarPerm ]
3237 silly gunzTarPerm extractEntry node_modules/cacache/node_modules/tar/dist/commonjs/warn-method.js
3238 silly gunzTarPerm modified mode [
3238 silly gunzTarPerm   'node_modules/cacache/node_modules/tar/dist/commonjs/warn-method.js',
3238 silly gunzTarPerm   438,
3238 silly gunzTarPerm   420
3238 silly gunzTarPerm ]
3239 silly gunzTarPerm extractEntry node_modules/cacache/node_modules/tar/dist/commonjs/update.js
3240 silly gunzTarPerm modified mode [
3240 silly gunzTarPerm   'node_modules/cacache/node_modules/tar/dist/commonjs/update.js',
3240 silly gunzTarPerm   438,
3240 silly gunzTarPerm   420
3240 silly gunzTarPerm ]
3241 silly gunzTarPerm extractEntry node_modules/cacache/node_modules/tar/dist/commonjs/unpack.js
3242 silly gunzTarPerm modified mode [
3242 silly gunzTarPerm   'node_modules/cacache/node_modules/tar/dist/commonjs/unpack.js',
3242 silly gunzTarPerm   438,
3242 silly gunzTarPerm   420
3242 silly gunzTarPerm ]
3243 silly gunzTarPerm extractEntry node_modules/cacache/node_modules/tar/dist/commonjs/types.js
3244 silly gunzTarPerm modified mode [
3244 silly gunzTarPerm   'node_modules/cacache/node_modules/tar/dist/commonjs/types.js',
3244 silly gunzTarPerm   438,
3244 silly gunzTarPerm   420
3244 silly gunzTarPerm ]
3245 silly gunzTarPerm extractEntry node_modules/cacache/node_modules/tar/dist/commonjs/symlink-error.js
3246 silly gunzTarPerm modified mode [
3246 silly gunzTarPerm   'node_modules/cacache/node_modules/tar/dist/commonjs/symlink-error.js',
3246 silly gunzTarPerm   438,
3246 silly gunzTarPerm   420
3246 silly gunzTarPerm ]
3247 silly gunzTarPerm extractEntry node_modules/cacache/node_modules/tar/dist/commonjs/strip-trailing-slashes.js
3248 silly gunzTarPerm modified mode [
3248 silly gunzTarPerm   'node_modules/cacache/node_modules/tar/dist/commonjs/strip-trailing-slashes.js',
3248 silly gunzTarPerm   438,
3248 silly gunzTarPerm   420
3248 silly gunzTarPerm ]
3249 silly gunzTarPerm extractEntry node_modules/cacache/node_modules/tar/dist/commonjs/strip-absolute-path.js
3250 silly gunzTarPerm modified mode [
3250 silly gunzTarPerm   'node_modules/cacache/node_modules/tar/dist/commonjs/strip-absolute-path.js',
3250 silly gunzTarPerm   438,
3250 silly gunzTarPerm   420
3250 silly gunzTarPerm ]
3251 silly gunzTarPerm extractEntry node_modules/cacache/node_modules/tar/dist/commonjs/replace.js
3252 silly gunzTarPerm modified mode [
3252 silly gunzTarPerm   'node_modules/cacache/node_modules/tar/dist/commonjs/replace.js',
3252 silly gunzTarPerm   438,
3252 silly gunzTarPerm   420
3252 silly gunzTarPerm ]
3253 silly gunzTarPerm extractEntry node_modules/cacache/node_modules/tar/dist/commonjs/read-entry.js
3254 silly gunzTarPerm modified mode [
3254 silly gunzTarPerm   'node_modules/cacache/node_modules/tar/dist/commonjs/read-entry.js',
3254 silly gunzTarPerm   438,
3254 silly gunzTarPerm   420
3254 silly gunzTarPerm ]
3255 silly gunzTarPerm extractEntry node_modules/cacache/node_modules/tar/dist/commonjs/pax.js
3256 silly gunzTarPerm modified mode [
3256 silly gunzTarPerm   'node_modules/cacache/node_modules/tar/dist/commonjs/pax.js',
3256 silly gunzTarPerm   438,
3256 silly gunzTarPerm   420
3256 silly gunzTarPerm ]
3257 silly gunzTarPerm extractEntry node_modules/cacache/node_modules/tar/dist/commonjs/path-reservations.js
3258 silly gunzTarPerm modified mode [
3258 silly gunzTarPerm   'node_modules/cacache/node_modules/tar/dist/commonjs/path-reservations.js',
3258 silly gunzTarPerm   438,
3258 silly gunzTarPerm   420
3258 silly gunzTarPerm ]
3259 silly gunzTarPerm extractEntry node_modules/cacache/node_modules/tar/dist/commonjs/parse.js
3260 silly gunzTarPerm modified mode [
3260 silly gunzTarPerm   'node_modules/cacache/node_modules/tar/dist/commonjs/parse.js',
3260 silly gunzTarPerm   438,
3260 silly gunzTarPerm   420
3260 silly gunzTarPerm ]
3261 silly gunzTarPerm extractEntry node_modules/cacache/node_modules/tar/dist/commonjs/pack.js
3262 silly gunzTarPerm modified mode [
3262 silly gunzTarPerm   'node_modules/cacache/node_modules/tar/dist/commonjs/pack.js',
3262 silly gunzTarPerm   438,
3262 silly gunzTarPerm   420
3262 silly gunzTarPerm ]
3263 silly gunzTarPerm extractEntry node_modules/cacache/node_modules/tar/dist/commonjs/options.js
3264 silly gunzTarPerm modified mode [
3264 silly gunzTarPerm   'node_modules/cacache/node_modules/tar/dist/commonjs/options.js',
3264 silly gunzTarPerm   438,
3264 silly gunzTarPerm   420
3264 silly gunzTarPerm ]
3265 silly gunzTarPerm extractEntry node_modules/cacache/node_modules/tar/dist/commonjs/normalize-windows-path.js
3266 silly gunzTarPerm modified mode [
3266 silly gunzTarPerm   'node_modules/cacache/node_modules/tar/dist/commonjs/normalize-windows-path.js',
3266 silly gunzTarPerm   438,
3266 silly gunzTarPerm   420
3266 silly gunzTarPerm ]
3267 silly gunzTarPerm extractEntry node_modules/cacache/node_modules/tar/dist/commonjs/normalize-unicode.js
3268 silly gunzTarPerm modified mode [
3268 silly gunzTarPerm   'node_modules/cacache/node_modules/tar/dist/commonjs/normalize-unicode.js',
3268 silly gunzTarPerm   438,
3268 silly gunzTarPerm   420
3268 silly gunzTarPerm ]
3269 silly gunzTarPerm extractEntry node_modules/cacache/node_modules/tar/dist/commonjs/mode-fix.js
3270 silly gunzTarPerm modified mode [
3270 silly gunzTarPerm   'node_modules/cacache/node_modules/tar/dist/commonjs/mode-fix.js',
3270 silly gunzTarPerm   438,
3270 silly gunzTarPerm   420
3270 silly gunzTarPerm ]
3271 silly gunzTarPerm extractEntry node_modules/cacache/node_modules/tar/dist/commonjs/mkdir.js
3272 silly gunzTarPerm modified mode [
3272 silly gunzTarPerm   'node_modules/cacache/node_modules/tar/dist/commonjs/mkdir.js',
3272 silly gunzTarPerm   438,
3272 silly gunzTarPerm   420
3272 silly gunzTarPerm ]
3273 silly gunzTarPerm extractEntry node_modules/cacache/node_modules/tar/dist/commonjs/make-command.js
3274 silly gunzTarPerm modified mode [
3274 silly gunzTarPerm   'node_modules/cacache/node_modules/tar/dist/commonjs/make-command.js',
3274 silly gunzTarPerm   438,
3274 silly gunzTarPerm   420
3274 silly gunzTarPerm ]
3275 silly gunzTarPerm extractEntry node_modules/cacache/node_modules/tar/dist/commonjs/list.js
3276 silly gunzTarPerm modified mode [
3276 silly gunzTarPerm   'node_modules/cacache/node_modules/tar/dist/commonjs/list.js',
3276 silly gunzTarPerm   438,
3276 silly gunzTarPerm   420
3276 silly gunzTarPerm ]
3277 silly gunzTarPerm extractEntry node_modules/cacache/node_modules/tar/dist/commonjs/large-numbers.js
3278 silly gunzTarPerm modified mode [
3278 silly gunzTarPerm   'node_modules/cacache/node_modules/tar/dist/commonjs/large-numbers.js',
3278 silly gunzTarPerm   438,
3278 silly gunzTarPerm   420
3278 silly gunzTarPerm ]
3279 silly gunzTarPerm extractEntry node_modules/cacache/node_modules/tar/dist/commonjs/index.js
3280 silly gunzTarPerm modified mode [
3280 silly gunzTarPerm   'node_modules/cacache/node_modules/tar/dist/commonjs/index.js',
3280 silly gunzTarPerm   438,
3280 silly gunzTarPerm   420
3280 silly gunzTarPerm ]
3281 silly gunzTarPerm extractEntry node_modules/cacache/node_modules/tar/dist/commonjs/header.js
3282 silly gunzTarPerm modified mode [
3282 silly gunzTarPerm   'node_modules/cacache/node_modules/tar/dist/commonjs/header.js',
3282 silly gunzTarPerm   438,
3282 silly gunzTarPerm   420
3282 silly gunzTarPerm ]
3283 silly gunzTarPerm extractEntry node_modules/cacache/node_modules/tar/dist/commonjs/get-write-flag.js
3284 silly gunzTarPerm modified mode [
3284 silly gunzTarPerm   'node_modules/cacache/node_modules/tar/dist/commonjs/get-write-flag.js',
3284 silly gunzTarPerm   438,
3284 silly gunzTarPerm   420
3284 silly gunzTarPerm ]
3285 silly gunzTarPerm extractEntry node_modules/cacache/node_modules/tar/dist/commonjs/extract.js
3286 silly gunzTarPerm modified mode [
3286 silly gunzTarPerm   'node_modules/cacache/node_modules/tar/dist/commonjs/extract.js',
3286 silly gunzTarPerm   438,
3286 silly gunzTarPerm   420
3286 silly gunzTarPerm ]
3287 silly gunzTarPerm extractEntry node_modules/cacache/node_modules/tar/dist/commonjs/cwd-error.js
3288 silly gunzTarPerm modified mode [
3288 silly gunzTarPerm   'node_modules/cacache/node_modules/tar/dist/commonjs/cwd-error.js',
3288 silly gunzTarPerm   438,
3288 silly gunzTarPerm   420
3288 silly gunzTarPerm ]
3289 silly gunzTarPerm extractEntry node_modules/cacache/node_modules/tar/dist/commonjs/create.js
3290 silly gunzTarPerm modified mode [
3290 silly gunzTarPerm   'node_modules/cacache/node_modules/tar/dist/commonjs/create.js',
3290 silly gunzTarPerm   438,
3290 silly gunzTarPerm   420
3290 silly gunzTarPerm ]
3291 silly gunzTarPerm extractEntry node_modules/cacache/node_modules/tar/dist/esm/package.json
3292 silly gunzTarPerm modified mode [
3292 silly gunzTarPerm   'node_modules/cacache/node_modules/tar/dist/esm/package.json',
3292 silly gunzTarPerm   438,
3292 silly gunzTarPerm   420
3292 silly gunzTarPerm ]
3293 silly gunzTarPerm extractEntry node_modules/cacache/node_modules/tar/dist/esm/write-entry.js
3294 silly gunzTarPerm modified mode [
3294 silly gunzTarPerm   'node_modules/cacache/node_modules/tar/dist/esm/write-entry.js',
3294 silly gunzTarPerm   438,
3294 silly gunzTarPerm   420
3294 silly gunzTarPerm ]
3295 silly gunzTarPerm extractEntry node_modules/cacache/node_modules/tar/dist/esm/winchars.js
3296 silly gunzTarPerm modified mode [
3296 silly gunzTarPerm   'node_modules/cacache/node_modules/tar/dist/esm/winchars.js',
3296 silly gunzTarPerm   438,
3296 silly gunzTarPerm   420
3296 silly gunzTarPerm ]
3297 silly gunzTarPerm extractEntry node_modules/cacache/node_modules/tar/dist/esm/warn-method.js
3298 silly gunzTarPerm modified mode [
3298 silly gunzTarPerm   'node_modules/cacache/node_modules/tar/dist/esm/warn-method.js',
3298 silly gunzTarPerm   438,
3298 silly gunzTarPerm   420
3298 silly gunzTarPerm ]
3299 silly gunzTarPerm extractEntry node_modules/cacache/node_modules/tar/dist/esm/update.js
3300 silly gunzTarPerm modified mode [
3300 silly gunzTarPerm   'node_modules/cacache/node_modules/tar/dist/esm/update.js',
3300 silly gunzTarPerm   438,
3300 silly gunzTarPerm   420
3300 silly gunzTarPerm ]
3301 silly gunzTarPerm extractEntry node_modules/cacache/node_modules/tar/dist/esm/unpack.js
3302 silly gunzTarPerm modified mode [
3302 silly gunzTarPerm   'node_modules/cacache/node_modules/tar/dist/esm/unpack.js',
3302 silly gunzTarPerm   438,
3302 silly gunzTarPerm   420
3302 silly gunzTarPerm ]
3303 silly gunzTarPerm extractEntry node_modules/cacache/node_modules/tar/dist/esm/types.js
3304 silly gunzTarPerm modified mode [ 'node_modules/cacache/node_modules/tar/dist/esm/types.js', 438, 420 ]
3305 silly gunzTarPerm extractEntry node_modules/cacache/node_modules/tar/dist/esm/symlink-error.js
3306 silly gunzTarPerm modified mode [
3306 silly gunzTarPerm   'node_modules/cacache/node_modules/tar/dist/esm/symlink-error.js',
3306 silly gunzTarPerm   438,
3306 silly gunzTarPerm   420
3306 silly gunzTarPerm ]
3307 silly gunzTarPerm extractEntry node_modules/cacache/node_modules/tar/dist/esm/strip-trailing-slashes.js
3308 silly gunzTarPerm modified mode [
3308 silly gunzTarPerm   'node_modules/cacache/node_modules/tar/dist/esm/strip-trailing-slashes.js',
3308 silly gunzTarPerm   438,
3308 silly gunzTarPerm   420
3308 silly gunzTarPerm ]
3309 silly gunzTarPerm extractEntry node_modules/cacache/node_modules/tar/dist/esm/strip-absolute-path.js
3310 silly gunzTarPerm modified mode [
3310 silly gunzTarPerm   'node_modules/cacache/node_modules/tar/dist/esm/strip-absolute-path.js',
3310 silly gunzTarPerm   438,
3310 silly gunzTarPerm   420
3310 silly gunzTarPerm ]
3311 silly gunzTarPerm extractEntry node_modules/cacache/node_modules/tar/dist/esm/replace.js
3312 silly gunzTarPerm modified mode [
3312 silly gunzTarPerm   'node_modules/cacache/node_modules/tar/dist/esm/replace.js',
3312 silly gunzTarPerm   438,
3312 silly gunzTarPerm   420
3312 silly gunzTarPerm ]
3313 silly gunzTarPerm extractEntry node_modules/cacache/node_modules/tar/dist/esm/read-entry.js
3314 silly gunzTarPerm modified mode [
3314 silly gunzTarPerm   'node_modules/cacache/node_modules/tar/dist/esm/read-entry.js',
3314 silly gunzTarPerm   438,
3314 silly gunzTarPerm   420
3314 silly gunzTarPerm ]
3315 silly gunzTarPerm extractEntry node_modules/cacache/node_modules/tar/dist/esm/pax.js
3316 silly gunzTarPerm modified mode [ 'node_modules/cacache/node_modules/tar/dist/esm/pax.js', 438, 420 ]
3317 silly gunzTarPerm extractEntry node_modules/cacache/node_modules/tar/dist/esm/path-reservations.js
3318 silly gunzTarPerm modified mode [
3318 silly gunzTarPerm   'node_modules/cacache/node_modules/tar/dist/esm/path-reservations.js',
3318 silly gunzTarPerm   438,
3318 silly gunzTarPerm   420
3318 silly gunzTarPerm ]
3319 silly gunzTarPerm extractEntry node_modules/cacache/node_modules/tar/dist/esm/parse.js
3320 silly gunzTarPerm modified mode [ 'node_modules/cacache/node_modules/tar/dist/esm/parse.js', 438, 420 ]
3321 silly gunzTarPerm extractEntry node_modules/cacache/node_modules/tar/dist/esm/pack.js
3322 silly gunzTarPerm modified mode [ 'node_modules/cacache/node_modules/tar/dist/esm/pack.js', 438, 420 ]
3323 silly gunzTarPerm extractEntry node_modules/cacache/node_modules/tar/dist/esm/options.js
3324 silly gunzTarPerm modified mode [
3324 silly gunzTarPerm   'node_modules/cacache/node_modules/tar/dist/esm/options.js',
3324 silly gunzTarPerm   438,
3324 silly gunzTarPerm   420
3324 silly gunzTarPerm ]
3325 silly gunzTarPerm extractEntry node_modules/cacache/node_modules/tar/dist/esm/normalize-windows-path.js
3326 silly gunzTarPerm modified mode [
3326 silly gunzTarPerm   'node_modules/cacache/node_modules/tar/dist/esm/normalize-windows-path.js',
3326 silly gunzTarPerm   438,
3326 silly gunzTarPerm   420
3326 silly gunzTarPerm ]
3327 silly gunzTarPerm extractEntry node_modules/cacache/node_modules/tar/dist/esm/normalize-unicode.js
3328 silly gunzTarPerm modified mode [
3328 silly gunzTarPerm   'node_modules/cacache/node_modules/tar/dist/esm/normalize-unicode.js',
3328 silly gunzTarPerm   438,
3328 silly gunzTarPerm   420
3328 silly gunzTarPerm ]
3329 silly gunzTarPerm extractEntry node_modules/cacache/node_modules/tar/dist/esm/mode-fix.js
3330 silly gunzTarPerm modified mode [
3330 silly gunzTarPerm   'node_modules/cacache/node_modules/tar/dist/esm/mode-fix.js',
3330 silly gunzTarPerm   438,
3330 silly gunzTarPerm   420
3330 silly gunzTarPerm ]
3331 silly gunzTarPerm extractEntry node_modules/cacache/node_modules/tar/dist/esm/mkdir.js
3332 silly gunzTarPerm modified mode [ 'node_modules/cacache/node_modules/tar/dist/esm/mkdir.js', 438, 420 ]
3333 silly gunzTarPerm extractEntry node_modules/cacache/node_modules/tar/dist/esm/make-command.js
3334 silly gunzTarPerm modified mode [
3334 silly gunzTarPerm   'node_modules/cacache/node_modules/tar/dist/esm/make-command.js',
3334 silly gunzTarPerm   438,
3334 silly gunzTarPerm   420
3334 silly gunzTarPerm ]
3335 silly gunzTarPerm extractEntry node_modules/cacache/node_modules/tar/dist/esm/list.js
3336 silly gunzTarPerm modified mode [ 'node_modules/cacache/node_modules/tar/dist/esm/list.js', 438, 420 ]
3337 silly gunzTarPerm extractEntry node_modules/cacache/node_modules/tar/dist/esm/large-numbers.js
3338 silly gunzTarPerm modified mode [
3338 silly gunzTarPerm   'node_modules/cacache/node_modules/tar/dist/esm/large-numbers.js',
3338 silly gunzTarPerm   438,
3338 silly gunzTarPerm   420
3338 silly gunzTarPerm ]
3339 silly gunzTarPerm extractEntry node_modules/cacache/node_modules/tar/dist/esm/index.js
3340 silly gunzTarPerm modified mode [ 'node_modules/cacache/node_modules/tar/dist/esm/index.js', 438, 420 ]
3341 silly gunzTarPerm extractEntry node_modules/cacache/node_modules/tar/dist/esm/header.js
3342 silly gunzTarPerm modified mode [
3342 silly gunzTarPerm   'node_modules/cacache/node_modules/tar/dist/esm/header.js',
3342 silly gunzTarPerm   438,
3342 silly gunzTarPerm   420
3342 silly gunzTarPerm ]
3343 silly gunzTarPerm extractEntry node_modules/cacache/node_modules/tar/dist/esm/get-write-flag.js
3344 silly gunzTarPerm modified mode [
3344 silly gunzTarPerm   'node_modules/cacache/node_modules/tar/dist/esm/get-write-flag.js',
3344 silly gunzTarPerm   438,
3344 silly gunzTarPerm   420
3344 silly gunzTarPerm ]
3345 silly gunzTarPerm extractEntry node_modules/cacache/node_modules/tar/dist/esm/extract.js
3346 silly gunzTarPerm modified mode [
3346 silly gunzTarPerm   'node_modules/cacache/node_modules/tar/dist/esm/extract.js',
3346 silly gunzTarPerm   438,
3346 silly gunzTarPerm   420
3346 silly gunzTarPerm ]
3347 silly gunzTarPerm extractEntry node_modules/cacache/node_modules/tar/dist/esm/cwd-error.js
3348 silly gunzTarPerm modified mode [
3348 silly gunzTarPerm   'node_modules/cacache/node_modules/tar/dist/esm/cwd-error.js',
3348 silly gunzTarPerm   438,
3348 silly gunzTarPerm   420
3348 silly gunzTarPerm ]
3349 silly gunzTarPerm extractEntry node_modules/cacache/node_modules/tar/dist/esm/create.js
3350 silly gunzTarPerm modified mode [
3350 silly gunzTarPerm   'node_modules/cacache/node_modules/tar/dist/esm/create.js',
3350 silly gunzTarPerm   438,
3350 silly gunzTarPerm   420
3350 silly gunzTarPerm ]
3351 silly gunzTarPerm extractEntry node_modules/cacache/node_modules/yallist/package.json
3352 silly gunzTarPerm modified mode [ 'node_modules/cacache/node_modules/yallist/package.json', 438, 420 ]
3353 silly gunzTarPerm extractEntry node_modules/cacache/node_modules/yallist/dist/commonjs/package.json
3354 silly gunzTarPerm modified mode [
3354 silly gunzTarPerm   'node_modules/cacache/node_modules/yallist/dist/commonjs/package.json',
3354 silly gunzTarPerm   438,
3354 silly gunzTarPerm   420
3354 silly gunzTarPerm ]
3355 silly gunzTarPerm extractEntry node_modules/cacache/node_modules/yallist/dist/commonjs/index.js
3356 silly gunzTarPerm modified mode [
3356 silly gunzTarPerm   'node_modules/cacache/node_modules/yallist/dist/commonjs/index.js',
3356 silly gunzTarPerm   438,
3356 silly gunzTarPerm   420
3356 silly gunzTarPerm ]
3357 silly gunzTarPerm extractEntry node_modules/cacache/node_modules/yallist/dist/esm/package.json
3358 silly gunzTarPerm modified mode [
3358 silly gunzTarPerm   'node_modules/cacache/node_modules/yallist/dist/esm/package.json',
3358 silly gunzTarPerm   438,
3358 silly gunzTarPerm   420
3358 silly gunzTarPerm ]
3359 silly gunzTarPerm extractEntry node_modules/cacache/node_modules/yallist/dist/esm/index.js
3360 silly gunzTarPerm modified mode [
3360 silly gunzTarPerm   'node_modules/cacache/node_modules/yallist/dist/esm/index.js',
3360 silly gunzTarPerm   438,
3360 silly gunzTarPerm   420
3360 silly gunzTarPerm ]
3361 silly gunzTarPerm extractEntry node_modules/chalk/package.json
3362 silly gunzTarPerm modified mode [ 'node_modules/chalk/package.json', 438, 420 ]
3363 silly gunzTarPerm extractEntry node_modules/chalk/source/utilities.js
3364 silly gunzTarPerm modified mode [ 'node_modules/chalk/source/utilities.js', 438, 420 ]
3365 silly gunzTarPerm extractEntry node_modules/chalk/source/index.js
3366 silly gunzTarPerm modified mode [ 'node_modules/chalk/source/index.js', 438, 420 ]
3367 silly gunzTarPerm extractEntry node_modules/chalk/source/vendor/ansi-styles/index.js
3368 silly gunzTarPerm modified mode [ 'node_modules/chalk/source/vendor/ansi-styles/index.js', 438, 420 ]
3369 silly gunzTarPerm extractEntry node_modules/chalk/source/vendor/supports-color/index.js
3370 silly gunzTarPerm modified mode [
3370 silly gunzTarPerm   'node_modules/chalk/source/vendor/supports-color/index.js',
3370 silly gunzTarPerm   438,
3370 silly gunzTarPerm   420
3370 silly gunzTarPerm ]
3371 silly gunzTarPerm extractEntry node_modules/chalk/source/vendor/supports-color/browser.js
3372 silly gunzTarPerm modified mode [
3372 silly gunzTarPerm   'node_modules/chalk/source/vendor/supports-color/browser.js',
3372 silly gunzTarPerm   438,
3372 silly gunzTarPerm   420
3372 silly gunzTarPerm ]
3373 silly gunzTarPerm extractEntry node_modules/ci-info/package.json
3374 silly gunzTarPerm modified mode [ 'node_modules/ci-info/package.json', 438, 420 ]
3375 silly gunzTarPerm extractEntry node_modules/ci-info/index.js
3376 silly gunzTarPerm modified mode [ 'node_modules/ci-info/index.js', 438, 420 ]
3377 silly gunzTarPerm extractEntry node_modules/ci-info/vendors.json
3378 silly gunzTarPerm modified mode [ 'node_modules/ci-info/vendors.json', 438, 420 ]
3379 silly gunzTarPerm extractEntry node_modules/cli-columns/package.json
3380 silly gunzTarPerm modified mode [ 'node_modules/cli-columns/package.json', 438, 420 ]
3381 silly gunzTarPerm extractEntry node_modules/cli-columns/test.js
3382 silly gunzTarPerm modified mode [ 'node_modules/cli-columns/test.js', 438, 420 ]
3383 silly gunzTarPerm extractEntry node_modules/cli-columns/index.js
3384 silly gunzTarPerm modified mode [ 'node_modules/cli-columns/index.js', 438, 420 ]
3385 silly gunzTarPerm extractEntry node_modules/cli-columns/color.js
3386 silly gunzTarPerm modified mode [ 'node_modules/cli-columns/color.js', 438, 420 ]
3387 silly gunzTarPerm extractEntry node_modules/fastest-levenshtein/package.json
3388 silly gunzTarPerm modified mode [ 'node_modules/fastest-levenshtein/package.json', 438, 420 ]
3389 silly gunzTarPerm extractEntry node_modules/fastest-levenshtein/test.js
3390 silly gunzTarPerm modified mode [ 'node_modules/fastest-levenshtein/test.js', 438, 420 ]
3391 silly gunzTarPerm extractEntry node_modules/fastest-levenshtein/mod.js
3392 silly gunzTarPerm modified mode [ 'node_modules/fastest-levenshtein/mod.js', 438, 420 ]
3393 silly gunzTarPerm extractEntry node_modules/fastest-levenshtein/bench.js
3394 silly gunzTarPerm modified mode [ 'node_modules/fastest-levenshtein/bench.js', 438, 420 ]
3395 silly gunzTarPerm extractEntry node_modules/fastest-levenshtein/esm/mod.js
3396 silly gunzTarPerm modified mode [ 'node_modules/fastest-levenshtein/esm/mod.js', 438, 420 ]
3397 silly gunzTarPerm extractEntry node_modules/fastest-levenshtein/LICENSE.md
3398 silly gunzTarPerm modified mode [ 'node_modules/fastest-levenshtein/LICENSE.md', 438, 420 ]
3399 silly gunzTarPerm extractEntry node_modules/fs-minipass/package.json
3400 silly gunzTarPerm modified mode [ 'node_modules/fs-minipass/package.json', 438, 420 ]
3401 silly gunzTarPerm extractEntry node_modules/fs-minipass/lib/index.js
3402 silly gunzTarPerm modified mode [ 'node_modules/fs-minipass/lib/index.js', 438, 420 ]
3403 silly gunzTarPerm extractEntry node_modules/glob/package.json
3404 silly gunzTarPerm modified mode [ 'node_modules/glob/package.json', 438, 420 ]
3405 silly gunzTarPerm extractEntry node_modules/glob/README.md
3406 silly gunzTarPerm modified mode [ 'node_modules/glob/README.md', 438, 420 ]
3407 silly gunzTarPerm extractEntry node_modules/glob/dist/commonjs/package.json
3408 silly gunzTarPerm modified mode [ 'node_modules/glob/dist/commonjs/package.json', 438, 420 ]
3409 silly gunzTarPerm extractEntry node_modules/glob/dist/commonjs/walker.js
3410 silly gunzTarPerm modified mode [ 'node_modules/glob/dist/commonjs/walker.js', 438, 420 ]
3411 silly gunzTarPerm extractEntry node_modules/glob/dist/commonjs/processor.js
3412 silly gunzTarPerm modified mode [ 'node_modules/glob/dist/commonjs/processor.js', 438, 420 ]
3413 silly gunzTarPerm extractEntry node_modules/glob/dist/commonjs/pattern.js
3414 silly gunzTarPerm modified mode [ 'node_modules/glob/dist/commonjs/pattern.js', 438, 420 ]
3415 silly gunzTarPerm extractEntry node_modules/glob/dist/commonjs/index.js
3416 silly gunzTarPerm modified mode [ 'node_modules/glob/dist/commonjs/index.js', 438, 420 ]
3417 silly gunzTarPerm extractEntry node_modules/glob/dist/commonjs/ignore.js
3418 silly gunzTarPerm modified mode [ 'node_modules/glob/dist/commonjs/ignore.js', 438, 420 ]
3419 silly gunzTarPerm extractEntry node_modules/glob/dist/commonjs/has-magic.js
3420 silly gunzTarPerm modified mode [ 'node_modules/glob/dist/commonjs/has-magic.js', 438, 420 ]
3421 silly gunzTarPerm extractEntry node_modules/glob/dist/commonjs/glob.js
3422 silly gunzTarPerm modified mode [ 'node_modules/glob/dist/commonjs/glob.js', 438, 420 ]
3423 silly gunzTarPerm extractEntry node_modules/glob/dist/commonjs/glob.d.ts
3424 silly gunzTarPerm modified mode [ 'node_modules/glob/dist/commonjs/glob.d.ts', 438, 420 ]
3425 silly gunzTarPerm extractEntry node_modules/glob/dist/commonjs/glob.d.ts.map
3426 silly gunzTarPerm modified mode [ 'node_modules/glob/dist/commonjs/glob.d.ts.map', 438, 420 ]
3427 silly gunzTarPerm extractEntry node_modules/glob/dist/commonjs/glob.js.map
3428 silly gunzTarPerm modified mode [ 'node_modules/glob/dist/commonjs/glob.js.map', 438, 420 ]
3429 silly gunzTarPerm extractEntry node_modules/glob/dist/commonjs/has-magic.d.ts
3430 silly gunzTarPerm modified mode [ 'node_modules/glob/dist/commonjs/has-magic.d.ts', 438, 420 ]
3431 silly gunzTarPerm extractEntry node_modules/glob/dist/commonjs/has-magic.d.ts.map
3432 silly gunzTarPerm modified mode [ 'node_modules/glob/dist/commonjs/has-magic.d.ts.map', 438, 420 ]
3433 silly gunzTarPerm extractEntry node_modules/glob/dist/commonjs/has-magic.js.map
3434 silly gunzTarPerm modified mode [ 'node_modules/glob/dist/commonjs/has-magic.js.map', 438, 420 ]
3435 silly gunzTarPerm extractEntry node_modules/glob/dist/commonjs/ignore.d.ts
3436 silly gunzTarPerm modified mode [ 'node_modules/glob/dist/commonjs/ignore.d.ts', 438, 420 ]
3437 silly gunzTarPerm extractEntry node_modules/glob/dist/commonjs/ignore.d.ts.map
3438 silly gunzTarPerm modified mode [ 'node_modules/glob/dist/commonjs/ignore.d.ts.map', 438, 420 ]
3439 silly gunzTarPerm extractEntry node_modules/glob/dist/commonjs/ignore.js.map
3440 silly gunzTarPerm modified mode [ 'node_modules/glob/dist/commonjs/ignore.js.map', 438, 420 ]
3441 silly gunzTarPerm extractEntry node_modules/glob/dist/commonjs/index.d.ts
3442 silly gunzTarPerm modified mode [ 'node_modules/glob/dist/commonjs/index.d.ts', 438, 420 ]
3443 silly gunzTarPerm extractEntry node_modules/glob/dist/commonjs/index.d.ts.map
3444 silly gunzTarPerm modified mode [ 'node_modules/glob/dist/commonjs/index.d.ts.map', 438, 420 ]
3445 silly gunzTarPerm extractEntry node_modules/glob/dist/commonjs/index.js.map
3446 silly gunzTarPerm modified mode [ 'node_modules/glob/dist/commonjs/index.js.map', 438, 420 ]
3447 silly gunzTarPerm extractEntry node_modules/glob/dist/commonjs/pattern.d.ts
3448 silly gunzTarPerm modified mode [ 'node_modules/glob/dist/commonjs/pattern.d.ts', 438, 420 ]
3449 silly gunzTarPerm extractEntry node_modules/glob/dist/commonjs/pattern.d.ts.map
3450 silly gunzTarPerm modified mode [ 'node_modules/glob/dist/commonjs/pattern.d.ts.map', 438, 420 ]
3451 silly gunzTarPerm extractEntry node_modules/glob/dist/commonjs/pattern.js.map
3452 silly gunzTarPerm modified mode [ 'node_modules/glob/dist/commonjs/pattern.js.map', 438, 420 ]
3453 silly gunzTarPerm extractEntry node_modules/glob/dist/commonjs/processor.d.ts
3454 silly gunzTarPerm modified mode [ 'node_modules/glob/dist/commonjs/processor.d.ts', 438, 420 ]
3455 silly gunzTarPerm extractEntry node_modules/glob/dist/commonjs/processor.d.ts.map
3456 silly gunzTarPerm modified mode [ 'node_modules/glob/dist/commonjs/processor.d.ts.map', 438, 420 ]
3457 silly gunzTarPerm extractEntry node_modules/glob/dist/commonjs/processor.js.map
3458 silly gunzTarPerm modified mode [ 'node_modules/glob/dist/commonjs/processor.js.map', 438, 420 ]
3459 silly gunzTarPerm extractEntry node_modules/glob/dist/commonjs/walker.d.ts
3460 silly gunzTarPerm modified mode [ 'node_modules/glob/dist/commonjs/walker.d.ts', 438, 420 ]
3461 silly gunzTarPerm extractEntry node_modules/glob/dist/commonjs/walker.d.ts.map
3462 silly gunzTarPerm modified mode [ 'node_modules/glob/dist/commonjs/walker.d.ts.map', 438, 420 ]
3463 silly gunzTarPerm extractEntry node_modules/glob/dist/commonjs/walker.js.map
3464 silly gunzTarPerm modified mode [ 'node_modules/glob/dist/commonjs/walker.js.map', 438, 420 ]
3465 silly gunzTarPerm extractEntry node_modules/glob/dist/esm/package.json
3466 silly gunzTarPerm modified mode [ 'node_modules/glob/dist/esm/package.json', 438, 420 ]
3467 silly gunzTarPerm extractEntry node_modules/glob/dist/esm/walker.js
3468 silly gunzTarPerm modified mode [ 'node_modules/glob/dist/esm/walker.js', 438, 420 ]
3469 silly gunzTarPerm extractEntry node_modules/glob/dist/esm/processor.js
3470 silly gunzTarPerm modified mode [ 'node_modules/glob/dist/esm/processor.js', 438, 420 ]
3471 silly gunzTarPerm extractEntry node_modules/glob/dist/esm/pattern.js
3472 silly gunzTarPerm modified mode [ 'node_modules/glob/dist/esm/pattern.js', 438, 420 ]
3473 silly gunzTarPerm extractEntry node_modules/glob/dist/esm/index.js
3474 silly gunzTarPerm modified mode [ 'node_modules/glob/dist/esm/index.js', 438, 420 ]
3475 silly gunzTarPerm extractEntry node_modules/glob/dist/esm/ignore.js
3476 silly gunzTarPerm modified mode [ 'node_modules/glob/dist/esm/ignore.js', 438, 420 ]
3477 silly gunzTarPerm extractEntry node_modules/glob/dist/esm/has-magic.js
3478 silly gunzTarPerm modified mode [ 'node_modules/glob/dist/esm/has-magic.js', 438, 420 ]
3479 silly gunzTarPerm extractEntry node_modules/glob/dist/esm/glob.js
3480 silly gunzTarPerm modified mode [ 'node_modules/glob/dist/esm/glob.js', 438, 420 ]
3481 silly gunzTarPerm extractEntry node_modules/glob/dist/esm/bin.d.mts
3482 silly gunzTarPerm modified mode [ 'node_modules/glob/dist/esm/bin.d.mts', 438, 420 ]
3483 silly gunzTarPerm extractEntry node_modules/glob/dist/esm/bin.d.mts.map
3484 silly gunzTarPerm modified mode [ 'node_modules/glob/dist/esm/bin.d.mts.map', 438, 420 ]
3485 silly gunzTarPerm extractEntry node_modules/glob/dist/esm/bin.mjs
3486 silly gunzTarPerm modified mode [ 'node_modules/glob/dist/esm/bin.mjs', 438, 420 ]
3487 silly gunzTarPerm extractEntry node_modules/glob/dist/esm/bin.mjs.map
3488 silly gunzTarPerm modified mode [ 'node_modules/glob/dist/esm/bin.mjs.map', 438, 420 ]
3489 silly gunzTarPerm extractEntry node_modules/glob/dist/esm/glob.d.ts
3490 silly gunzTarPerm modified mode [ 'node_modules/glob/dist/esm/glob.d.ts', 438, 420 ]
3491 silly gunzTarPerm extractEntry node_modules/glob/dist/esm/glob.d.ts.map
3492 silly gunzTarPerm modified mode [ 'node_modules/glob/dist/esm/glob.d.ts.map', 438, 420 ]
3493 silly gunzTarPerm extractEntry node_modules/glob/dist/esm/glob.js.map
3494 silly gunzTarPerm modified mode [ 'node_modules/glob/dist/esm/glob.js.map', 438, 420 ]
3495 silly gunzTarPerm extractEntry node_modules/glob/dist/esm/has-magic.d.ts
3496 silly gunzTarPerm modified mode [ 'node_modules/glob/dist/esm/has-magic.d.ts', 438, 420 ]
3497 silly gunzTarPerm extractEntry node_modules/glob/dist/esm/has-magic.d.ts.map
3498 silly gunzTarPerm modified mode [ 'node_modules/glob/dist/esm/has-magic.d.ts.map', 438, 420 ]
3499 silly gunzTarPerm extractEntry node_modules/glob/dist/esm/has-magic.js.map
3500 silly gunzTarPerm modified mode [ 'node_modules/glob/dist/esm/has-magic.js.map', 438, 420 ]
3501 silly gunzTarPerm extractEntry node_modules/glob/dist/esm/ignore.d.ts
3502 silly gunzTarPerm modified mode [ 'node_modules/glob/dist/esm/ignore.d.ts', 438, 420 ]
3503 silly gunzTarPerm extractEntry node_modules/glob/dist/esm/ignore.d.ts.map
3504 silly gunzTarPerm modified mode [ 'node_modules/glob/dist/esm/ignore.d.ts.map', 438, 420 ]
3505 silly gunzTarPerm extractEntry node_modules/glob/dist/esm/ignore.js.map
3506 silly gunzTarPerm modified mode [ 'node_modules/glob/dist/esm/ignore.js.map', 438, 420 ]
3507 silly gunzTarPerm extractEntry node_modules/glob/dist/esm/index.d.ts
3508 silly gunzTarPerm modified mode [ 'node_modules/glob/dist/esm/index.d.ts', 438, 420 ]
3509 silly gunzTarPerm extractEntry node_modules/glob/dist/esm/index.d.ts.map
3510 silly gunzTarPerm modified mode [ 'node_modules/glob/dist/esm/index.d.ts.map', 438, 420 ]
3511 silly gunzTarPerm extractEntry node_modules/glob/dist/esm/index.js.map
3512 silly gunzTarPerm modified mode [ 'node_modules/glob/dist/esm/index.js.map', 438, 420 ]
3513 silly gunzTarPerm extractEntry node_modules/glob/dist/esm/pattern.d.ts
3514 silly gunzTarPerm modified mode [ 'node_modules/glob/dist/esm/pattern.d.ts', 438, 420 ]
3515 silly gunzTarPerm extractEntry node_modules/glob/dist/esm/pattern.d.ts.map
3516 silly gunzTarPerm modified mode [ 'node_modules/glob/dist/esm/pattern.d.ts.map', 438, 420 ]
3517 silly gunzTarPerm extractEntry node_modules/glob/dist/esm/pattern.js.map
3518 silly gunzTarPerm modified mode [ 'node_modules/glob/dist/esm/pattern.js.map', 438, 420 ]
3519 silly gunzTarPerm extractEntry node_modules/glob/dist/esm/processor.d.ts
3520 silly gunzTarPerm modified mode [ 'node_modules/glob/dist/esm/processor.d.ts', 438, 420 ]
3521 silly gunzTarPerm extractEntry node_modules/glob/dist/esm/processor.d.ts.map
3522 silly gunzTarPerm modified mode [ 'node_modules/glob/dist/esm/processor.d.ts.map', 438, 420 ]
3523 silly gunzTarPerm extractEntry node_modules/glob/dist/esm/processor.js.map
3524 silly gunzTarPerm modified mode [ 'node_modules/glob/dist/esm/processor.js.map', 438, 420 ]
3525 silly gunzTarPerm extractEntry node_modules/glob/dist/esm/walker.d.ts
3526 silly gunzTarPerm modified mode [ 'node_modules/glob/dist/esm/walker.d.ts', 438, 420 ]
3527 silly gunzTarPerm extractEntry node_modules/glob/dist/esm/walker.d.ts.map
3528 silly gunzTarPerm modified mode [ 'node_modules/glob/dist/esm/walker.d.ts.map', 438, 420 ]
3529 silly gunzTarPerm extractEntry node_modules/glob/dist/esm/walker.js.map
3530 silly gunzTarPerm modified mode [ 'node_modules/glob/dist/esm/walker.js.map', 438, 420 ]
3531 silly gunzTarPerm extractEntry node_modules/graceful-fs/package.json
3532 silly gunzTarPerm modified mode [ 'node_modules/graceful-fs/package.json', 438, 420 ]
3533 silly gunzTarPerm extractEntry node_modules/graceful-fs/polyfills.js
3534 silly gunzTarPerm modified mode [ 'node_modules/graceful-fs/polyfills.js', 438, 420 ]
3535 silly gunzTarPerm extractEntry node_modules/graceful-fs/legacy-streams.js
3536 silly gunzTarPerm modified mode [ 'node_modules/graceful-fs/legacy-streams.js', 438, 420 ]
3537 silly gunzTarPerm extractEntry node_modules/graceful-fs/graceful-fs.js
3538 silly gunzTarPerm modified mode [ 'node_modules/graceful-fs/graceful-fs.js', 438, 420 ]
3539 silly gunzTarPerm extractEntry node_modules/graceful-fs/clone.js
3540 silly gunzTarPerm modified mode [ 'node_modules/graceful-fs/clone.js', 438, 420 ]
3541 silly gunzTarPerm extractEntry node_modules/hosted-git-info/package.json
3542 silly gunzTarPerm modified mode [ 'node_modules/hosted-git-info/package.json', 438, 420 ]
3543 silly gunzTarPerm extractEntry node_modules/hosted-git-info/lib/parse-url.js
3544 silly gunzTarPerm modified mode [ 'node_modules/hosted-git-info/lib/parse-url.js', 438, 420 ]
3545 silly gunzTarPerm extractEntry node_modules/hosted-git-info/lib/index.js
3546 silly gunzTarPerm modified mode [ 'node_modules/hosted-git-info/lib/index.js', 438, 420 ]
3547 silly gunzTarPerm extractEntry node_modules/hosted-git-info/lib/hosts.js
3548 silly gunzTarPerm modified mode [ 'node_modules/hosted-git-info/lib/hosts.js', 438, 420 ]
3549 silly gunzTarPerm extractEntry node_modules/hosted-git-info/lib/from-url.js
3550 silly gunzTarPerm modified mode [ 'node_modules/hosted-git-info/lib/from-url.js', 438, 420 ]
3551 silly gunzTarPerm extractEntry node_modules/ini/package.json
3552 silly gunzTarPerm modified mode [ 'node_modules/ini/package.json', 438, 420 ]
3553 silly gunzTarPerm extractEntry node_modules/ini/lib/ini.js
3554 silly gunzTarPerm modified mode [ 'node_modules/ini/lib/ini.js', 438, 420 ]
3555 silly gunzTarPerm extractEntry node_modules/init-package-json/package.json
3556 silly gunzTarPerm modified mode [ 'node_modules/init-package-json/package.json', 438, 420 ]
3557 silly gunzTarPerm extractEntry node_modules/init-package-json/lib/init-package-json.js
3558 silly gunzTarPerm modified mode [ 'node_modules/init-package-json/lib/init-package-json.js', 438, 420 ]
3559 silly gunzTarPerm extractEntry node_modules/init-package-json/lib/default-input.js
3560 silly gunzTarPerm modified mode [ 'node_modules/init-package-json/lib/default-input.js', 438, 420 ]
3561 silly gunzTarPerm extractEntry node_modules/is-cidr/package.json
3562 silly gunzTarPerm modified mode [ 'node_modules/is-cidr/package.json', 438, 420 ]
3563 silly gunzTarPerm extractEntry node_modules/is-cidr/dist/index.js
3564 silly gunzTarPerm modified mode [ 'node_modules/is-cidr/dist/index.js', 438, 420 ]
3565 silly gunzTarPerm extractEntry node_modules/json-parse-even-better-errors/package.json
3566 silly gunzTarPerm modified mode [ 'node_modules/json-parse-even-better-errors/package.json', 438, 420 ]
3567 silly gunzTarPerm extractEntry node_modules/json-parse-even-better-errors/lib/index.js
3568 silly gunzTarPerm modified mode [ 'node_modules/json-parse-even-better-errors/lib/index.js', 438, 420 ]
3569 silly gunzTarPerm extractEntry node_modules/libnpmaccess/package.json
3570 silly gunzTarPerm modified mode [ 'node_modules/libnpmaccess/package.json', 438, 420 ]
3571 silly gunzTarPerm extractEntry node_modules/libnpmaccess/README.md
3572 silly gunzTarPerm modified mode [ 'node_modules/libnpmaccess/README.md', 438, 420 ]
3573 silly gunzTarPerm extractEntry node_modules/libnpmaccess/lib/index.js
3574 silly gunzTarPerm modified mode [ 'node_modules/libnpmaccess/lib/index.js', 438, 420 ]
3575 silly gunzTarPerm extractEntry node_modules/libnpmdiff/package.json
3576 silly gunzTarPerm modified mode [ 'node_modules/libnpmdiff/package.json', 438, 420 ]
3577 silly gunzTarPerm extractEntry node_modules/libnpmdiff/README.md
3578 silly gunzTarPerm modified mode [ 'node_modules/libnpmdiff/README.md', 438, 420 ]
3579 silly gunzTarPerm extractEntry node_modules/libnpmdiff/lib/untar.js
3580 silly gunzTarPerm modified mode [ 'node_modules/libnpmdiff/lib/untar.js', 438, 420 ]
3581 silly gunzTarPerm extractEntry node_modules/libnpmdiff/lib/tarball.js
3582 silly gunzTarPerm modified mode [ 'node_modules/libnpmdiff/lib/tarball.js', 438, 420 ]
3583 silly gunzTarPerm extractEntry node_modules/libnpmdiff/lib/should-print-patch.js
3584 silly gunzTarPerm modified mode [ 'node_modules/libnpmdiff/lib/should-print-patch.js', 438, 420 ]
3585 silly gunzTarPerm extractEntry node_modules/libnpmdiff/lib/index.js
3586 silly gunzTarPerm modified mode [ 'node_modules/libnpmdiff/lib/index.js', 438, 420 ]
3587 silly gunzTarPerm extractEntry node_modules/libnpmdiff/lib/format-diff.js
3588 silly gunzTarPerm modified mode [ 'node_modules/libnpmdiff/lib/format-diff.js', 438, 420 ]
3589 silly gunzTarPerm extractEntry node_modules/libnpmexec/package.json
3590 silly gunzTarPerm modified mode [ 'node_modules/libnpmexec/package.json', 438, 420 ]
3591 silly gunzTarPerm extractEntry node_modules/libnpmexec/README.md
3592 silly gunzTarPerm modified mode [ 'node_modules/libnpmexec/README.md', 438, 420 ]
3593 silly gunzTarPerm extractEntry node_modules/libnpmexec/lib/run-script.js
3594 silly gunzTarPerm modified mode [ 'node_modules/libnpmexec/lib/run-script.js', 438, 420 ]
3595 silly gunzTarPerm extractEntry node_modules/libnpmexec/lib/no-tty.js
3596 silly gunzTarPerm modified mode [ 'node_modules/libnpmexec/lib/no-tty.js', 438, 420 ]
3597 silly gunzTarPerm extractEntry node_modules/libnpmexec/lib/is-windows.js
3598 silly gunzTarPerm modified mode [ 'node_modules/libnpmexec/lib/is-windows.js', 438, 420 ]
3599 silly gunzTarPerm extractEntry node_modules/libnpmexec/lib/index.js
3600 silly gunzTarPerm modified mode [ 'node_modules/libnpmexec/lib/index.js', 438, 420 ]
3601 silly gunzTarPerm extractEntry node_modules/libnpmexec/lib/get-bin-from-manifest.js
3602 silly gunzTarPerm modified mode [ 'node_modules/libnpmexec/lib/get-bin-from-manifest.js', 438, 420 ]
3603 silly gunzTarPerm extractEntry node_modules/libnpmexec/lib/file-exists.js
3604 silly gunzTarPerm modified mode [ 'node_modules/libnpmexec/lib/file-exists.js', 438, 420 ]
3605 silly gunzTarPerm extractEntry node_modules/libnpmfund/package.json
3606 silly gunzTarPerm modified mode [ 'node_modules/libnpmfund/package.json', 438, 420 ]
3607 silly gunzTarPerm extractEntry node_modules/libnpmfund/README.md
3608 silly gunzTarPerm modified mode [ 'node_modules/libnpmfund/README.md', 438, 420 ]
3609 silly gunzTarPerm extractEntry node_modules/libnpmfund/lib/index.js
3610 silly gunzTarPerm modified mode [ 'node_modules/libnpmfund/lib/index.js', 438, 420 ]
3611 silly gunzTarPerm extractEntry node_modules/libnpmorg/package.json
3612 silly gunzTarPerm modified mode [ 'node_modules/libnpmorg/package.json', 438, 420 ]
3613 silly gunzTarPerm extractEntry node_modules/libnpmorg/README.md
3614 silly gunzTarPerm modified mode [ 'node_modules/libnpmorg/README.md', 438, 420 ]
3615 silly gunzTarPerm extractEntry node_modules/libnpmorg/lib/index.js
3616 silly gunzTarPerm modified mode [ 'node_modules/libnpmorg/lib/index.js', 438, 420 ]
3617 silly gunzTarPerm extractEntry node_modules/libnpmpack/package.json
3618 silly gunzTarPerm modified mode [ 'node_modules/libnpmpack/package.json', 438, 420 ]
3619 silly gunzTarPerm extractEntry node_modules/libnpmpack/README.md
3620 silly gunzTarPerm modified mode [ 'node_modules/libnpmpack/README.md', 438, 420 ]
3621 silly gunzTarPerm extractEntry node_modules/libnpmpack/lib/index.js
3622 silly gunzTarPerm modified mode [ 'node_modules/libnpmpack/lib/index.js', 438, 420 ]
3623 silly gunzTarPerm extractEntry node_modules/libnpmpublish/package.json
3624 silly gunzTarPerm modified mode [ 'node_modules/libnpmpublish/package.json', 438, 420 ]
3625 silly gunzTarPerm extractEntry node_modules/libnpmpublish/README.md
3626 silly gunzTarPerm modified mode [ 'node_modules/libnpmpublish/README.md', 438, 420 ]
3627 silly gunzTarPerm extractEntry node_modules/libnpmpublish/lib/unpublish.js
3628 silly gunzTarPerm modified mode [ 'node_modules/libnpmpublish/lib/unpublish.js', 438, 420 ]
3629 silly gunzTarPerm extractEntry node_modules/libnpmpublish/lib/publish.js
3630 silly gunzTarPerm modified mode [ 'node_modules/libnpmpublish/lib/publish.js', 438, 420 ]
3631 silly gunzTarPerm extractEntry node_modules/libnpmpublish/lib/provenance.js
3632 silly gunzTarPerm modified mode [ 'node_modules/libnpmpublish/lib/provenance.js', 438, 420 ]
3633 silly gunzTarPerm extractEntry node_modules/libnpmpublish/lib/index.js
3634 silly gunzTarPerm modified mode [ 'node_modules/libnpmpublish/lib/index.js', 438, 420 ]
3635 silly gunzTarPerm extractEntry node_modules/libnpmsearch/package.json
3636 silly gunzTarPerm modified mode [ 'node_modules/libnpmsearch/package.json', 438, 420 ]
3637 silly gunzTarPerm extractEntry node_modules/libnpmsearch/README.md
3638 silly gunzTarPerm modified mode [ 'node_modules/libnpmsearch/README.md', 438, 420 ]
3639 silly gunzTarPerm extractEntry node_modules/libnpmsearch/lib/index.js
3640 silly gunzTarPerm modified mode [ 'node_modules/libnpmsearch/lib/index.js', 438, 420 ]
3641 silly gunzTarPerm extractEntry node_modules/libnpmteam/package.json
3642 silly gunzTarPerm modified mode [ 'node_modules/libnpmteam/package.json', 438, 420 ]
3643 silly gunzTarPerm extractEntry node_modules/libnpmteam/README.md
3644 silly gunzTarPerm modified mode [ 'node_modules/libnpmteam/README.md', 438, 420 ]
3645 silly gunzTarPerm extractEntry node_modules/libnpmteam/lib/index.js
3646 silly gunzTarPerm modified mode [ 'node_modules/libnpmteam/lib/index.js', 438, 420 ]
3647 silly gunzTarPerm extractEntry node_modules/libnpmversion/package.json
3648 silly gunzTarPerm modified mode [ 'node_modules/libnpmversion/package.json', 438, 420 ]
3649 silly gunzTarPerm extractEntry node_modules/libnpmversion/README.md
3650 silly gunzTarPerm modified mode [ 'node_modules/libnpmversion/README.md', 438, 420 ]
3651 silly gunzTarPerm extractEntry node_modules/libnpmversion/lib/write-json.js
3652 silly gunzTarPerm modified mode [ 'node_modules/libnpmversion/lib/write-json.js', 438, 420 ]
3653 silly gunzTarPerm extractEntry node_modules/libnpmversion/lib/version.js
3654 silly gunzTarPerm modified mode [ 'node_modules/libnpmversion/lib/version.js', 438, 420 ]
3655 silly gunzTarPerm extractEntry node_modules/libnpmversion/lib/tag.js
3656 silly gunzTarPerm modified mode [ 'node_modules/libnpmversion/lib/tag.js', 438, 420 ]
3657 silly gunzTarPerm extractEntry node_modules/libnpmversion/lib/retrieve-tag.js
3658 silly gunzTarPerm modified mode [ 'node_modules/libnpmversion/lib/retrieve-tag.js', 438, 420 ]
3659 silly gunzTarPerm extractEntry node_modules/libnpmversion/lib/read-json.js
3660 silly gunzTarPerm modified mode [ 'node_modules/libnpmversion/lib/read-json.js', 438, 420 ]
3661 silly gunzTarPerm extractEntry node_modules/libnpmversion/lib/index.js
3662 silly gunzTarPerm modified mode [ 'node_modules/libnpmversion/lib/index.js', 438, 420 ]
3663 silly gunzTarPerm extractEntry node_modules/libnpmversion/lib/enforce-clean.js
3664 silly gunzTarPerm modified mode [ 'node_modules/libnpmversion/lib/enforce-clean.js', 438, 420 ]
3665 silly gunzTarPerm extractEntry node_modules/libnpmversion/lib/commit.js
3666 silly gunzTarPerm modified mode [ 'node_modules/libnpmversion/lib/commit.js', 438, 420 ]
3667 silly gunzTarPerm extractEntry node_modules/make-fetch-happen/package.json
3668 silly gunzTarPerm modified mode [ 'node_modules/make-fetch-happen/package.json', 438, 420 ]
3669 silly gunzTarPerm extractEntry node_modules/make-fetch-happen/lib/remote.js
3670 silly gunzTarPerm modified mode [ 'node_modules/make-fetch-happen/lib/remote.js', 438, 420 ]
3671 silly gunzTarPerm extractEntry node_modules/make-fetch-happen/lib/pipeline.js
3672 silly gunzTarPerm modified mode [ 'node_modules/make-fetch-happen/lib/pipeline.js', 438, 420 ]
3673 silly gunzTarPerm extractEntry node_modules/make-fetch-happen/lib/options.js
3674 silly gunzTarPerm modified mode [ 'node_modules/make-fetch-happen/lib/options.js', 438, 420 ]
3675 silly gunzTarPerm extractEntry node_modules/make-fetch-happen/lib/index.js
3676 silly gunzTarPerm modified mode [ 'node_modules/make-fetch-happen/lib/index.js', 438, 420 ]
3677 silly gunzTarPerm extractEntry node_modules/make-fetch-happen/lib/fetch.js
3678 silly gunzTarPerm modified mode [ 'node_modules/make-fetch-happen/lib/fetch.js', 438, 420 ]
3679 silly gunzTarPerm extractEntry node_modules/make-fetch-happen/lib/cache/policy.js
3680 silly gunzTarPerm modified mode [ 'node_modules/make-fetch-happen/lib/cache/policy.js', 438, 420 ]
3681 silly gunzTarPerm extractEntry node_modules/make-fetch-happen/lib/cache/key.js
3682 silly gunzTarPerm modified mode [ 'node_modules/make-fetch-happen/lib/cache/key.js', 438, 420 ]
3683 silly gunzTarPerm extractEntry node_modules/make-fetch-happen/lib/cache/index.js
3684 silly gunzTarPerm modified mode [ 'node_modules/make-fetch-happen/lib/cache/index.js', 438, 420 ]
3685 silly gunzTarPerm extractEntry node_modules/make-fetch-happen/lib/cache/errors.js
3686 silly gunzTarPerm modified mode [ 'node_modules/make-fetch-happen/lib/cache/errors.js', 438, 420 ]
3687 silly gunzTarPerm extractEntry node_modules/make-fetch-happen/lib/cache/entry.js
3688 silly gunzTarPerm modified mode [ 'node_modules/make-fetch-happen/lib/cache/entry.js', 438, 420 ]
3689 silly gunzTarPerm extractEntry node_modules/make-fetch-happen/node_modules/negotiator/package.json
3690 silly gunzTarPerm modified mode [
3690 silly gunzTarPerm   'node_modules/make-fetch-happen/node_modules/negotiator/package.json',
3690 silly gunzTarPerm   438,
3690 silly gunzTarPerm   420
3690 silly gunzTarPerm ]
3691 silly gunzTarPerm extractEntry node_modules/make-fetch-happen/node_modules/negotiator/LICENSE
3692 silly gunzTarPerm modified mode [
3692 silly gunzTarPerm   'node_modules/make-fetch-happen/node_modules/negotiator/LICENSE',
3692 silly gunzTarPerm   438,
3692 silly gunzTarPerm   420
3692 silly gunzTarPerm ]
3693 silly gunzTarPerm extractEntry node_modules/make-fetch-happen/node_modules/negotiator/index.js
3694 silly gunzTarPerm modified mode [
3694 silly gunzTarPerm   'node_modules/make-fetch-happen/node_modules/negotiator/index.js',
3694 silly gunzTarPerm   438,
3694 silly gunzTarPerm   420
3694 silly gunzTarPerm ]
3695 silly gunzTarPerm extractEntry node_modules/make-fetch-happen/node_modules/negotiator/HISTORY.md
3696 silly gunzTarPerm modified mode [
3696 silly gunzTarPerm   'node_modules/make-fetch-happen/node_modules/negotiator/HISTORY.md',
3696 silly gunzTarPerm   438,
3696 silly gunzTarPerm   420
3696 silly gunzTarPerm ]
3697 silly gunzTarPerm extractEntry node_modules/make-fetch-happen/node_modules/negotiator/lib/mediaType.js
3698 silly gunzTarPerm modified mode [
3698 silly gunzTarPerm   'node_modules/make-fetch-happen/node_modules/negotiator/lib/mediaType.js',
3698 silly gunzTarPerm   438,
3698 silly gunzTarPerm   420
3698 silly gunzTarPerm ]
3699 silly gunzTarPerm extractEntry node_modules/make-fetch-happen/node_modules/negotiator/lib/language.js
3700 silly gunzTarPerm modified mode [
3700 silly gunzTarPerm   'node_modules/make-fetch-happen/node_modules/negotiator/lib/language.js',
3700 silly gunzTarPerm   438,
3700 silly gunzTarPerm   420
3700 silly gunzTarPerm ]
3701 silly gunzTarPerm extractEntry node_modules/make-fetch-happen/node_modules/negotiator/lib/encoding.js
3702 silly gunzTarPerm modified mode [
3702 silly gunzTarPerm   'node_modules/make-fetch-happen/node_modules/negotiator/lib/encoding.js',
3702 silly gunzTarPerm   438,
3702 silly gunzTarPerm   420
3702 silly gunzTarPerm ]
3703 silly gunzTarPerm extractEntry node_modules/make-fetch-happen/node_modules/negotiator/lib/charset.js
3704 silly gunzTarPerm modified mode [
3704 silly gunzTarPerm   'node_modules/make-fetch-happen/node_modules/negotiator/lib/charset.js',
3704 silly gunzTarPerm   438,
3704 silly gunzTarPerm   420
3704 silly gunzTarPerm ]
3705 silly gunzTarPerm extractEntry node_modules/minimatch/package.json
3706 silly gunzTarPerm modified mode [ 'node_modules/minimatch/package.json', 438, 420 ]
3707 silly gunzTarPerm extractEntry node_modules/minimatch/dist/commonjs/package.json
3708 silly gunzTarPerm modified mode [ 'node_modules/minimatch/dist/commonjs/package.json', 438, 420 ]
3709 silly gunzTarPerm extractEntry node_modules/minimatch/dist/commonjs/unescape.js
3710 silly gunzTarPerm modified mode [ 'node_modules/minimatch/dist/commonjs/unescape.js', 438, 420 ]
3711 silly gunzTarPerm extractEntry node_modules/minimatch/dist/commonjs/index.js
3712 silly gunzTarPerm modified mode [ 'node_modules/minimatch/dist/commonjs/index.js', 438, 420 ]
3713 silly gunzTarPerm extractEntry node_modules/minimatch/dist/commonjs/escape.js
3714 silly gunzTarPerm modified mode [ 'node_modules/minimatch/dist/commonjs/escape.js', 438, 420 ]
3715 silly gunzTarPerm extractEntry node_modules/minimatch/dist/commonjs/brace-expressions.js
3716 silly gunzTarPerm modified mode [
3716 silly gunzTarPerm   'node_modules/minimatch/dist/commonjs/brace-expressions.js',
3716 silly gunzTarPerm   438,
3716 silly gunzTarPerm   420
3716 silly gunzTarPerm ]
3717 silly gunzTarPerm extractEntry node_modules/minimatch/dist/commonjs/ast.js
3718 silly gunzTarPerm modified mode [ 'node_modules/minimatch/dist/commonjs/ast.js', 438, 420 ]
3719 silly gunzTarPerm extractEntry node_modules/minimatch/dist/commonjs/assert-valid-pattern.js
3720 silly gunzTarPerm modified mode [
3720 silly gunzTarPerm   'node_modules/minimatch/dist/commonjs/assert-valid-pattern.js',
3720 silly gunzTarPerm   438,
3720 silly gunzTarPerm   420
3720 silly gunzTarPerm ]
3721 silly gunzTarPerm extractEntry node_modules/minimatch/dist/esm/package.json
3722 silly gunzTarPerm modified mode [ 'node_modules/minimatch/dist/esm/package.json', 438, 420 ]
3723 silly gunzTarPerm extractEntry node_modules/minimatch/dist/esm/unescape.js
3724 silly gunzTarPerm modified mode [ 'node_modules/minimatch/dist/esm/unescape.js', 438, 420 ]
3725 silly gunzTarPerm extractEntry node_modules/minimatch/dist/esm/index.js
3726 silly gunzTarPerm modified mode [ 'node_modules/minimatch/dist/esm/index.js', 438, 420 ]
3727 silly gunzTarPerm extractEntry node_modules/minimatch/dist/esm/escape.js
3728 silly gunzTarPerm modified mode [ 'node_modules/minimatch/dist/esm/escape.js', 438, 420 ]
3729 silly gunzTarPerm extractEntry node_modules/minimatch/dist/esm/brace-expressions.js
3730 silly gunzTarPerm modified mode [ 'node_modules/minimatch/dist/esm/brace-expressions.js', 438, 420 ]
3731 silly gunzTarPerm extractEntry node_modules/minimatch/dist/esm/ast.js
3732 silly gunzTarPerm modified mode [ 'node_modules/minimatch/dist/esm/ast.js', 438, 420 ]
3733 silly gunzTarPerm extractEntry node_modules/minimatch/dist/esm/assert-valid-pattern.js
3734 silly gunzTarPerm modified mode [ 'node_modules/minimatch/dist/esm/assert-valid-pattern.js', 438, 420 ]
3735 silly gunzTarPerm extractEntry node_modules/minipass/package.json
3736 silly gunzTarPerm modified mode [ 'node_modules/minipass/package.json', 438, 420 ]
3737 silly gunzTarPerm extractEntry node_modules/minipass/dist/commonjs/package.json
3738 silly gunzTarPerm modified mode [ 'node_modules/minipass/dist/commonjs/package.json', 438, 420 ]
3739 silly gunzTarPerm extractEntry node_modules/minipass/dist/commonjs/index.js
3740 silly gunzTarPerm modified mode [ 'node_modules/minipass/dist/commonjs/index.js', 438, 420 ]
3741 silly gunzTarPerm extractEntry node_modules/minipass/dist/esm/package.json
3742 silly gunzTarPerm modified mode [ 'node_modules/minipass/dist/esm/package.json', 438, 420 ]
3743 silly gunzTarPerm extractEntry node_modules/minipass/dist/esm/index.js
3744 silly gunzTarPerm modified mode [ 'node_modules/minipass/dist/esm/index.js', 438, 420 ]
3745 silly gunzTarPerm extractEntry node_modules/minipass-pipeline/package.json
3746 silly gunzTarPerm modified mode [ 'node_modules/minipass-pipeline/package.json', 438, 420 ]
3747 silly gunzTarPerm extractEntry node_modules/minipass-pipeline/index.js
3748 silly gunzTarPerm modified mode [ 'node_modules/minipass-pipeline/index.js', 438, 420 ]
3749 silly gunzTarPerm extractEntry node_modules/minipass-pipeline/node_modules/minipass/package.json
3750 silly gunzTarPerm modified mode [
3750 silly gunzTarPerm   'node_modules/minipass-pipeline/node_modules/minipass/package.json',
3750 silly gunzTarPerm   438,
3750 silly gunzTarPerm   420
3750 silly gunzTarPerm ]
3751 silly gunzTarPerm extractEntry node_modules/minipass-pipeline/node_modules/minipass/index.js
3752 silly gunzTarPerm modified mode [
3752 silly gunzTarPerm   'node_modules/minipass-pipeline/node_modules/minipass/index.js',
3752 silly gunzTarPerm   438,
3752 silly gunzTarPerm   420
3752 silly gunzTarPerm ]
3753 silly gunzTarPerm extractEntry node_modules/ms/package.json
3754 silly gunzTarPerm modified mode [ 'node_modules/ms/package.json', 438, 420 ]
3755 silly gunzTarPerm extractEntry node_modules/ms/index.js
3756 silly gunzTarPerm modified mode [ 'node_modules/ms/index.js', 438, 420 ]
3757 silly gunzTarPerm extractEntry node_modules/node-gyp/package.json
3758 silly gunzTarPerm modified mode [ 'node_modules/node-gyp/package.json', 438, 420 ]
3759 silly gunzTarPerm extractEntry node_modules/node-gyp/README.md
3760 silly gunzTarPerm modified mode [ 'node_modules/node-gyp/README.md', 438, 420 ]
3761 silly gunzTarPerm extractEntry node_modules/node-gyp/LICENSE
3762 silly gunzTarPerm modified mode [ 'node_modules/node-gyp/LICENSE', 438, 420 ]
3763 silly gunzTarPerm extractEntry node_modules/node-gyp/eslint.config.js
3764 silly gunzTarPerm modified mode [ 'node_modules/node-gyp/eslint.config.js', 438, 420 ]
3765 silly gunzTarPerm extractEntry node_modules/node-gyp/.release-please-manifest.json
3766 silly gunzTarPerm modified mode [ 'node_modules/node-gyp/.release-please-manifest.json', 438, 420 ]
3767 silly gunzTarPerm extractEntry node_modules/node-gyp/addon.gypi
3768 silly gunzTarPerm modified mode [ 'node_modules/node-gyp/addon.gypi', 438, 420 ]
3769 silly gunzTarPerm extractEntry node_modules/node-gyp/bin/node-gyp.js
3770 silly gunzTarPerm modified mode [ 'node_modules/node-gyp/bin/node-gyp.js', 438, 420 ]
3771 silly gunzTarPerm extractEntry node_modules/node-gyp/CHANGELOG.md
3772 silly gunzTarPerm modified mode [ 'node_modules/node-gyp/CHANGELOG.md', 438, 420 ]
3773 silly gunzTarPerm extractEntry node_modules/node-gyp/CODE_OF_CONDUCT.md
3774 silly gunzTarPerm modified mode [ 'node_modules/node-gyp/CODE_OF_CONDUCT.md', 438, 420 ]
3775 silly gunzTarPerm extractEntry node_modules/node-gyp/CONTRIBUTING.md
3776 silly gunzTarPerm modified mode [ 'node_modules/node-gyp/CONTRIBUTING.md', 438, 420 ]
3777 silly gunzTarPerm extractEntry node_modules/node-gyp/gyp/LICENSE
3778 silly gunzTarPerm modified mode [ 'node_modules/node-gyp/gyp/LICENSE', 438, 420 ]
3779 silly gunzTarPerm extractEntry node_modules/node-gyp/gyp/.release-please-manifest.json
3780 silly gunzTarPerm modified mode [ 'node_modules/node-gyp/gyp/.release-please-manifest.json', 438, 420 ]
3781 silly gunzTarPerm extractEntry node_modules/node-gyp/gyp/data/ninja/build.ninja
3782 silly gunzTarPerm modified mode [ 'node_modules/node-gyp/gyp/data/ninja/build.ninja', 438, 420 ]
3783 silly gunzTarPerm extractEntry node_modules/node-gyp/gyp/data/win/large-pdb-shim.cc
3784 silly gunzTarPerm modified mode [ 'node_modules/node-gyp/gyp/data/win/large-pdb-shim.cc', 438, 420 ]
3785 silly gunzTarPerm extractEntry node_modules/node-gyp/gyp/docs/README.md
3786 silly gunzTarPerm modified mode [ 'node_modules/node-gyp/gyp/docs/README.md', 438, 420 ]
3787 silly gunzTarPerm extractEntry node_modules/node-gyp/gyp/docs/GypVsCMake.md
3788 silly gunzTarPerm modified mode [ 'node_modules/node-gyp/gyp/docs/GypVsCMake.md', 438, 420 ]
3789 silly gunzTarPerm extractEntry node_modules/node-gyp/gyp/docs/Hacking.md
3790 silly gunzTarPerm modified mode [ 'node_modules/node-gyp/gyp/docs/Hacking.md', 438, 420 ]
3791 silly gunzTarPerm extractEntry node_modules/node-gyp/gyp/docs/InputFormatReference.md
3792 silly gunzTarPerm modified mode [ 'node_modules/node-gyp/gyp/docs/InputFormatReference.md', 438, 420 ]
3793 silly gunzTarPerm extractEntry node_modules/node-gyp/gyp/docs/LanguageSpecification.md
3794 silly gunzTarPerm modified mode [ 'node_modules/node-gyp/gyp/docs/LanguageSpecification.md', 438, 420 ]
3795 silly gunzTarPerm extractEntry node_modules/node-gyp/gyp/docs/Testing.md
3796 silly gunzTarPerm modified mode [ 'node_modules/node-gyp/gyp/docs/Testing.md', 438, 420 ]
3797 silly gunzTarPerm extractEntry node_modules/node-gyp/gyp/docs/UserDocumentation.md
3798 silly gunzTarPerm modified mode [ 'node_modules/node-gyp/gyp/docs/UserDocumentation.md', 438, 420 ]
3799 silly gunzTarPerm extractEntry node_modules/node-gyp/gyp/gyp
3800 silly gunzTarPerm modified mode [ 'node_modules/node-gyp/gyp/gyp', 438, 420 ]
3801 silly gunzTarPerm extractEntry node_modules/node-gyp/gyp/gyp.bat
3802 silly gunzTarPerm modified mode [ 'node_modules/node-gyp/gyp/gyp.bat', 438, 420 ]
3803 silly gunzTarPerm extractEntry node_modules/node-gyp/gyp/gyp_main.py
3804 silly gunzTarPerm modified mode [ 'node_modules/node-gyp/gyp/gyp_main.py', 438, 420 ]
3805 silly gunzTarPerm extractEntry node_modules/node-gyp/gyp/pylib/gyp/common.py
3806 silly gunzTarPerm modified mode [ 'node_modules/node-gyp/gyp/pylib/gyp/common.py', 438, 420 ]
3807 silly gunzTarPerm extractEntry node_modules/node-gyp/gyp/pylib/gyp/common_test.py
3808 silly gunzTarPerm modified mode [ 'node_modules/node-gyp/gyp/pylib/gyp/common_test.py', 438, 420 ]
3809 silly gunzTarPerm extractEntry node_modules/node-gyp/gyp/pylib/gyp/easy_xml.py
3810 silly gunzTarPerm modified mode [ 'node_modules/node-gyp/gyp/pylib/gyp/easy_xml.py', 438, 420 ]
3811 silly gunzTarPerm extractEntry node_modules/node-gyp/gyp/pylib/gyp/easy_xml_test.py
3812 silly gunzTarPerm modified mode [ 'node_modules/node-gyp/gyp/pylib/gyp/easy_xml_test.py', 438, 420 ]
3813 silly gunzTarPerm extractEntry node_modules/node-gyp/gyp/pylib/gyp/flock_tool.py
3814 silly gunzTarPerm modified mode [ 'node_modules/node-gyp/gyp/pylib/gyp/flock_tool.py', 438, 420 ]
3815 silly gunzTarPerm extractEntry node_modules/node-gyp/gyp/pylib/gyp/generator/analyzer.py
3816 silly gunzTarPerm modified mode [
3816 silly gunzTarPerm   'node_modules/node-gyp/gyp/pylib/gyp/generator/analyzer.py',
3816 silly gunzTarPerm   438,
3816 silly gunzTarPerm   420
3816 silly gunzTarPerm ]
3817 silly gunzTarPerm extractEntry node_modules/node-gyp/gyp/pylib/gyp/generator/android.py
3818 silly gunzTarPerm modified mode [
3818 silly gunzTarPerm   'node_modules/node-gyp/gyp/pylib/gyp/generator/android.py',
3818 silly gunzTarPerm   438,
3818 silly gunzTarPerm   420
3818 silly gunzTarPerm ]
3819 silly gunzTarPerm extractEntry node_modules/node-gyp/gyp/pylib/gyp/generator/cmake.py
3820 silly gunzTarPerm modified mode [ 'node_modules/node-gyp/gyp/pylib/gyp/generator/cmake.py', 438, 420 ]
3821 silly gunzTarPerm extractEntry node_modules/node-gyp/gyp/pylib/gyp/generator/compile_commands_json.py
3822 silly gunzTarPerm modified mode [
3822 silly gunzTarPerm   'node_modules/node-gyp/gyp/pylib/gyp/generator/compile_commands_json.py',
3822 silly gunzTarPerm   438,
3822 silly gunzTarPerm   420
3822 silly gunzTarPerm ]
3823 silly gunzTarPerm extractEntry node_modules/node-gyp/gyp/pylib/gyp/generator/dump_dependency_json.py
3824 silly gunzTarPerm modified mode [
3824 silly gunzTarPerm   'node_modules/node-gyp/gyp/pylib/gyp/generator/dump_dependency_json.py',
3824 silly gunzTarPerm   438,
3824 silly gunzTarPerm   420
3824 silly gunzTarPerm ]
3825 silly gunzTarPerm extractEntry node_modules/node-gyp/gyp/pylib/gyp/generator/eclipse.py
3826 silly gunzTarPerm modified mode [
3826 silly gunzTarPerm   'node_modules/node-gyp/gyp/pylib/gyp/generator/eclipse.py',
3826 silly gunzTarPerm   438,
3826 silly gunzTarPerm   420
3826 silly gunzTarPerm ]
3827 silly gunzTarPerm extractEntry node_modules/node-gyp/gyp/pylib/gyp/generator/gypd.py
3828 silly gunzTarPerm modified mode [ 'node_modules/node-gyp/gyp/pylib/gyp/generator/gypd.py', 438, 420 ]
3829 silly gunzTarPerm extractEntry node_modules/node-gyp/gyp/pylib/gyp/generator/gypsh.py
3830 silly gunzTarPerm modified mode [ 'node_modules/node-gyp/gyp/pylib/gyp/generator/gypsh.py', 438, 420 ]
3831 silly gunzTarPerm extractEntry node_modules/node-gyp/gyp/pylib/gyp/generator/make.py
3832 silly gunzTarPerm modified mode [ 'node_modules/node-gyp/gyp/pylib/gyp/generator/make.py', 438, 420 ]
3833 silly gunzTarPerm extractEntry node_modules/node-gyp/gyp/pylib/gyp/generator/msvs.py
3834 silly gunzTarPerm modified mode [ 'node_modules/node-gyp/gyp/pylib/gyp/generator/msvs.py', 438, 420 ]
3835 silly gunzTarPerm extractEntry node_modules/node-gyp/gyp/pylib/gyp/generator/msvs_test.py
3836 silly gunzTarPerm modified mode [
3836 silly gunzTarPerm   'node_modules/node-gyp/gyp/pylib/gyp/generator/msvs_test.py',
3836 silly gunzTarPerm   438,
3836 silly gunzTarPerm   420
3836 silly gunzTarPerm ]
3837 silly gunzTarPerm extractEntry node_modules/node-gyp/gyp/pylib/gyp/generator/ninja.py
3838 silly gunzTarPerm modified mode [ 'node_modules/node-gyp/gyp/pylib/gyp/generator/ninja.py', 438, 420 ]
3839 silly gunzTarPerm extractEntry node_modules/node-gyp/gyp/pylib/gyp/generator/ninja_test.py
3840 silly gunzTarPerm modified mode [
3840 silly gunzTarPerm   'node_modules/node-gyp/gyp/pylib/gyp/generator/ninja_test.py',
3840 silly gunzTarPerm   438,
3840 silly gunzTarPerm   420
3840 silly gunzTarPerm ]
3841 silly gunzTarPerm extractEntry node_modules/node-gyp/gyp/pylib/gyp/generator/xcode.py
3842 silly gunzTarPerm modified mode [ 'node_modules/node-gyp/gyp/pylib/gyp/generator/xcode.py', 438, 420 ]
3843 silly gunzTarPerm extractEntry node_modules/node-gyp/gyp/pylib/gyp/generator/xcode_test.py
3844 silly gunzTarPerm modified mode [
3844 silly gunzTarPerm   'node_modules/node-gyp/gyp/pylib/gyp/generator/xcode_test.py',
3844 silly gunzTarPerm   438,
3844 silly gunzTarPerm   420
3844 silly gunzTarPerm ]
3845 silly gunzTarPerm extractEntry node_modules/node-gyp/gyp/pylib/gyp/generator/__init__.py
3846 silly gunzTarPerm modified mode [
3846 silly gunzTarPerm   'node_modules/node-gyp/gyp/pylib/gyp/generator/__init__.py',
3846 silly gunzTarPerm   438,
3846 silly gunzTarPerm   420
3846 silly gunzTarPerm ]
3847 silly gunzTarPerm extractEntry node_modules/node-gyp/gyp/pylib/gyp/input.py
3848 silly gunzTarPerm modified mode [ 'node_modules/node-gyp/gyp/pylib/gyp/input.py', 438, 420 ]
3849 silly gunzTarPerm extractEntry node_modules/node-gyp/gyp/pylib/gyp/input_test.py
3850 silly gunzTarPerm modified mode [ 'node_modules/node-gyp/gyp/pylib/gyp/input_test.py', 438, 420 ]
3851 silly gunzTarPerm extractEntry node_modules/node-gyp/gyp/pylib/gyp/mac_tool.py
3852 silly gunzTarPerm modified mode [ 'node_modules/node-gyp/gyp/pylib/gyp/mac_tool.py', 438, 420 ]
3853 silly gunzTarPerm extractEntry node_modules/node-gyp/gyp/pylib/gyp/MSVSNew.py
3854 silly gunzTarPerm modified mode [ 'node_modules/node-gyp/gyp/pylib/gyp/MSVSNew.py', 438, 420 ]
3855 silly gunzTarPerm extractEntry node_modules/node-gyp/gyp/pylib/gyp/MSVSProject.py
3856 silly gunzTarPerm modified mode [ 'node_modules/node-gyp/gyp/pylib/gyp/MSVSProject.py', 438, 420 ]
3857 silly gunzTarPerm extractEntry node_modules/node-gyp/gyp/pylib/gyp/MSVSSettings.py
3858 silly gunzTarPerm modified mode [ 'node_modules/node-gyp/gyp/pylib/gyp/MSVSSettings.py', 438, 420 ]
3859 silly gunzTarPerm extractEntry node_modules/node-gyp/gyp/pylib/gyp/MSVSSettings_test.py
3860 silly gunzTarPerm modified mode [
3860 silly gunzTarPerm   'node_modules/node-gyp/gyp/pylib/gyp/MSVSSettings_test.py',
3860 silly gunzTarPerm   438,
3860 silly gunzTarPerm   420
3860 silly gunzTarPerm ]
3861 silly gunzTarPerm extractEntry node_modules/node-gyp/gyp/pylib/gyp/MSVSToolFile.py
3862 silly gunzTarPerm modified mode [ 'node_modules/node-gyp/gyp/pylib/gyp/MSVSToolFile.py', 438, 420 ]
3863 silly gunzTarPerm extractEntry node_modules/node-gyp/gyp/pylib/gyp/MSVSUserFile.py
3864 silly gunzTarPerm modified mode [ 'node_modules/node-gyp/gyp/pylib/gyp/MSVSUserFile.py', 438, 420 ]
3865 silly gunzTarPerm extractEntry node_modules/node-gyp/gyp/pylib/gyp/MSVSUtil.py
3866 silly gunzTarPerm modified mode [ 'node_modules/node-gyp/gyp/pylib/gyp/MSVSUtil.py', 438, 420 ]
3867 silly gunzTarPerm extractEntry node_modules/node-gyp/gyp/pylib/gyp/MSVSVersion.py
3868 silly gunzTarPerm modified mode [ 'node_modules/node-gyp/gyp/pylib/gyp/MSVSVersion.py', 438, 420 ]
3869 silly gunzTarPerm extractEntry node_modules/node-gyp/gyp/pylib/gyp/msvs_emulation.py
3870 silly gunzTarPerm modified mode [ 'node_modules/node-gyp/gyp/pylib/gyp/msvs_emulation.py', 438, 420 ]
3871 silly gunzTarPerm extractEntry node_modules/node-gyp/gyp/pylib/gyp/ninja_syntax.py
3872 silly gunzTarPerm modified mode [ 'node_modules/node-gyp/gyp/pylib/gyp/ninja_syntax.py', 438, 420 ]
3873 silly gunzTarPerm extractEntry node_modules/node-gyp/gyp/pylib/gyp/simple_copy.py
3874 silly gunzTarPerm modified mode [ 'node_modules/node-gyp/gyp/pylib/gyp/simple_copy.py', 438, 420 ]
3875 silly gunzTarPerm extractEntry node_modules/node-gyp/gyp/pylib/gyp/win_tool.py
3876 silly gunzTarPerm modified mode [ 'node_modules/node-gyp/gyp/pylib/gyp/win_tool.py', 438, 420 ]
3877 silly gunzTarPerm extractEntry node_modules/node-gyp/gyp/pylib/gyp/xcodeproj_file.py
3878 silly gunzTarPerm modified mode [ 'node_modules/node-gyp/gyp/pylib/gyp/xcodeproj_file.py', 438, 420 ]
3879 silly gunzTarPerm extractEntry node_modules/node-gyp/gyp/pylib/gyp/xcode_emulation.py
3880 silly gunzTarPerm modified mode [ 'node_modules/node-gyp/gyp/pylib/gyp/xcode_emulation.py', 438, 420 ]
3881 silly gunzTarPerm extractEntry node_modules/node-gyp/gyp/pylib/gyp/xcode_emulation_test.py
3882 silly gunzTarPerm modified mode [
3882 silly gunzTarPerm   'node_modules/node-gyp/gyp/pylib/gyp/xcode_emulation_test.py',
3882 silly gunzTarPerm   438,
3882 silly gunzTarPerm   420
3882 silly gunzTarPerm ]
3883 silly gunzTarPerm extractEntry node_modules/node-gyp/gyp/pylib/gyp/xcode_ninja.py
3884 silly gunzTarPerm modified mode [ 'node_modules/node-gyp/gyp/pylib/gyp/xcode_ninja.py', 438, 420 ]
3885 silly gunzTarPerm extractEntry node_modules/node-gyp/gyp/pylib/gyp/xml_fix.py
3886 silly gunzTarPerm modified mode [ 'node_modules/node-gyp/gyp/pylib/gyp/xml_fix.py', 438, 420 ]
3887 silly gunzTarPerm extractEntry node_modules/node-gyp/gyp/pylib/gyp/__init__.py
3888 silly gunzTarPerm modified mode [ 'node_modules/node-gyp/gyp/pylib/gyp/__init__.py', 438, 420 ]
3889 silly gunzTarPerm extractEntry node_modules/node-gyp/gyp/pylib/packaging/LICENSE
3890 silly gunzTarPerm modified mode [ 'node_modules/node-gyp/gyp/pylib/packaging/LICENSE', 438, 420 ]
3891 silly gunzTarPerm extractEntry node_modules/node-gyp/gyp/pylib/packaging/LICENSE.APACHE
3892 silly gunzTarPerm modified mode [
3892 silly gunzTarPerm   'node_modules/node-gyp/gyp/pylib/packaging/LICENSE.APACHE',
3892 silly gunzTarPerm   438,
3892 silly gunzTarPerm   420
3892 silly gunzTarPerm ]
3893 silly gunzTarPerm extractEntry node_modules/node-gyp/gyp/pylib/packaging/LICENSE.BSD
3894 silly gunzTarPerm modified mode [ 'node_modules/node-gyp/gyp/pylib/packaging/LICENSE.BSD', 438, 420 ]
3895 silly gunzTarPerm extractEntry node_modules/node-gyp/gyp/pylib/packaging/markers.py
3896 silly gunzTarPerm modified mode [ 'node_modules/node-gyp/gyp/pylib/packaging/markers.py', 438, 420 ]
3897 silly gunzTarPerm extractEntry node_modules/node-gyp/gyp/pylib/packaging/metadata.py
3898 silly gunzTarPerm modified mode [ 'node_modules/node-gyp/gyp/pylib/packaging/metadata.py', 438, 420 ]
3899 silly gunzTarPerm extractEntry node_modules/node-gyp/gyp/pylib/packaging/py.typed
3900 silly gunzTarPerm modified mode [ 'node_modules/node-gyp/gyp/pylib/packaging/py.typed', 438, 420 ]
3901 silly gunzTarPerm extractEntry node_modules/node-gyp/gyp/pylib/packaging/requirements.py
3902 silly gunzTarPerm modified mode [
3902 silly gunzTarPerm   'node_modules/node-gyp/gyp/pylib/packaging/requirements.py',
3902 silly gunzTarPerm   438,
3902 silly gunzTarPerm   420
3902 silly gunzTarPerm ]
3903 silly gunzTarPerm extractEntry node_modules/node-gyp/gyp/pylib/packaging/specifiers.py
3904 silly gunzTarPerm modified mode [ 'node_modules/node-gyp/gyp/pylib/packaging/specifiers.py', 438, 420 ]
3905 silly gunzTarPerm extractEntry node_modules/node-gyp/gyp/pylib/packaging/tags.py
3906 silly gunzTarPerm modified mode [ 'node_modules/node-gyp/gyp/pylib/packaging/tags.py', 438, 420 ]
3907 silly gunzTarPerm extractEntry node_modules/node-gyp/gyp/pylib/packaging/utils.py
3908 silly gunzTarPerm modified mode [ 'node_modules/node-gyp/gyp/pylib/packaging/utils.py', 438, 420 ]
3909 silly gunzTarPerm extractEntry node_modules/node-gyp/gyp/pylib/packaging/version.py
3910 silly gunzTarPerm modified mode [ 'node_modules/node-gyp/gyp/pylib/packaging/version.py', 438, 420 ]
3911 silly gunzTarPerm extractEntry node_modules/node-gyp/gyp/pylib/packaging/_elffile.py
3912 silly gunzTarPerm modified mode [ 'node_modules/node-gyp/gyp/pylib/packaging/_elffile.py', 438, 420 ]
3913 silly gunzTarPerm extractEntry node_modules/node-gyp/gyp/pylib/packaging/_manylinux.py
3914 silly gunzTarPerm modified mode [ 'node_modules/node-gyp/gyp/pylib/packaging/_manylinux.py', 438, 420 ]
3915 silly gunzTarPerm extractEntry node_modules/node-gyp/gyp/pylib/packaging/_musllinux.py
3916 silly gunzTarPerm modified mode [ 'node_modules/node-gyp/gyp/pylib/packaging/_musllinux.py', 438, 420 ]
3917 silly gunzTarPerm extractEntry node_modules/node-gyp/gyp/pylib/packaging/_parser.py
3918 silly gunzTarPerm modified mode [ 'node_modules/node-gyp/gyp/pylib/packaging/_parser.py', 438, 420 ]
3919 silly gunzTarPerm extractEntry node_modules/node-gyp/gyp/pylib/packaging/_structures.py
3920 silly gunzTarPerm modified mode [
3920 silly gunzTarPerm   'node_modules/node-gyp/gyp/pylib/packaging/_structures.py',
3920 silly gunzTarPerm   438,
3920 silly gunzTarPerm   420
3920 silly gunzTarPerm ]
3921 silly gunzTarPerm extractEntry node_modules/node-gyp/gyp/pylib/packaging/_tokenizer.py
3922 silly gunzTarPerm modified mode [ 'node_modules/node-gyp/gyp/pylib/packaging/_tokenizer.py', 438, 420 ]
3923 silly gunzTarPerm extractEntry node_modules/node-gyp/gyp/pylib/packaging/__init__.py
3924 silly gunzTarPerm modified mode [ 'node_modules/node-gyp/gyp/pylib/packaging/__init__.py', 438, 420 ]
3925 silly gunzTarPerm extractEntry node_modules/node-gyp/gyp/pyproject.toml
3926 silly gunzTarPerm modified mode [ 'node_modules/node-gyp/gyp/pyproject.toml', 438, 420 ]
3927 silly gunzTarPerm extractEntry node_modules/node-gyp/gyp/release-please-config.json
3928 silly gunzTarPerm modified mode [ 'node_modules/node-gyp/gyp/release-please-config.json', 438, 420 ]
3929 silly gunzTarPerm extractEntry node_modules/node-gyp/gyp/test_gyp.py
3930 silly gunzTarPerm modified mode [ 'node_modules/node-gyp/gyp/test_gyp.py', 438, 420 ]
3931 silly gunzTarPerm extractEntry node_modules/node-gyp/lib/util.js
3932 silly gunzTarPerm modified mode [ 'node_modules/node-gyp/lib/util.js', 438, 420 ]
3933 silly gunzTarPerm extractEntry node_modules/node-gyp/lib/remove.js
3934 silly gunzTarPerm modified mode [ 'node_modules/node-gyp/lib/remove.js', 438, 420 ]
3935 silly gunzTarPerm extractEntry node_modules/node-gyp/lib/rebuild.js
3936 silly gunzTarPerm modified mode [ 'node_modules/node-gyp/lib/rebuild.js', 438, 420 ]
3937 silly gunzTarPerm extractEntry node_modules/node-gyp/lib/process-release.js
3938 silly gunzTarPerm modified mode [ 'node_modules/node-gyp/lib/process-release.js', 438, 420 ]
3939 silly gunzTarPerm extractEntry node_modules/node-gyp/lib/node-gyp.js
3940 silly gunzTarPerm modified mode [ 'node_modules/node-gyp/lib/node-gyp.js', 438, 420 ]
3941 silly gunzTarPerm extractEntry node_modules/node-gyp/lib/log.js
3942 silly gunzTarPerm modified mode [ 'node_modules/node-gyp/lib/log.js', 438, 420 ]
3943 silly gunzTarPerm extractEntry node_modules/node-gyp/lib/list.js
3944 silly gunzTarPerm modified mode [ 'node_modules/node-gyp/lib/list.js', 438, 420 ]
3945 silly gunzTarPerm extractEntry node_modules/node-gyp/lib/install.js
3946 silly gunzTarPerm modified mode [ 'node_modules/node-gyp/lib/install.js', 438, 420 ]
3947 silly gunzTarPerm extractEntry node_modules/node-gyp/lib/find-visualstudio.js
3948 silly gunzTarPerm modified mode [ 'node_modules/node-gyp/lib/find-visualstudio.js', 438, 420 ]
3949 silly gunzTarPerm extractEntry node_modules/node-gyp/lib/find-python.js
3950 silly gunzTarPerm modified mode [ 'node_modules/node-gyp/lib/find-python.js', 438, 420 ]
3951 silly gunzTarPerm extractEntry node_modules/node-gyp/lib/find-node-directory.js
3952 silly gunzTarPerm modified mode [ 'node_modules/node-gyp/lib/find-node-directory.js', 438, 420 ]
3953 silly gunzTarPerm extractEntry node_modules/node-gyp/lib/download.js
3954 silly gunzTarPerm modified mode [ 'node_modules/node-gyp/lib/download.js', 438, 420 ]
3955 silly gunzTarPerm extractEntry node_modules/node-gyp/lib/create-config-gypi.js
3956 silly gunzTarPerm modified mode [ 'node_modules/node-gyp/lib/create-config-gypi.js', 438, 420 ]
3957 silly gunzTarPerm extractEntry node_modules/node-gyp/lib/configure.js
3958 silly gunzTarPerm modified mode [ 'node_modules/node-gyp/lib/configure.js', 438, 420 ]
3959 silly gunzTarPerm extractEntry node_modules/node-gyp/lib/clean.js
3960 silly gunzTarPerm modified mode [ 'node_modules/node-gyp/lib/clean.js', 438, 420 ]
3961 silly gunzTarPerm extractEntry node_modules/node-gyp/lib/build.js
3962 silly gunzTarPerm modified mode [ 'node_modules/node-gyp/lib/build.js', 438, 420 ]
3963 silly gunzTarPerm extractEntry node_modules/node-gyp/lib/Find-VisualStudio.cs
3964 silly gunzTarPerm modified mode [ 'node_modules/node-gyp/lib/Find-VisualStudio.cs', 438, 420 ]
3965 silly gunzTarPerm extractEntry node_modules/node-gyp/macOS_Catalina_acid_test.sh
3966 silly gunzTarPerm modified mode [ 'node_modules/node-gyp/macOS_Catalina_acid_test.sh', 438, 420 ]
3967 silly gunzTarPerm extractEntry node_modules/node-gyp/release-please-config.json
3968 silly gunzTarPerm modified mode [ 'node_modules/node-gyp/release-please-config.json', 438, 420 ]
3969 silly gunzTarPerm extractEntry node_modules/node-gyp/SECURITY.md
3970 silly gunzTarPerm modified mode [ 'node_modules/node-gyp/SECURITY.md', 438, 420 ]
3971 silly gunzTarPerm extractEntry node_modules/node-gyp/src/win_delay_load_hook.cc
3972 silly gunzTarPerm modified mode [ 'node_modules/node-gyp/src/win_delay_load_hook.cc', 438, 420 ]
3973 silly gunzTarPerm extractEntry node_modules/node-gyp/node_modules/chownr/package.json
3974 silly gunzTarPerm modified mode [ 'node_modules/node-gyp/node_modules/chownr/package.json', 438, 420 ]
3975 silly gunzTarPerm extractEntry node_modules/node-gyp/node_modules/chownr/dist/commonjs/package.json
3976 silly gunzTarPerm modified mode [
3976 silly gunzTarPerm   'node_modules/node-gyp/node_modules/chownr/dist/commonjs/package.json',
3976 silly gunzTarPerm   438,
3976 silly gunzTarPerm   420
3976 silly gunzTarPerm ]
3977 silly gunzTarPerm extractEntry node_modules/node-gyp/node_modules/chownr/dist/commonjs/index.js
3978 silly gunzTarPerm modified mode [
3978 silly gunzTarPerm   'node_modules/node-gyp/node_modules/chownr/dist/commonjs/index.js',
3978 silly gunzTarPerm   438,
3978 silly gunzTarPerm   420
3978 silly gunzTarPerm ]
3979 silly gunzTarPerm extractEntry node_modules/node-gyp/node_modules/chownr/dist/esm/package.json
3980 silly gunzTarPerm modified mode [
3980 silly gunzTarPerm   'node_modules/node-gyp/node_modules/chownr/dist/esm/package.json',
3980 silly gunzTarPerm   438,
3980 silly gunzTarPerm   420
3980 silly gunzTarPerm ]
3981 silly gunzTarPerm extractEntry node_modules/node-gyp/node_modules/chownr/dist/esm/index.js
3982 silly gunzTarPerm modified mode [
3982 silly gunzTarPerm   'node_modules/node-gyp/node_modules/chownr/dist/esm/index.js',
3982 silly gunzTarPerm   438,
3982 silly gunzTarPerm   420
3982 silly gunzTarPerm ]
3983 silly gunzTarPerm extractEntry node_modules/node-gyp/node_modules/minizlib/package.json
3984 silly gunzTarPerm modified mode [
3984 silly gunzTarPerm   'node_modules/node-gyp/node_modules/minizlib/package.json',
3984 silly gunzTarPerm   438,
3984 silly gunzTarPerm   420
3984 silly gunzTarPerm ]
3985 silly gunzTarPerm extractEntry node_modules/node-gyp/node_modules/minizlib/dist/commonjs/package.json
3986 silly gunzTarPerm modified mode [
3986 silly gunzTarPerm   'node_modules/node-gyp/node_modules/minizlib/dist/commonjs/package.json',
3986 silly gunzTarPerm   438,
3986 silly gunzTarPerm   420
3986 silly gunzTarPerm ]
3987 silly gunzTarPerm extractEntry node_modules/node-gyp/node_modules/minizlib/dist/commonjs/index.js
3988 silly gunzTarPerm modified mode [
3988 silly gunzTarPerm   'node_modules/node-gyp/node_modules/minizlib/dist/commonjs/index.js',
3988 silly gunzTarPerm   438,
3988 silly gunzTarPerm   420
3988 silly gunzTarPerm ]
3989 silly gunzTarPerm extractEntry node_modules/node-gyp/node_modules/minizlib/dist/commonjs/constants.js
3990 silly gunzTarPerm modified mode [
3990 silly gunzTarPerm   'node_modules/node-gyp/node_modules/minizlib/dist/commonjs/constants.js',
3990 silly gunzTarPerm   438,
3990 silly gunzTarPerm   420
3990 silly gunzTarPerm ]
3991 silly gunzTarPerm extractEntry node_modules/node-gyp/node_modules/minizlib/dist/esm/package.json
3992 silly gunzTarPerm modified mode [
3992 silly gunzTarPerm   'node_modules/node-gyp/node_modules/minizlib/dist/esm/package.json',
3992 silly gunzTarPerm   438,
3992 silly gunzTarPerm   420
3992 silly gunzTarPerm ]
3993 silly gunzTarPerm extractEntry node_modules/node-gyp/node_modules/minizlib/dist/esm/index.js
3994 silly gunzTarPerm modified mode [
3994 silly gunzTarPerm   'node_modules/node-gyp/node_modules/minizlib/dist/esm/index.js',
3994 silly gunzTarPerm   438,
3994 silly gunzTarPerm   420
3994 silly gunzTarPerm ]
3995 silly gunzTarPerm extractEntry node_modules/node-gyp/node_modules/minizlib/dist/esm/constants.js
3996 silly gunzTarPerm modified mode [
3996 silly gunzTarPerm   'node_modules/node-gyp/node_modules/minizlib/dist/esm/constants.js',
3996 silly gunzTarPerm   438,
3996 silly gunzTarPerm   420
3996 silly gunzTarPerm ]
3997 silly gunzTarPerm extractEntry node_modules/node-gyp/node_modules/mkdirp/package.json
3998 silly gunzTarPerm modified mode [ 'node_modules/node-gyp/node_modules/mkdirp/package.json', 438, 420 ]
3999 silly gunzTarPerm extractEntry node_modules/node-gyp/node_modules/mkdirp/dist/cjs/package.json
4000 silly gunzTarPerm modified mode [
4000 silly gunzTarPerm   'node_modules/node-gyp/node_modules/mkdirp/dist/cjs/package.json',
4000 silly gunzTarPerm   438,
4000 silly gunzTarPerm   420
4000 silly gunzTarPerm ]
4001 silly gunzTarPerm extractEntry node_modules/node-gyp/node_modules/mkdirp/dist/mjs/package.json
4002 silly gunzTarPerm modified mode [
4002 silly gunzTarPerm   'node_modules/node-gyp/node_modules/mkdirp/dist/mjs/package.json',
4002 silly gunzTarPerm   438,
4002 silly gunzTarPerm   420
4002 silly gunzTarPerm ]
4003 silly gunzTarPerm extractEntry node_modules/node-gyp/node_modules/mkdirp/dist/mjs/use-native.js
4004 silly gunzTarPerm modified mode [
4004 silly gunzTarPerm   'node_modules/node-gyp/node_modules/mkdirp/dist/mjs/use-native.js',
4004 silly gunzTarPerm   438,
4004 silly gunzTarPerm   420
4004 silly gunzTarPerm ]
4005 silly gunzTarPerm extractEntry node_modules/node-gyp/node_modules/mkdirp/dist/mjs/path-arg.js
4006 silly gunzTarPerm modified mode [
4006 silly gunzTarPerm   'node_modules/node-gyp/node_modules/mkdirp/dist/mjs/path-arg.js',
4006 silly gunzTarPerm   438,
4006 silly gunzTarPerm   420
4006 silly gunzTarPerm ]
4007 silly gunzTarPerm extractEntry node_modules/node-gyp/node_modules/mkdirp/dist/mjs/opts-arg.js
4008 silly gunzTarPerm modified mode [
4008 silly gunzTarPerm   'node_modules/node-gyp/node_modules/mkdirp/dist/mjs/opts-arg.js',
4008 silly gunzTarPerm   438,
4008 silly gunzTarPerm   420
4008 silly gunzTarPerm ]
4009 silly gunzTarPerm extractEntry node_modules/node-gyp/node_modules/mkdirp/dist/mjs/mkdirp-native.js
4010 silly gunzTarPerm modified mode [
4010 silly gunzTarPerm   'node_modules/node-gyp/node_modules/mkdirp/dist/mjs/mkdirp-native.js',
4010 silly gunzTarPerm   438,
4010 silly gunzTarPerm   420
4010 silly gunzTarPerm ]
4011 silly gunzTarPerm extractEntry node_modules/node-gyp/node_modules/mkdirp/dist/mjs/mkdirp-manual.js
4012 silly gunzTarPerm modified mode [
4012 silly gunzTarPerm   'node_modules/node-gyp/node_modules/mkdirp/dist/mjs/mkdirp-manual.js',
4012 silly gunzTarPerm   438,
4012 silly gunzTarPerm   420
4012 silly gunzTarPerm ]
4013 silly gunzTarPerm extractEntry node_modules/node-gyp/node_modules/mkdirp/dist/mjs/index.js
4014 silly gunzTarPerm modified mode [
4014 silly gunzTarPerm   'node_modules/node-gyp/node_modules/mkdirp/dist/mjs/index.js',
4014 silly gunzTarPerm   438,
4014 silly gunzTarPerm   420
4014 silly gunzTarPerm ]
4015 silly gunzTarPerm extractEntry node_modules/node-gyp/node_modules/mkdirp/dist/mjs/find-made.js
4016 silly gunzTarPerm modified mode [
4016 silly gunzTarPerm   'node_modules/node-gyp/node_modules/mkdirp/dist/mjs/find-made.js',
4016 silly gunzTarPerm   438,
4016 silly gunzTarPerm   420
4016 silly gunzTarPerm ]
4017 silly gunzTarPerm extractEntry node_modules/node-gyp/node_modules/mkdirp/dist/mjs/find-made.d.ts
4018 silly gunzTarPerm modified mode [
4018 silly gunzTarPerm   'node_modules/node-gyp/node_modules/mkdirp/dist/mjs/find-made.d.ts',
4018 silly gunzTarPerm   438,
4018 silly gunzTarPerm   420
4018 silly gunzTarPerm ]
4019 silly gunzTarPerm extractEntry node_modules/node-gyp/node_modules/mkdirp/dist/mjs/find-made.d.ts.map
4020 silly gunzTarPerm modified mode [
4020 silly gunzTarPerm   'node_modules/node-gyp/node_modules/mkdirp/dist/mjs/find-made.d.ts.map',
4020 silly gunzTarPerm   438,
4020 silly gunzTarPerm   420
4020 silly gunzTarPerm ]
4021 silly gunzTarPerm extractEntry node_modules/node-gyp/node_modules/mkdirp/dist/mjs/find-made.js.map
4022 silly gunzTarPerm modified mode [
4022 silly gunzTarPerm   'node_modules/node-gyp/node_modules/mkdirp/dist/mjs/find-made.js.map',
4022 silly gunzTarPerm   438,
4022 silly gunzTarPerm   420
4022 silly gunzTarPerm ]
4023 silly gunzTarPerm extractEntry node_modules/node-gyp/node_modules/mkdirp/dist/mjs/index.d.ts
4024 silly gunzTarPerm modified mode [
4024 silly gunzTarPerm   'node_modules/node-gyp/node_modules/mkdirp/dist/mjs/index.d.ts',
4024 silly gunzTarPerm   438,
4024 silly gunzTarPerm   420
4024 silly gunzTarPerm ]
4025 silly gunzTarPerm extractEntry node_modules/node-gyp/node_modules/mkdirp/dist/mjs/index.d.ts.map
4026 silly gunzTarPerm modified mode [
4026 silly gunzTarPerm   'node_modules/node-gyp/node_modules/mkdirp/dist/mjs/index.d.ts.map',
4026 silly gunzTarPerm   438,
4026 silly gunzTarPerm   420
4026 silly gunzTarPerm ]
4027 silly gunzTarPerm extractEntry node_modules/node-gyp/node_modules/mkdirp/dist/mjs/index.js.map
4028 silly gunzTarPerm modified mode [
4028 silly gunzTarPerm   'node_modules/node-gyp/node_modules/mkdirp/dist/mjs/index.js.map',
4028 silly gunzTarPerm   438,
4028 silly gunzTarPerm   420
4028 silly gunzTarPerm ]
4029 silly gunzTarPerm extractEntry node_modules/node-gyp/node_modules/mkdirp/dist/mjs/mkdirp-manual.d.ts
4030 silly gunzTarPerm modified mode [
4030 silly gunzTarPerm   'node_modules/node-gyp/node_modules/mkdirp/dist/mjs/mkdirp-manual.d.ts',
4030 silly gunzTarPerm   438,
4030 silly gunzTarPerm   420
4030 silly gunzTarPerm ]
4031 silly gunzTarPerm extractEntry node_modules/node-gyp/node_modules/mkdirp/dist/mjs/mkdirp-manual.d.ts.map
4032 silly gunzTarPerm modified mode [
4032 silly gunzTarPerm   'node_modules/node-gyp/node_modules/mkdirp/dist/mjs/mkdirp-manual.d.ts.map',
4032 silly gunzTarPerm   438,
4032 silly gunzTarPerm   420
4032 silly gunzTarPerm ]
4033 silly gunzTarPerm extractEntry node_modules/node-gyp/node_modules/mkdirp/dist/mjs/mkdirp-manual.js.map
4034 silly gunzTarPerm modified mode [
4034 silly gunzTarPerm   'node_modules/node-gyp/node_modules/mkdirp/dist/mjs/mkdirp-manual.js.map',
4034 silly gunzTarPerm   438,
4034 silly gunzTarPerm   420
4034 silly gunzTarPerm ]
4035 silly gunzTarPerm extractEntry node_modules/node-gyp/node_modules/mkdirp/dist/mjs/mkdirp-native.d.ts
4036 silly gunzTarPerm modified mode [
4036 silly gunzTarPerm   'node_modules/node-gyp/node_modules/mkdirp/dist/mjs/mkdirp-native.d.ts',
4036 silly gunzTarPerm   438,
4036 silly gunzTarPerm   420
4036 silly gunzTarPerm ]
4037 silly gunzTarPerm extractEntry node_modules/node-gyp/node_modules/mkdirp/dist/mjs/mkdirp-native.d.ts.map
4038 silly gunzTarPerm modified mode [
4038 silly gunzTarPerm   'node_modules/node-gyp/node_modules/mkdirp/dist/mjs/mkdirp-native.d.ts.map',
4038 silly gunzTarPerm   438,
4038 silly gunzTarPerm   420
4038 silly gunzTarPerm ]
4039 silly gunzTarPerm extractEntry node_modules/node-gyp/node_modules/mkdirp/dist/mjs/mkdirp-native.js.map
4040 silly gunzTarPerm modified mode [
4040 silly gunzTarPerm   'node_modules/node-gyp/node_modules/mkdirp/dist/mjs/mkdirp-native.js.map',
4040 silly gunzTarPerm   438,
4040 silly gunzTarPerm   420
4040 silly gunzTarPerm ]
4041 silly gunzTarPerm extractEntry node_modules/node-gyp/node_modules/mkdirp/dist/mjs/opts-arg.d.ts
4042 silly gunzTarPerm modified mode [
4042 silly gunzTarPerm   'node_modules/node-gyp/node_modules/mkdirp/dist/mjs/opts-arg.d.ts',
4042 silly gunzTarPerm   438,
4042 silly gunzTarPerm   420
4042 silly gunzTarPerm ]
4043 silly gunzTarPerm extractEntry node_modules/node-gyp/node_modules/mkdirp/dist/mjs/opts-arg.d.ts.map
4044 silly gunzTarPerm modified mode [
4044 silly gunzTarPerm   'node_modules/node-gyp/node_modules/mkdirp/dist/mjs/opts-arg.d.ts.map',
4044 silly gunzTarPerm   438,
4044 silly gunzTarPerm   420
4044 silly gunzTarPerm ]
4045 silly gunzTarPerm extractEntry node_modules/node-gyp/node_modules/mkdirp/dist/mjs/opts-arg.js.map
4046 silly gunzTarPerm modified mode [
4046 silly gunzTarPerm   'node_modules/node-gyp/node_modules/mkdirp/dist/mjs/opts-arg.js.map',
4046 silly gunzTarPerm   438,
4046 silly gunzTarPerm   420
4046 silly gunzTarPerm ]
4047 silly gunzTarPerm extractEntry node_modules/node-gyp/node_modules/mkdirp/dist/mjs/path-arg.d.ts
4048 silly gunzTarPerm modified mode [
4048 silly gunzTarPerm   'node_modules/node-gyp/node_modules/mkdirp/dist/mjs/path-arg.d.ts',
4048 silly gunzTarPerm   438,
4048 silly gunzTarPerm   420
4048 silly gunzTarPerm ]
4049 silly gunzTarPerm extractEntry node_modules/node-gyp/node_modules/mkdirp/dist/mjs/path-arg.d.ts.map
4050 silly gunzTarPerm modified mode [
4050 silly gunzTarPerm   'node_modules/node-gyp/node_modules/mkdirp/dist/mjs/path-arg.d.ts.map',
4050 silly gunzTarPerm   438,
4050 silly gunzTarPerm   420
4050 silly gunzTarPerm ]
4051 silly gunzTarPerm extractEntry node_modules/node-gyp/node_modules/mkdirp/dist/mjs/path-arg.js.map
4052 silly gunzTarPerm modified mode [
4052 silly gunzTarPerm   'node_modules/node-gyp/node_modules/mkdirp/dist/mjs/path-arg.js.map',
4052 silly gunzTarPerm   438,
4052 silly gunzTarPerm   420
4052 silly gunzTarPerm ]
4053 silly gunzTarPerm extractEntry node_modules/node-gyp/node_modules/mkdirp/dist/mjs/use-native.d.ts
4054 silly gunzTarPerm modified mode [
4054 silly gunzTarPerm   'node_modules/node-gyp/node_modules/mkdirp/dist/mjs/use-native.d.ts',
4054 silly gunzTarPerm   438,
4054 silly gunzTarPerm   420
4054 silly gunzTarPerm ]
4055 silly gunzTarPerm extractEntry node_modules/node-gyp/node_modules/mkdirp/dist/mjs/use-native.d.ts.map
4056 silly gunzTarPerm modified mode [
4056 silly gunzTarPerm   'node_modules/node-gyp/node_modules/mkdirp/dist/mjs/use-native.d.ts.map',
4056 silly gunzTarPerm   438,
4056 silly gunzTarPerm   420
4056 silly gunzTarPerm ]
4057 silly gunzTarPerm extractEntry node_modules/node-gyp/node_modules/mkdirp/dist/mjs/use-native.js.map
4058 silly gunzTarPerm modified mode [
4058 silly gunzTarPerm   'node_modules/node-gyp/node_modules/mkdirp/dist/mjs/use-native.js.map',
4058 silly gunzTarPerm   438,
4058 silly gunzTarPerm   420
4058 silly gunzTarPerm ]
4059 silly gunzTarPerm extractEntry node_modules/node-gyp/node_modules/mkdirp/readme.markdown
4060 silly gunzTarPerm modified mode [
4060 silly gunzTarPerm   'node_modules/node-gyp/node_modules/mkdirp/readme.markdown',
4060 silly gunzTarPerm   438,
4060 silly gunzTarPerm   420
4060 silly gunzTarPerm ]
4061 silly gunzTarPerm extractEntry node_modules/node-gyp/node_modules/tar/package.json
4062 silly gunzTarPerm modified mode [ 'node_modules/node-gyp/node_modules/tar/package.json', 438, 420 ]
4063 silly gunzTarPerm extractEntry node_modules/node-gyp/node_modules/tar/dist/commonjs/package.json
4064 silly gunzTarPerm modified mode [
4064 silly gunzTarPerm   'node_modules/node-gyp/node_modules/tar/dist/commonjs/package.json',
4064 silly gunzTarPerm   438,
4064 silly gunzTarPerm   420
4064 silly gunzTarPerm ]
4065 silly gunzTarPerm extractEntry node_modules/node-gyp/node_modules/tar/dist/commonjs/write-entry.js
4066 silly gunzTarPerm modified mode [
4066 silly gunzTarPerm   'node_modules/node-gyp/node_modules/tar/dist/commonjs/write-entry.js',
4066 silly gunzTarPerm   438,
4066 silly gunzTarPerm   420
4066 silly gunzTarPerm ]
4067 silly gunzTarPerm extractEntry node_modules/node-gyp/node_modules/tar/dist/commonjs/winchars.js
4068 silly gunzTarPerm modified mode [
4068 silly gunzTarPerm   'node_modules/node-gyp/node_modules/tar/dist/commonjs/winchars.js',
4068 silly gunzTarPerm   438,
4068 silly gunzTarPerm   420
4068 silly gunzTarPerm ]
4069 silly gunzTarPerm extractEntry node_modules/node-gyp/node_modules/tar/dist/commonjs/warn-method.js
4070 silly gunzTarPerm modified mode [
4070 silly gunzTarPerm   'node_modules/node-gyp/node_modules/tar/dist/commonjs/warn-method.js',
4070 silly gunzTarPerm   438,
4070 silly gunzTarPerm   420
4070 silly gunzTarPerm ]
4071 silly gunzTarPerm extractEntry node_modules/node-gyp/node_modules/tar/dist/commonjs/update.js
4072 silly gunzTarPerm modified mode [
4072 silly gunzTarPerm   'node_modules/node-gyp/node_modules/tar/dist/commonjs/update.js',
4072 silly gunzTarPerm   438,
4072 silly gunzTarPerm   420
4072 silly gunzTarPerm ]
4073 silly gunzTarPerm extractEntry node_modules/node-gyp/node_modules/tar/dist/commonjs/unpack.js
4074 silly gunzTarPerm modified mode [
4074 silly gunzTarPerm   'node_modules/node-gyp/node_modules/tar/dist/commonjs/unpack.js',
4074 silly gunzTarPerm   438,
4074 silly gunzTarPerm   420
4074 silly gunzTarPerm ]
4075 silly gunzTarPerm extractEntry node_modules/node-gyp/node_modules/tar/dist/commonjs/types.js
4076 silly gunzTarPerm modified mode [
4076 silly gunzTarPerm   'node_modules/node-gyp/node_modules/tar/dist/commonjs/types.js',
4076 silly gunzTarPerm   438,
4076 silly gunzTarPerm   420
4076 silly gunzTarPerm ]
4077 silly gunzTarPerm extractEntry node_modules/node-gyp/node_modules/tar/dist/commonjs/symlink-error.js
4078 silly gunzTarPerm modified mode [
4078 silly gunzTarPerm   'node_modules/node-gyp/node_modules/tar/dist/commonjs/symlink-error.js',
4078 silly gunzTarPerm   438,
4078 silly gunzTarPerm   420
4078 silly gunzTarPerm ]
4079 silly gunzTarPerm extractEntry node_modules/node-gyp/node_modules/tar/dist/commonjs/strip-trailing-slashes.js
4080 silly gunzTarPerm modified mode [
4080 silly gunzTarPerm   'node_modules/node-gyp/node_modules/tar/dist/commonjs/strip-trailing-slashes.js',
4080 silly gunzTarPerm   438,
4080 silly gunzTarPerm   420
4080 silly gunzTarPerm ]
4081 silly gunzTarPerm extractEntry node_modules/node-gyp/node_modules/tar/dist/commonjs/strip-absolute-path.js
4082 silly gunzTarPerm modified mode [
4082 silly gunzTarPerm   'node_modules/node-gyp/node_modules/tar/dist/commonjs/strip-absolute-path.js',
4082 silly gunzTarPerm   438,
4082 silly gunzTarPerm   420
4082 silly gunzTarPerm ]
4083 silly gunzTarPerm extractEntry node_modules/node-gyp/node_modules/tar/dist/commonjs/replace.js
4084 silly gunzTarPerm modified mode [
4084 silly gunzTarPerm   'node_modules/node-gyp/node_modules/tar/dist/commonjs/replace.js',
4084 silly gunzTarPerm   438,
4084 silly gunzTarPerm   420
4084 silly gunzTarPerm ]
4085 silly gunzTarPerm extractEntry node_modules/node-gyp/node_modules/tar/dist/commonjs/read-entry.js
4086 silly gunzTarPerm modified mode [
4086 silly gunzTarPerm   'node_modules/node-gyp/node_modules/tar/dist/commonjs/read-entry.js',
4086 silly gunzTarPerm   438,
4086 silly gunzTarPerm   420
4086 silly gunzTarPerm ]
4087 silly gunzTarPerm extractEntry node_modules/node-gyp/node_modules/tar/dist/commonjs/pax.js
4088 silly gunzTarPerm modified mode [
4088 silly gunzTarPerm   'node_modules/node-gyp/node_modules/tar/dist/commonjs/pax.js',
4088 silly gunzTarPerm   438,
4088 silly gunzTarPerm   420
4088 silly gunzTarPerm ]
4089 silly gunzTarPerm extractEntry node_modules/node-gyp/node_modules/tar/dist/commonjs/path-reservations.js
4090 silly gunzTarPerm modified mode [
4090 silly gunzTarPerm   'node_modules/node-gyp/node_modules/tar/dist/commonjs/path-reservations.js',
4090 silly gunzTarPerm   438,
4090 silly gunzTarPerm   420
4090 silly gunzTarPerm ]
4091 silly gunzTarPerm extractEntry node_modules/node-gyp/node_modules/tar/dist/commonjs/parse.js
4092 silly gunzTarPerm modified mode [
4092 silly gunzTarPerm   'node_modules/node-gyp/node_modules/tar/dist/commonjs/parse.js',
4092 silly gunzTarPerm   438,
4092 silly gunzTarPerm   420
4092 silly gunzTarPerm ]
4093 silly gunzTarPerm extractEntry node_modules/node-gyp/node_modules/tar/dist/commonjs/pack.js
4094 silly gunzTarPerm modified mode [
4094 silly gunzTarPerm   'node_modules/node-gyp/node_modules/tar/dist/commonjs/pack.js',
4094 silly gunzTarPerm   438,
4094 silly gunzTarPerm   420
4094 silly gunzTarPerm ]
4095 silly gunzTarPerm extractEntry node_modules/node-gyp/node_modules/tar/dist/commonjs/options.js
4096 silly gunzTarPerm modified mode [
4096 silly gunzTarPerm   'node_modules/node-gyp/node_modules/tar/dist/commonjs/options.js',
4096 silly gunzTarPerm   438,
4096 silly gunzTarPerm   420
4096 silly gunzTarPerm ]
4097 silly gunzTarPerm extractEntry node_modules/node-gyp/node_modules/tar/dist/commonjs/normalize-windows-path.js
4098 silly gunzTarPerm modified mode [
4098 silly gunzTarPerm   'node_modules/node-gyp/node_modules/tar/dist/commonjs/normalize-windows-path.js',
4098 silly gunzTarPerm   438,
4098 silly gunzTarPerm   420
4098 silly gunzTarPerm ]
4099 silly gunzTarPerm extractEntry node_modules/node-gyp/node_modules/tar/dist/commonjs/normalize-unicode.js
4100 silly gunzTarPerm modified mode [
4100 silly gunzTarPerm   'node_modules/node-gyp/node_modules/tar/dist/commonjs/normalize-unicode.js',
4100 silly gunzTarPerm   438,
4100 silly gunzTarPerm   420
4100 silly gunzTarPerm ]
4101 silly gunzTarPerm extractEntry node_modules/node-gyp/node_modules/tar/dist/commonjs/mode-fix.js
4102 silly gunzTarPerm modified mode [
4102 silly gunzTarPerm   'node_modules/node-gyp/node_modules/tar/dist/commonjs/mode-fix.js',
4102 silly gunzTarPerm   438,
4102 silly gunzTarPerm   420
4102 silly gunzTarPerm ]
4103 silly gunzTarPerm extractEntry node_modules/node-gyp/node_modules/tar/dist/commonjs/mkdir.js
4104 silly gunzTarPerm modified mode [
4104 silly gunzTarPerm   'node_modules/node-gyp/node_modules/tar/dist/commonjs/mkdir.js',
4104 silly gunzTarPerm   438,
4104 silly gunzTarPerm   420
4104 silly gunzTarPerm ]
4105 silly gunzTarPerm extractEntry node_modules/node-gyp/node_modules/tar/dist/commonjs/make-command.js
4106 silly gunzTarPerm modified mode [
4106 silly gunzTarPerm   'node_modules/node-gyp/node_modules/tar/dist/commonjs/make-command.js',
4106 silly gunzTarPerm   438,
4106 silly gunzTarPerm   420
4106 silly gunzTarPerm ]
4107 silly gunzTarPerm extractEntry node_modules/node-gyp/node_modules/tar/dist/commonjs/list.js
4108 silly gunzTarPerm modified mode [
4108 silly gunzTarPerm   'node_modules/node-gyp/node_modules/tar/dist/commonjs/list.js',
4108 silly gunzTarPerm   438,
4108 silly gunzTarPerm   420
4108 silly gunzTarPerm ]
4109 silly gunzTarPerm extractEntry node_modules/node-gyp/node_modules/tar/dist/commonjs/large-numbers.js
4110 silly gunzTarPerm modified mode [
4110 silly gunzTarPerm   'node_modules/node-gyp/node_modules/tar/dist/commonjs/large-numbers.js',
4110 silly gunzTarPerm   438,
4110 silly gunzTarPerm   420
4110 silly gunzTarPerm ]
4111 silly gunzTarPerm extractEntry node_modules/node-gyp/node_modules/tar/dist/commonjs/index.js
4112 silly gunzTarPerm modified mode [
4112 silly gunzTarPerm   'node_modules/node-gyp/node_modules/tar/dist/commonjs/index.js',
4112 silly gunzTarPerm   438,
4112 silly gunzTarPerm   420
4112 silly gunzTarPerm ]
4113 silly gunzTarPerm extractEntry node_modules/node-gyp/node_modules/tar/dist/commonjs/header.js
4114 silly gunzTarPerm modified mode [
4114 silly gunzTarPerm   'node_modules/node-gyp/node_modules/tar/dist/commonjs/header.js',
4114 silly gunzTarPerm   438,
4114 silly gunzTarPerm   420
4114 silly gunzTarPerm ]
4115 silly gunzTarPerm extractEntry node_modules/node-gyp/node_modules/tar/dist/commonjs/get-write-flag.js
4116 silly gunzTarPerm modified mode [
4116 silly gunzTarPerm   'node_modules/node-gyp/node_modules/tar/dist/commonjs/get-write-flag.js',
4116 silly gunzTarPerm   438,
4116 silly gunzTarPerm   420
4116 silly gunzTarPerm ]
4117 silly gunzTarPerm extractEntry node_modules/node-gyp/node_modules/tar/dist/commonjs/extract.js
4118 silly gunzTarPerm modified mode [
4118 silly gunzTarPerm   'node_modules/node-gyp/node_modules/tar/dist/commonjs/extract.js',
4118 silly gunzTarPerm   438,
4118 silly gunzTarPerm   420
4118 silly gunzTarPerm ]
4119 silly gunzTarPerm extractEntry node_modules/node-gyp/node_modules/tar/dist/commonjs/cwd-error.js
4120 silly gunzTarPerm modified mode [
4120 silly gunzTarPerm   'node_modules/node-gyp/node_modules/tar/dist/commonjs/cwd-error.js',
4120 silly gunzTarPerm   438,
4120 silly gunzTarPerm   420
4120 silly gunzTarPerm ]
4121 silly gunzTarPerm extractEntry node_modules/node-gyp/node_modules/tar/dist/commonjs/create.js
4122 silly gunzTarPerm modified mode [
4122 silly gunzTarPerm   'node_modules/node-gyp/node_modules/tar/dist/commonjs/create.js',
4122 silly gunzTarPerm   438,
4122 silly gunzTarPerm   420
4122 silly gunzTarPerm ]
4123 silly gunzTarPerm extractEntry node_modules/node-gyp/node_modules/tar/dist/esm/package.json
4124 silly gunzTarPerm modified mode [
4124 silly gunzTarPerm   'node_modules/node-gyp/node_modules/tar/dist/esm/package.json',
4124 silly gunzTarPerm   438,
4124 silly gunzTarPerm   420
4124 silly gunzTarPerm ]
4125 silly gunzTarPerm extractEntry node_modules/node-gyp/node_modules/tar/dist/esm/write-entry.js
4126 silly gunzTarPerm modified mode [
4126 silly gunzTarPerm   'node_modules/node-gyp/node_modules/tar/dist/esm/write-entry.js',
4126 silly gunzTarPerm   438,
4126 silly gunzTarPerm   420
4126 silly gunzTarPerm ]
4127 silly gunzTarPerm extractEntry node_modules/node-gyp/node_modules/tar/dist/esm/winchars.js
4128 silly gunzTarPerm modified mode [
4128 silly gunzTarPerm   'node_modules/node-gyp/node_modules/tar/dist/esm/winchars.js',
4128 silly gunzTarPerm   438,
4128 silly gunzTarPerm   420
4128 silly gunzTarPerm ]
4129 silly gunzTarPerm extractEntry node_modules/node-gyp/node_modules/tar/dist/esm/warn-method.js
4130 silly gunzTarPerm modified mode [
4130 silly gunzTarPerm   'node_modules/node-gyp/node_modules/tar/dist/esm/warn-method.js',
4130 silly gunzTarPerm   438,
4130 silly gunzTarPerm   420
4130 silly gunzTarPerm ]
4131 silly gunzTarPerm extractEntry node_modules/node-gyp/node_modules/tar/dist/esm/update.js
4132 silly gunzTarPerm modified mode [
4132 silly gunzTarPerm   'node_modules/node-gyp/node_modules/tar/dist/esm/update.js',
4132 silly gunzTarPerm   438,
4132 silly gunzTarPerm   420
4132 silly gunzTarPerm ]
4133 silly gunzTarPerm extractEntry node_modules/node-gyp/node_modules/tar/dist/esm/unpack.js
4134 silly gunzTarPerm modified mode [
4134 silly gunzTarPerm   'node_modules/node-gyp/node_modules/tar/dist/esm/unpack.js',
4134 silly gunzTarPerm   438,
4134 silly gunzTarPerm   420
4134 silly gunzTarPerm ]
4135 silly gunzTarPerm extractEntry node_modules/node-gyp/node_modules/tar/dist/esm/types.js
4136 silly gunzTarPerm modified mode [
4136 silly gunzTarPerm   'node_modules/node-gyp/node_modules/tar/dist/esm/types.js',
4136 silly gunzTarPerm   438,
4136 silly gunzTarPerm   420
4136 silly gunzTarPerm ]
4137 silly gunzTarPerm extractEntry node_modules/node-gyp/node_modules/tar/dist/esm/symlink-error.js
4138 silly gunzTarPerm modified mode [
4138 silly gunzTarPerm   'node_modules/node-gyp/node_modules/tar/dist/esm/symlink-error.js',
4138 silly gunzTarPerm   438,
4138 silly gunzTarPerm   420
4138 silly gunzTarPerm ]
4139 silly gunzTarPerm extractEntry node_modules/node-gyp/node_modules/tar/dist/esm/strip-trailing-slashes.js
4140 silly gunzTarPerm modified mode [
4140 silly gunzTarPerm   'node_modules/node-gyp/node_modules/tar/dist/esm/strip-trailing-slashes.js',
4140 silly gunzTarPerm   438,
4140 silly gunzTarPerm   420
4140 silly gunzTarPerm ]
4141 silly gunzTarPerm extractEntry node_modules/node-gyp/node_modules/tar/dist/esm/strip-absolute-path.js
4142 silly gunzTarPerm modified mode [
4142 silly gunzTarPerm   'node_modules/node-gyp/node_modules/tar/dist/esm/strip-absolute-path.js',
4142 silly gunzTarPerm   438,
4142 silly gunzTarPerm   420
4142 silly gunzTarPerm ]
4143 silly gunzTarPerm extractEntry node_modules/node-gyp/node_modules/tar/dist/esm/replace.js
4144 silly gunzTarPerm modified mode [
4144 silly gunzTarPerm   'node_modules/node-gyp/node_modules/tar/dist/esm/replace.js',
4144 silly gunzTarPerm   438,
4144 silly gunzTarPerm   420
4144 silly gunzTarPerm ]
4145 silly gunzTarPerm extractEntry node_modules/node-gyp/node_modules/tar/dist/esm/read-entry.js
4146 silly gunzTarPerm modified mode [
4146 silly gunzTarPerm   'node_modules/node-gyp/node_modules/tar/dist/esm/read-entry.js',
4146 silly gunzTarPerm   438,
4146 silly gunzTarPerm   420
4146 silly gunzTarPerm ]
4147 silly gunzTarPerm extractEntry node_modules/node-gyp/node_modules/tar/dist/esm/pax.js
4148 silly gunzTarPerm modified mode [ 'node_modules/node-gyp/node_modules/tar/dist/esm/pax.js', 438, 420 ]
4149 silly gunzTarPerm extractEntry node_modules/node-gyp/node_modules/tar/dist/esm/path-reservations.js
4150 silly gunzTarPerm modified mode [
4150 silly gunzTarPerm   'node_modules/node-gyp/node_modules/tar/dist/esm/path-reservations.js',
4150 silly gunzTarPerm   438,
4150 silly gunzTarPerm   420
4150 silly gunzTarPerm ]
4151 silly gunzTarPerm extractEntry node_modules/node-gyp/node_modules/tar/dist/esm/parse.js
4152 silly gunzTarPerm modified mode [
4152 silly gunzTarPerm   'node_modules/node-gyp/node_modules/tar/dist/esm/parse.js',
4152 silly gunzTarPerm   438,
4152 silly gunzTarPerm   420
4152 silly gunzTarPerm ]
4153 silly gunzTarPerm extractEntry node_modules/node-gyp/node_modules/tar/dist/esm/pack.js
4154 silly gunzTarPerm modified mode [ 'node_modules/node-gyp/node_modules/tar/dist/esm/pack.js', 438, 420 ]
4155 silly gunzTarPerm extractEntry node_modules/node-gyp/node_modules/tar/dist/esm/options.js
4156 silly gunzTarPerm modified mode [
4156 silly gunzTarPerm   'node_modules/node-gyp/node_modules/tar/dist/esm/options.js',
4156 silly gunzTarPerm   438,
4156 silly gunzTarPerm   420
4156 silly gunzTarPerm ]
4157 silly gunzTarPerm extractEntry node_modules/node-gyp/node_modules/tar/dist/esm/normalize-windows-path.js
4158 silly gunzTarPerm modified mode [
4158 silly gunzTarPerm   'node_modules/node-gyp/node_modules/tar/dist/esm/normalize-windows-path.js',
4158 silly gunzTarPerm   438,
4158 silly gunzTarPerm   420
4158 silly gunzTarPerm ]
4159 silly gunzTarPerm extractEntry node_modules/node-gyp/node_modules/tar/dist/esm/normalize-unicode.js
4160 silly gunzTarPerm modified mode [
4160 silly gunzTarPerm   'node_modules/node-gyp/node_modules/tar/dist/esm/normalize-unicode.js',
4160 silly gunzTarPerm   438,
4160 silly gunzTarPerm   420
4160 silly gunzTarPerm ]
4161 silly gunzTarPerm extractEntry node_modules/node-gyp/node_modules/tar/dist/esm/mode-fix.js
4162 silly gunzTarPerm modified mode [
4162 silly gunzTarPerm   'node_modules/node-gyp/node_modules/tar/dist/esm/mode-fix.js',
4162 silly gunzTarPerm   438,
4162 silly gunzTarPerm   420
4162 silly gunzTarPerm ]
4163 silly gunzTarPerm extractEntry node_modules/node-gyp/node_modules/tar/dist/esm/mkdir.js
4164 silly gunzTarPerm modified mode [
4164 silly gunzTarPerm   'node_modules/node-gyp/node_modules/tar/dist/esm/mkdir.js',
4164 silly gunzTarPerm   438,
4164 silly gunzTarPerm   420
4164 silly gunzTarPerm ]
4165 silly gunzTarPerm extractEntry node_modules/node-gyp/node_modules/tar/dist/esm/make-command.js
4166 silly gunzTarPerm modified mode [
4166 silly gunzTarPerm   'node_modules/node-gyp/node_modules/tar/dist/esm/make-command.js',
4166 silly gunzTarPerm   438,
4166 silly gunzTarPerm   420
4166 silly gunzTarPerm ]
4167 silly gunzTarPerm extractEntry node_modules/node-gyp/node_modules/tar/dist/esm/list.js
4168 silly gunzTarPerm modified mode [ 'node_modules/node-gyp/node_modules/tar/dist/esm/list.js', 438, 420 ]
4169 silly gunzTarPerm extractEntry node_modules/node-gyp/node_modules/tar/dist/esm/large-numbers.js
4170 silly gunzTarPerm modified mode [
4170 silly gunzTarPerm   'node_modules/node-gyp/node_modules/tar/dist/esm/large-numbers.js',
4170 silly gunzTarPerm   438,
4170 silly gunzTarPerm   420
4170 silly gunzTarPerm ]
4171 silly gunzTarPerm extractEntry node_modules/node-gyp/node_modules/tar/dist/esm/index.js
4172 silly gunzTarPerm modified mode [
4172 silly gunzTarPerm   'node_modules/node-gyp/node_modules/tar/dist/esm/index.js',
4172 silly gunzTarPerm   438,
4172 silly gunzTarPerm   420
4172 silly gunzTarPerm ]
4173 silly gunzTarPerm extractEntry node_modules/node-gyp/node_modules/tar/dist/esm/header.js
4174 silly gunzTarPerm modified mode [
4174 silly gunzTarPerm   'node_modules/node-gyp/node_modules/tar/dist/esm/header.js',
4174 silly gunzTarPerm   438,
4174 silly gunzTarPerm   420
4174 silly gunzTarPerm ]
4175 silly gunzTarPerm extractEntry node_modules/node-gyp/node_modules/tar/dist/esm/get-write-flag.js
4176 silly gunzTarPerm modified mode [
4176 silly gunzTarPerm   'node_modules/node-gyp/node_modules/tar/dist/esm/get-write-flag.js',
4176 silly gunzTarPerm   438,
4176 silly gunzTarPerm   420
4176 silly gunzTarPerm ]
4177 silly gunzTarPerm extractEntry node_modules/node-gyp/node_modules/tar/dist/esm/extract.js
4178 silly gunzTarPerm modified mode [
4178 silly gunzTarPerm   'node_modules/node-gyp/node_modules/tar/dist/esm/extract.js',
4178 silly gunzTarPerm   438,
4178 silly gunzTarPerm   420
4178 silly gunzTarPerm ]
4179 silly gunzTarPerm extractEntry node_modules/node-gyp/node_modules/tar/dist/esm/cwd-error.js
4180 silly gunzTarPerm modified mode [
4180 silly gunzTarPerm   'node_modules/node-gyp/node_modules/tar/dist/esm/cwd-error.js',
4180 silly gunzTarPerm   438,
4180 silly gunzTarPerm   420
4180 silly gunzTarPerm ]
4181 silly gunzTarPerm extractEntry node_modules/node-gyp/node_modules/tar/dist/esm/create.js
4182 silly gunzTarPerm modified mode [
4182 silly gunzTarPerm   'node_modules/node-gyp/node_modules/tar/dist/esm/create.js',
4182 silly gunzTarPerm   438,
4182 silly gunzTarPerm   420
4182 silly gunzTarPerm ]
4183 silly gunzTarPerm extractEntry node_modules/node-gyp/node_modules/yallist/package.json
4184 silly gunzTarPerm modified mode [ 'node_modules/node-gyp/node_modules/yallist/package.json', 438, 420 ]
4185 silly gunzTarPerm extractEntry node_modules/node-gyp/node_modules/yallist/dist/commonjs/package.json
4186 silly gunzTarPerm modified mode [
4186 silly gunzTarPerm   'node_modules/node-gyp/node_modules/yallist/dist/commonjs/package.json',
4186 silly gunzTarPerm   438,
4186 silly gunzTarPerm   420
4186 silly gunzTarPerm ]
4187 silly gunzTarPerm extractEntry node_modules/node-gyp/node_modules/yallist/dist/commonjs/index.js
4188 silly gunzTarPerm modified mode [
4188 silly gunzTarPerm   'node_modules/node-gyp/node_modules/yallist/dist/commonjs/index.js',
4188 silly gunzTarPerm   438,
4188 silly gunzTarPerm   420
4188 silly gunzTarPerm ]
4189 silly gunzTarPerm extractEntry node_modules/node-gyp/node_modules/yallist/dist/esm/package.json
4190 silly gunzTarPerm modified mode [
4190 silly gunzTarPerm   'node_modules/node-gyp/node_modules/yallist/dist/esm/package.json',
4190 silly gunzTarPerm   438,
4190 silly gunzTarPerm   420
4190 silly gunzTarPerm ]
4191 silly gunzTarPerm extractEntry node_modules/node-gyp/node_modules/yallist/dist/esm/index.js
4192 silly gunzTarPerm modified mode [
4192 silly gunzTarPerm   'node_modules/node-gyp/node_modules/yallist/dist/esm/index.js',
4192 silly gunzTarPerm   438,
4192 silly gunzTarPerm   420
4192 silly gunzTarPerm ]
4193 silly gunzTarPerm extractEntry node_modules/nopt/package.json
4194 silly gunzTarPerm modified mode [ 'node_modules/nopt/package.json', 438, 420 ]
4195 silly gunzTarPerm extractEntry node_modules/nopt/README.md
4196 silly gunzTarPerm modified mode [ 'node_modules/nopt/README.md', 438, 420 ]
4197 silly gunzTarPerm extractEntry node_modules/nopt/bin/nopt.js
4198 silly gunzTarPerm modified mode [ 'node_modules/nopt/bin/nopt.js', 438, 420 ]
4199 silly gunzTarPerm extractEntry node_modules/nopt/lib/type-defs.js
4200 silly gunzTarPerm modified mode [ 'node_modules/nopt/lib/type-defs.js', 438, 420 ]
4201 silly gunzTarPerm extractEntry node_modules/nopt/lib/nopt.js
4202 silly gunzTarPerm modified mode [ 'node_modules/nopt/lib/nopt.js', 438, 420 ]
4203 silly gunzTarPerm extractEntry node_modules/nopt/lib/nopt-lib.js
4204 silly gunzTarPerm modified mode [ 'node_modules/nopt/lib/nopt-lib.js', 438, 420 ]
4205 silly gunzTarPerm extractEntry node_modules/nopt/lib/debug.js
4206 silly gunzTarPerm modified mode [ 'node_modules/nopt/lib/debug.js', 438, 420 ]
4207 silly gunzTarPerm extractEntry node_modules/normalize-package-data/package.json
4208 silly gunzTarPerm modified mode [ 'node_modules/normalize-package-data/package.json', 438, 420 ]
4209 silly gunzTarPerm extractEntry node_modules/normalize-package-data/lib/safe_format.js
4210 silly gunzTarPerm modified mode [ 'node_modules/normalize-package-data/lib/safe_format.js', 438, 420 ]
4211 silly gunzTarPerm extractEntry node_modules/normalize-package-data/lib/normalize.js
4212 silly gunzTarPerm modified mode [ 'node_modules/normalize-package-data/lib/normalize.js', 438, 420 ]
4213 silly gunzTarPerm extractEntry node_modules/normalize-package-data/lib/make_warning.js
4214 silly gunzTarPerm modified mode [ 'node_modules/normalize-package-data/lib/make_warning.js', 438, 420 ]
4215 silly gunzTarPerm extractEntry node_modules/normalize-package-data/lib/fixer.js
4216 silly gunzTarPerm modified mode [ 'node_modules/normalize-package-data/lib/fixer.js', 438, 420 ]
4217 silly gunzTarPerm extractEntry node_modules/normalize-package-data/lib/extract_description.js
4218 silly gunzTarPerm modified mode [
4218 silly gunzTarPerm   'node_modules/normalize-package-data/lib/extract_description.js',
4218 silly gunzTarPerm   438,
4218 silly gunzTarPerm   420
4218 silly gunzTarPerm ]
4219 silly gunzTarPerm extractEntry node_modules/normalize-package-data/lib/typos.json
4220 silly gunzTarPerm modified mode [ 'node_modules/normalize-package-data/lib/typos.json', 438, 420 ]
4221 silly gunzTarPerm extractEntry node_modules/normalize-package-data/lib/warning_messages.json
4222 silly gunzTarPerm modified mode [
4222 silly gunzTarPerm   'node_modules/normalize-package-data/lib/warning_messages.json',
4222 silly gunzTarPerm   438,
4222 silly gunzTarPerm   420
4222 silly gunzTarPerm ]
4223 silly gunzTarPerm extractEntry node_modules/npm-audit-report/package.json
4224 silly gunzTarPerm modified mode [ 'node_modules/npm-audit-report/package.json', 438, 420 ]
4225 silly gunzTarPerm extractEntry node_modules/npm-audit-report/lib/index.js
4226 silly gunzTarPerm modified mode [ 'node_modules/npm-audit-report/lib/index.js', 438, 420 ]
4227 silly gunzTarPerm extractEntry node_modules/npm-audit-report/lib/exit-code.js
4228 silly gunzTarPerm modified mode [ 'node_modules/npm-audit-report/lib/exit-code.js', 438, 420 ]
4229 silly gunzTarPerm extractEntry node_modules/npm-audit-report/lib/colors.js
4230 silly gunzTarPerm modified mode [ 'node_modules/npm-audit-report/lib/colors.js', 438, 420 ]
4231 silly gunzTarPerm extractEntry node_modules/npm-audit-report/lib/reporters/quiet.js
4232 silly gunzTarPerm modified mode [ 'node_modules/npm-audit-report/lib/reporters/quiet.js', 438, 420 ]
4233 silly gunzTarPerm extractEntry node_modules/npm-audit-report/lib/reporters/json.js
4234 silly gunzTarPerm modified mode [ 'node_modules/npm-audit-report/lib/reporters/json.js', 438, 420 ]
4235 silly gunzTarPerm extractEntry node_modules/npm-audit-report/lib/reporters/install.js
4236 silly gunzTarPerm modified mode [ 'node_modules/npm-audit-report/lib/reporters/install.js', 438, 420 ]
4237 silly gunzTarPerm extractEntry node_modules/npm-audit-report/lib/reporters/detail.js
4238 silly gunzTarPerm modified mode [ 'node_modules/npm-audit-report/lib/reporters/detail.js', 438, 420 ]
4239 silly gunzTarPerm extractEntry node_modules/npm-install-checks/package.json
4240 silly gunzTarPerm modified mode [ 'node_modules/npm-install-checks/package.json', 438, 420 ]
4241 silly gunzTarPerm extractEntry node_modules/npm-install-checks/lib/index.js
4242 silly gunzTarPerm modified mode [ 'node_modules/npm-install-checks/lib/index.js', 438, 420 ]
4243 silly gunzTarPerm extractEntry node_modules/npm-install-checks/lib/dev-engines.js
4244 silly gunzTarPerm modified mode [ 'node_modules/npm-install-checks/lib/dev-engines.js', 438, 420 ]
4245 silly gunzTarPerm extractEntry node_modules/npm-install-checks/lib/current-env.js
4246 silly gunzTarPerm modified mode [ 'node_modules/npm-install-checks/lib/current-env.js', 438, 420 ]
4247 silly gunzTarPerm extractEntry node_modules/npm-package-arg/package.json
4248 silly gunzTarPerm modified mode [ 'node_modules/npm-package-arg/package.json', 438, 420 ]
4249 silly gunzTarPerm extractEntry node_modules/npm-package-arg/lib/npa.js
4250 silly gunzTarPerm modified mode [ 'node_modules/npm-package-arg/lib/npa.js', 438, 420 ]
4251 silly gunzTarPerm extractEntry node_modules/npm-pick-manifest/package.json
4252 silly gunzTarPerm modified mode [ 'node_modules/npm-pick-manifest/package.json', 438, 420 ]
4253 silly gunzTarPerm extractEntry node_modules/npm-pick-manifest/lib/index.js
4254 silly gunzTarPerm modified mode [ 'node_modules/npm-pick-manifest/lib/index.js', 438, 420 ]
4255 silly gunzTarPerm extractEntry node_modules/npm-profile/package.json
4256 silly gunzTarPerm modified mode [ 'node_modules/npm-profile/package.json', 438, 420 ]
4257 silly gunzTarPerm extractEntry node_modules/npm-profile/lib/index.js
4258 silly gunzTarPerm modified mode [ 'node_modules/npm-profile/lib/index.js', 438, 420 ]
4259 silly gunzTarPerm extractEntry node_modules/npm-registry-fetch/package.json
4260 silly gunzTarPerm modified mode [ 'node_modules/npm-registry-fetch/package.json', 438, 420 ]
4261 silly gunzTarPerm extractEntry node_modules/npm-registry-fetch/lib/json-stream.js
4262 silly gunzTarPerm modified mode [ 'node_modules/npm-registry-fetch/lib/json-stream.js', 438, 420 ]
4263 silly gunzTarPerm extractEntry node_modules/npm-registry-fetch/lib/index.js
4264 silly gunzTarPerm modified mode [ 'node_modules/npm-registry-fetch/lib/index.js', 438, 420 ]
4265 silly gunzTarPerm extractEntry node_modules/npm-registry-fetch/lib/errors.js
4266 silly gunzTarPerm modified mode [ 'node_modules/npm-registry-fetch/lib/errors.js', 438, 420 ]
4267 silly gunzTarPerm extractEntry node_modules/npm-registry-fetch/lib/default-opts.js
4268 silly gunzTarPerm modified mode [ 'node_modules/npm-registry-fetch/lib/default-opts.js', 438, 420 ]
4269 silly gunzTarPerm extractEntry node_modules/npm-registry-fetch/lib/check-response.js
4270 silly gunzTarPerm modified mode [ 'node_modules/npm-registry-fetch/lib/check-response.js', 438, 420 ]
4271 silly gunzTarPerm extractEntry node_modules/npm-registry-fetch/lib/auth.js
4272 silly gunzTarPerm modified mode [ 'node_modules/npm-registry-fetch/lib/auth.js', 438, 420 ]
4273 silly gunzTarPerm extractEntry node_modules/npm-registry-fetch/node_modules/minizlib/package.json
4274 silly gunzTarPerm modified mode [
4274 silly gunzTarPerm   'node_modules/npm-registry-fetch/node_modules/minizlib/package.json',
4274 silly gunzTarPerm   438,
4274 silly gunzTarPerm   420
4274 silly gunzTarPerm ]
4275 silly gunzTarPerm extractEntry node_modules/npm-registry-fetch/node_modules/minizlib/dist/commonjs/package.json
4276 silly gunzTarPerm modified mode [
4276 silly gunzTarPerm   'node_modules/npm-registry-fetch/node_modules/minizlib/dist/commonjs/package.json',
4276 silly gunzTarPerm   438,
4276 silly gunzTarPerm   420
4276 silly gunzTarPerm ]
4277 silly gunzTarPerm extractEntry node_modules/npm-registry-fetch/node_modules/minizlib/dist/commonjs/index.js
4278 silly gunzTarPerm modified mode [
4278 silly gunzTarPerm   'node_modules/npm-registry-fetch/node_modules/minizlib/dist/commonjs/index.js',
4278 silly gunzTarPerm   438,
4278 silly gunzTarPerm   420
4278 silly gunzTarPerm ]
4279 silly gunzTarPerm extractEntry node_modules/npm-registry-fetch/node_modules/minizlib/dist/commonjs/constants.js
4280 silly gunzTarPerm modified mode [
4280 silly gunzTarPerm   'node_modules/npm-registry-fetch/node_modules/minizlib/dist/commonjs/constants.js',
4280 silly gunzTarPerm   438,
4280 silly gunzTarPerm   420
4280 silly gunzTarPerm ]
4281 silly gunzTarPerm extractEntry node_modules/npm-registry-fetch/node_modules/minizlib/dist/esm/package.json
4282 silly gunzTarPerm modified mode [
4282 silly gunzTarPerm   'node_modules/npm-registry-fetch/node_modules/minizlib/dist/esm/package.json',
4282 silly gunzTarPerm   438,
4282 silly gunzTarPerm   420
4282 silly gunzTarPerm ]
4283 silly gunzTarPerm extractEntry node_modules/npm-registry-fetch/node_modules/minizlib/dist/esm/index.js
4284 silly gunzTarPerm modified mode [
4284 silly gunzTarPerm   'node_modules/npm-registry-fetch/node_modules/minizlib/dist/esm/index.js',
4284 silly gunzTarPerm   438,
4284 silly gunzTarPerm   420
4284 silly gunzTarPerm ]
4285 silly gunzTarPerm extractEntry node_modules/npm-registry-fetch/node_modules/minizlib/dist/esm/constants.js
4286 silly gunzTarPerm modified mode [
4286 silly gunzTarPerm   'node_modules/npm-registry-fetch/node_modules/minizlib/dist/esm/constants.js',
4286 silly gunzTarPerm   438,
4286 silly gunzTarPerm   420
4286 silly gunzTarPerm ]
4287 silly gunzTarPerm extractEntry node_modules/npm-user-validate/package.json
4288 silly gunzTarPerm modified mode [ 'node_modules/npm-user-validate/package.json', 438, 420 ]
4289 silly gunzTarPerm extractEntry node_modules/npm-user-validate/lib/index.js
4290 silly gunzTarPerm modified mode [ 'node_modules/npm-user-validate/lib/index.js', 438, 420 ]
4291 silly gunzTarPerm extractEntry node_modules/p-map/package.json
4292 silly gunzTarPerm modified mode [ 'node_modules/p-map/package.json', 438, 420 ]
4293 silly gunzTarPerm extractEntry node_modules/p-map/index.js
4294 silly gunzTarPerm modified mode [ 'node_modules/p-map/index.js', 438, 420 ]
4295 silly gunzTarPerm extractEntry node_modules/pacote/package.json
4296 silly gunzTarPerm modified mode [ 'node_modules/pacote/package.json', 438, 420 ]
4297 silly gunzTarPerm extractEntry node_modules/pacote/README.md
4298 silly gunzTarPerm modified mode [ 'node_modules/pacote/README.md', 438, 420 ]
4299 silly gunzTarPerm extractEntry node_modules/pacote/bin/index.js
4300 silly gunzTarPerm modified mode [ 'node_modules/pacote/bin/index.js', 438, 420 ]
4301 silly gunzTarPerm extractEntry node_modules/pacote/lib/remote.js
4302 silly gunzTarPerm modified mode [ 'node_modules/pacote/lib/remote.js', 438, 420 ]
4303 silly gunzTarPerm extractEntry node_modules/pacote/lib/registry.js
4304 silly gunzTarPerm modified mode [ 'node_modules/pacote/lib/registry.js', 438, 420 ]
4305 silly gunzTarPerm extractEntry node_modules/pacote/lib/index.js
4306 silly gunzTarPerm modified mode [ 'node_modules/pacote/lib/index.js', 438, 420 ]
4307 silly gunzTarPerm extractEntry node_modules/pacote/lib/git.js
4308 silly gunzTarPerm modified mode [ 'node_modules/pacote/lib/git.js', 438, 420 ]
4309 silly gunzTarPerm extractEntry node_modules/pacote/lib/file.js
4310 silly gunzTarPerm modified mode [ 'node_modules/pacote/lib/file.js', 438, 420 ]
4311 silly gunzTarPerm extractEntry node_modules/pacote/lib/fetcher.js
4312 silly gunzTarPerm modified mode [ 'node_modules/pacote/lib/fetcher.js', 438, 420 ]
4313 silly gunzTarPerm extractEntry node_modules/pacote/lib/dir.js
4314 silly gunzTarPerm modified mode [ 'node_modules/pacote/lib/dir.js', 438, 420 ]
4315 silly gunzTarPerm extractEntry node_modules/pacote/lib/util/trailing-slashes.js
4316 silly gunzTarPerm modified mode [ 'node_modules/pacote/lib/util/trailing-slashes.js', 438, 420 ]
4317 silly gunzTarPerm extractEntry node_modules/pacote/lib/util/tar-create-options.js
4318 silly gunzTarPerm modified mode [ 'node_modules/pacote/lib/util/tar-create-options.js', 438, 420 ]
4319 silly gunzTarPerm extractEntry node_modules/pacote/lib/util/protected.js
4320 silly gunzTarPerm modified mode [ 'node_modules/pacote/lib/util/protected.js', 438, 420 ]
4321 silly gunzTarPerm extractEntry node_modules/pacote/lib/util/npm.js
4322 silly gunzTarPerm modified mode [ 'node_modules/pacote/lib/util/npm.js', 438, 420 ]
4323 silly gunzTarPerm extractEntry node_modules/pacote/lib/util/is-package-bin.js
4324 silly gunzTarPerm modified mode [ 'node_modules/pacote/lib/util/is-package-bin.js', 438, 420 ]
4325 silly gunzTarPerm extractEntry node_modules/pacote/lib/util/cache-dir.js
4326 silly gunzTarPerm modified mode [ 'node_modules/pacote/lib/util/cache-dir.js', 438, 420 ]
4327 silly gunzTarPerm extractEntry node_modules/pacote/lib/util/add-git-sha.js
4328 silly gunzTarPerm modified mode [ 'node_modules/pacote/lib/util/add-git-sha.js', 438, 420 ]
4329 silly gunzTarPerm extractEntry node_modules/parse-conflict-json/package.json
4330 silly gunzTarPerm modified mode [ 'node_modules/parse-conflict-json/package.json', 438, 420 ]
4331 silly gunzTarPerm extractEntry node_modules/parse-conflict-json/lib/index.js
4332 silly gunzTarPerm modified mode [ 'node_modules/parse-conflict-json/lib/index.js', 438, 420 ]
4333 silly gunzTarPerm extractEntry node_modules/proc-log/package.json
4334 silly gunzTarPerm modified mode [ 'node_modules/proc-log/package.json', 438, 420 ]
4335 silly gunzTarPerm extractEntry node_modules/proc-log/lib/index.js
4336 silly gunzTarPerm modified mode [ 'node_modules/proc-log/lib/index.js', 438, 420 ]
4337 silly gunzTarPerm extractEntry node_modules/qrcode-terminal/package.json
4338 silly gunzTarPerm modified mode [ 'node_modules/qrcode-terminal/package.json', 438, 420 ]
4339 silly gunzTarPerm extractEntry node_modules/qrcode-terminal/README.md
4340 silly gunzTarPerm modified mode [ 'node_modules/qrcode-terminal/README.md', 438, 420 ]
4341 silly gunzTarPerm extractEntry node_modules/qrcode-terminal/LICENSE
4342 silly gunzTarPerm modified mode [ 'node_modules/qrcode-terminal/LICENSE', 438, 420 ]
4343 silly gunzTarPerm extractEntry node_modules/qrcode-terminal/.travis.yml
4344 silly gunzTarPerm modified mode [ 'node_modules/qrcode-terminal/.travis.yml', 438, 420 ]
4345 silly gunzTarPerm extractEntry node_modules/qrcode-terminal/bin/qrcode-terminal.js
4346 silly gunzTarPerm modified mode [ 'node_modules/qrcode-terminal/bin/qrcode-terminal.js', 438, 420 ]
4347 silly gunzTarPerm extractEntry node_modules/qrcode-terminal/example/small-qrcode.js
4348 silly gunzTarPerm modified mode [ 'node_modules/qrcode-terminal/example/small-qrcode.js', 438, 420 ]
4349 silly gunzTarPerm extractEntry node_modules/qrcode-terminal/example/callback.js
4350 silly gunzTarPerm modified mode [ 'node_modules/qrcode-terminal/example/callback.js', 438, 420 ]
4351 silly gunzTarPerm extractEntry node_modules/qrcode-terminal/example/basic.js
4352 silly gunzTarPerm modified mode [ 'node_modules/qrcode-terminal/example/basic.js', 438, 420 ]
4353 silly gunzTarPerm extractEntry node_modules/qrcode-terminal/example/basic.png
4354 silly gunzTarPerm modified mode [ 'node_modules/qrcode-terminal/example/basic.png', 438, 420 ]
4355 silly gunzTarPerm extractEntry node_modules/qrcode-terminal/lib/main.js
4356 silly gunzTarPerm modified mode [ 'node_modules/qrcode-terminal/lib/main.js', 438, 420 ]
4357 silly gunzTarPerm extractEntry node_modules/qrcode-terminal/test/main.js
4358 silly gunzTarPerm modified mode [ 'node_modules/qrcode-terminal/test/main.js', 438, 420 ]
4359 silly gunzTarPerm extractEntry node_modules/qrcode-terminal/vendor/QRCode/QRUtil.js
4360 silly gunzTarPerm modified mode [ 'node_modules/qrcode-terminal/vendor/QRCode/QRUtil.js', 438, 420 ]
4361 silly gunzTarPerm extractEntry node_modules/qrcode-terminal/vendor/QRCode/QRRSBlock.js
4362 silly gunzTarPerm modified mode [ 'node_modules/qrcode-terminal/vendor/QRCode/QRRSBlock.js', 438, 420 ]
4363 silly gunzTarPerm extractEntry node_modules/qrcode-terminal/vendor/QRCode/QRPolynomial.js
4364 silly gunzTarPerm modified mode [
4364 silly gunzTarPerm   'node_modules/qrcode-terminal/vendor/QRCode/QRPolynomial.js',
4364 silly gunzTarPerm   438,
4364 silly gunzTarPerm   420
4364 silly gunzTarPerm ]
4365 silly gunzTarPerm extractEntry node_modules/qrcode-terminal/vendor/QRCode/QRMode.js
4366 silly gunzTarPerm modified mode [ 'node_modules/qrcode-terminal/vendor/QRCode/QRMode.js', 438, 420 ]
4367 silly gunzTarPerm extractEntry node_modules/qrcode-terminal/vendor/QRCode/QRMath.js
4368 silly gunzTarPerm modified mode [ 'node_modules/qrcode-terminal/vendor/QRCode/QRMath.js', 438, 420 ]
4369 silly gunzTarPerm extractEntry node_modules/qrcode-terminal/vendor/QRCode/QRMaskPattern.js
4370 silly gunzTarPerm modified mode [
4370 silly gunzTarPerm   'node_modules/qrcode-terminal/vendor/QRCode/QRMaskPattern.js',
4370 silly gunzTarPerm   438,
4370 silly gunzTarPerm   420
4370 silly gunzTarPerm ]
4371 silly gunzTarPerm extractEntry node_modules/qrcode-terminal/vendor/QRCode/QRErrorCorrectLevel.js
4372 silly gunzTarPerm modified mode [
4372 silly gunzTarPerm   'node_modules/qrcode-terminal/vendor/QRCode/QRErrorCorrectLevel.js',
4372 silly gunzTarPerm   438,
4372 silly gunzTarPerm   420
4372 silly gunzTarPerm ]
4373 silly gunzTarPerm extractEntry node_modules/qrcode-terminal/vendor/QRCode/QRBitBuffer.js
4374 silly gunzTarPerm modified mode [
4374 silly gunzTarPerm   'node_modules/qrcode-terminal/vendor/QRCode/QRBitBuffer.js',
4374 silly gunzTarPerm   438,
4374 silly gunzTarPerm   420
4374 silly gunzTarPerm ]
4375 silly gunzTarPerm extractEntry node_modules/qrcode-terminal/vendor/QRCode/QR8bitByte.js
4376 silly gunzTarPerm modified mode [
4376 silly gunzTarPerm   'node_modules/qrcode-terminal/vendor/QRCode/QR8bitByte.js',
4376 silly gunzTarPerm   438,
4376 silly gunzTarPerm   420
4376 silly gunzTarPerm ]
4377 silly gunzTarPerm extractEntry node_modules/qrcode-terminal/vendor/QRCode/index.js
4378 silly gunzTarPerm modified mode [ 'node_modules/qrcode-terminal/vendor/QRCode/index.js', 438, 420 ]
4379 silly gunzTarPerm extractEntry node_modules/read/package.json
4380 silly gunzTarPerm modified mode [ 'node_modules/read/package.json', 438, 420 ]
4381 silly gunzTarPerm extractEntry node_modules/read/dist/commonjs/package.json
4382 silly gunzTarPerm modified mode [ 'node_modules/read/dist/commonjs/package.json', 438, 420 ]
4383 silly gunzTarPerm extractEntry node_modules/read/dist/commonjs/read.js
4384 silly gunzTarPerm modified mode [ 'node_modules/read/dist/commonjs/read.js', 438, 420 ]
4385 silly gunzTarPerm extractEntry node_modules/read/dist/esm/package.json
4386 silly gunzTarPerm modified mode [ 'node_modules/read/dist/esm/package.json', 438, 420 ]
4387 silly gunzTarPerm extractEntry node_modules/read/dist/esm/read.js
4388 silly gunzTarPerm modified mode [ 'node_modules/read/dist/esm/read.js', 438, 420 ]
4389 silly gunzTarPerm extractEntry node_modules/semver/package.json
4390 silly gunzTarPerm modified mode [ 'node_modules/semver/package.json', 438, 420 ]
4391 silly gunzTarPerm extractEntry node_modules/semver/README.md
4392 silly gunzTarPerm modified mode [ 'node_modules/semver/README.md', 438, 420 ]
4393 silly gunzTarPerm extractEntry node_modules/semver/preload.js
4394 silly gunzTarPerm modified mode [ 'node_modules/semver/preload.js', 438, 420 ]
4395 silly gunzTarPerm extractEntry node_modules/semver/index.js
4396 silly gunzTarPerm modified mode [ 'node_modules/semver/index.js', 438, 420 ]
4397 silly gunzTarPerm extractEntry node_modules/semver/bin/semver.js
4398 silly gunzTarPerm modified mode [ 'node_modules/semver/bin/semver.js', 438, 420 ]
4399 silly gunzTarPerm extractEntry node_modules/semver/classes/semver.js
4400 silly gunzTarPerm modified mode [ 'node_modules/semver/classes/semver.js', 438, 420 ]
4401 silly gunzTarPerm extractEntry node_modules/semver/classes/range.js
4402 silly gunzTarPerm modified mode [ 'node_modules/semver/classes/range.js', 438, 420 ]
4403 silly gunzTarPerm extractEntry node_modules/semver/classes/index.js
4404 silly gunzTarPerm modified mode [ 'node_modules/semver/classes/index.js', 438, 420 ]
4405 silly gunzTarPerm extractEntry node_modules/semver/classes/comparator.js
4406 silly gunzTarPerm modified mode [ 'node_modules/semver/classes/comparator.js', 438, 420 ]
4407 silly gunzTarPerm extractEntry node_modules/semver/functions/valid.js
4408 silly gunzTarPerm modified mode [ 'node_modules/semver/functions/valid.js', 438, 420 ]
4409 silly gunzTarPerm extractEntry node_modules/semver/functions/sort.js
4410 silly gunzTarPerm modified mode [ 'node_modules/semver/functions/sort.js', 438, 420 ]
4411 silly gunzTarPerm extractEntry node_modules/semver/functions/satisfies.js
4412 silly gunzTarPerm modified mode [ 'node_modules/semver/functions/satisfies.js', 438, 420 ]
4413 silly gunzTarPerm extractEntry node_modules/semver/functions/rsort.js
4414 silly gunzTarPerm modified mode [ 'node_modules/semver/functions/rsort.js', 438, 420 ]
4415 silly gunzTarPerm extractEntry node_modules/semver/functions/rcompare.js
4416 silly gunzTarPerm modified mode [ 'node_modules/semver/functions/rcompare.js', 438, 420 ]
4417 silly gunzTarPerm extractEntry node_modules/semver/functions/prerelease.js
4418 silly gunzTarPerm modified mode [ 'node_modules/semver/functions/prerelease.js', 438, 420 ]
4419 silly gunzTarPerm extractEntry node_modules/semver/functions/patch.js
4420 silly gunzTarPerm modified mode [ 'node_modules/semver/functions/patch.js', 438, 420 ]
4421 silly gunzTarPerm extractEntry node_modules/semver/functions/parse.js
4422 silly gunzTarPerm modified mode [ 'node_modules/semver/functions/parse.js', 438, 420 ]
4423 silly gunzTarPerm extractEntry node_modules/semver/functions/neq.js
4424 silly gunzTarPerm modified mode [ 'node_modules/semver/functions/neq.js', 438, 420 ]
4425 silly gunzTarPerm extractEntry node_modules/semver/functions/minor.js
4426 silly gunzTarPerm modified mode [ 'node_modules/semver/functions/minor.js', 438, 420 ]
4427 silly gunzTarPerm extractEntry node_modules/semver/functions/major.js
4428 silly gunzTarPerm modified mode [ 'node_modules/semver/functions/major.js', 438, 420 ]
4429 silly gunzTarPerm extractEntry node_modules/semver/functions/lte.js
4430 silly gunzTarPerm modified mode [ 'node_modules/semver/functions/lte.js', 438, 420 ]
4431 silly gunzTarPerm extractEntry node_modules/semver/functions/lt.js
4432 silly gunzTarPerm modified mode [ 'node_modules/semver/functions/lt.js', 438, 420 ]
4433 silly gunzTarPerm extractEntry node_modules/semver/functions/inc.js
4434 silly gunzTarPerm modified mode [ 'node_modules/semver/functions/inc.js', 438, 420 ]
4435 silly gunzTarPerm extractEntry node_modules/semver/functions/gte.js
4436 silly gunzTarPerm modified mode [ 'node_modules/semver/functions/gte.js', 438, 420 ]
4437 silly gunzTarPerm extractEntry node_modules/semver/functions/gt.js
4438 silly gunzTarPerm modified mode [ 'node_modules/semver/functions/gt.js', 438, 420 ]
4439 silly gunzTarPerm extractEntry node_modules/semver/functions/eq.js
4440 silly gunzTarPerm modified mode [ 'node_modules/semver/functions/eq.js', 438, 420 ]
4441 silly gunzTarPerm extractEntry node_modules/semver/functions/diff.js
4442 silly gunzTarPerm modified mode [ 'node_modules/semver/functions/diff.js', 438, 420 ]
4443 silly gunzTarPerm extractEntry node_modules/semver/functions/compare.js
4444 silly gunzTarPerm modified mode [ 'node_modules/semver/functions/compare.js', 438, 420 ]
4445 silly gunzTarPerm extractEntry node_modules/semver/functions/compare-loose.js
4446 silly gunzTarPerm modified mode [ 'node_modules/semver/functions/compare-loose.js', 438, 420 ]
4447 silly gunzTarPerm extractEntry node_modules/semver/functions/compare-build.js
4448 silly gunzTarPerm modified mode [ 'node_modules/semver/functions/compare-build.js', 438, 420 ]
4449 silly gunzTarPerm extractEntry node_modules/semver/functions/coerce.js
4450 silly gunzTarPerm modified mode [ 'node_modules/semver/functions/coerce.js', 438, 420 ]
4451 silly gunzTarPerm extractEntry node_modules/semver/functions/cmp.js
4452 silly gunzTarPerm modified mode [ 'node_modules/semver/functions/cmp.js', 438, 420 ]
4453 silly gunzTarPerm extractEntry node_modules/semver/functions/clean.js
4454 silly gunzTarPerm modified mode [ 'node_modules/semver/functions/clean.js', 438, 420 ]
4455 silly gunzTarPerm extractEntry node_modules/semver/internal/re.js
4456 silly gunzTarPerm modified mode [ 'node_modules/semver/internal/re.js', 438, 420 ]
4457 silly gunzTarPerm extractEntry node_modules/semver/internal/parse-options.js
4458 silly gunzTarPerm modified mode [ 'node_modules/semver/internal/parse-options.js', 438, 420 ]
4459 silly gunzTarPerm extractEntry node_modules/semver/internal/lrucache.js
4460 silly gunzTarPerm modified mode [ 'node_modules/semver/internal/lrucache.js', 438, 420 ]
4461 silly gunzTarPerm extractEntry node_modules/semver/internal/identifiers.js
4462 silly gunzTarPerm modified mode [ 'node_modules/semver/internal/identifiers.js', 438, 420 ]
4463 silly gunzTarPerm extractEntry node_modules/semver/internal/debug.js
4464 silly gunzTarPerm modified mode [ 'node_modules/semver/internal/debug.js', 438, 420 ]
4465 silly gunzTarPerm extractEntry node_modules/semver/internal/constants.js
4466 silly gunzTarPerm modified mode [ 'node_modules/semver/internal/constants.js', 438, 420 ]
4467 silly gunzTarPerm extractEntry node_modules/semver/range.bnf
4468 silly gunzTarPerm modified mode [ 'node_modules/semver/range.bnf', 438, 420 ]
4469 silly gunzTarPerm extractEntry node_modules/semver/ranges/valid.js
4470 silly gunzTarPerm modified mode [ 'node_modules/semver/ranges/valid.js', 438, 420 ]
4471 silly gunzTarPerm extractEntry node_modules/semver/ranges/to-comparators.js
4472 silly gunzTarPerm modified mode [ 'node_modules/semver/ranges/to-comparators.js', 438, 420 ]
4473 silly gunzTarPerm extractEntry node_modules/semver/ranges/subset.js
4474 silly gunzTarPerm modified mode [ 'node_modules/semver/ranges/subset.js', 438, 420 ]
4475 silly gunzTarPerm extractEntry node_modules/semver/ranges/simplify.js
4476 silly gunzTarPerm modified mode [ 'node_modules/semver/ranges/simplify.js', 438, 420 ]
4477 silly gunzTarPerm extractEntry node_modules/semver/ranges/outside.js
4478 silly gunzTarPerm modified mode [ 'node_modules/semver/ranges/outside.js', 438, 420 ]
4479 silly gunzTarPerm extractEntry node_modules/semver/ranges/min-version.js
4480 silly gunzTarPerm modified mode [ 'node_modules/semver/ranges/min-version.js', 438, 420 ]
4481 silly gunzTarPerm extractEntry node_modules/semver/ranges/min-satisfying.js
4482 silly gunzTarPerm modified mode [ 'node_modules/semver/ranges/min-satisfying.js', 438, 420 ]
4483 silly gunzTarPerm extractEntry node_modules/semver/ranges/max-satisfying.js
4484 silly gunzTarPerm modified mode [ 'node_modules/semver/ranges/max-satisfying.js', 438, 420 ]
4485 silly gunzTarPerm extractEntry node_modules/semver/ranges/ltr.js
4486 silly gunzTarPerm modified mode [ 'node_modules/semver/ranges/ltr.js', 438, 420 ]
4487 silly gunzTarPerm extractEntry node_modules/semver/ranges/intersects.js
4488 silly gunzTarPerm modified mode [ 'node_modules/semver/ranges/intersects.js', 438, 420 ]
4489 silly gunzTarPerm extractEntry node_modules/semver/ranges/gtr.js
4490 silly gunzTarPerm modified mode [ 'node_modules/semver/ranges/gtr.js', 438, 420 ]
4491 silly gunzTarPerm extractEntry node_modules/spdx-expression-parse/package.json
4492 silly gunzTarPerm modified mode [ 'node_modules/spdx-expression-parse/package.json', 438, 420 ]
4493 silly gunzTarPerm extractEntry node_modules/spdx-expression-parse/scan.js
4494 silly gunzTarPerm modified mode [ 'node_modules/spdx-expression-parse/scan.js', 438, 420 ]
4495 silly gunzTarPerm extractEntry node_modules/spdx-expression-parse/parse.js
4496 silly gunzTarPerm modified mode [ 'node_modules/spdx-expression-parse/parse.js', 438, 420 ]
4497 silly gunzTarPerm extractEntry node_modules/spdx-expression-parse/index.js
4498 silly gunzTarPerm modified mode [ 'node_modules/spdx-expression-parse/index.js', 438, 420 ]
4499 silly gunzTarPerm extractEntry node_modules/spdx-expression-parse/AUTHORS
4500 silly gunzTarPerm modified mode [ 'node_modules/spdx-expression-parse/AUTHORS', 438, 420 ]
4501 silly gunzTarPerm extractEntry node_modules/ssri/package.json
4502 silly gunzTarPerm modified mode [ 'node_modules/ssri/package.json', 438, 420 ]
4503 silly gunzTarPerm extractEntry node_modules/ssri/lib/index.js
4504 silly gunzTarPerm modified mode [ 'node_modules/ssri/lib/index.js', 438, 420 ]
4505 silly gunzTarPerm extractEntry node_modules/supports-color/package.json
4506 silly gunzTarPerm modified mode [ 'node_modules/supports-color/package.json', 438, 420 ]
4507 silly gunzTarPerm extractEntry node_modules/supports-color/index.js
4508 silly gunzTarPerm modified mode [ 'node_modules/supports-color/index.js', 438, 420 ]
4509 silly gunzTarPerm extractEntry node_modules/supports-color/browser.js
4510 silly gunzTarPerm modified mode [ 'node_modules/supports-color/browser.js', 438, 420 ]
4511 silly gunzTarPerm extractEntry node_modules/tar/package.json
4512 silly gunzTarPerm modified mode [ 'node_modules/tar/package.json', 438, 420 ]
4513 silly gunzTarPerm extractEntry node_modules/tar/index.js
4514 silly gunzTarPerm modified mode [ 'node_modules/tar/index.js', 438, 420 ]
4515 silly gunzTarPerm extractEntry node_modules/tar/lib/write-entry.js
4516 silly gunzTarPerm modified mode [ 'node_modules/tar/lib/write-entry.js', 438, 420 ]
4517 silly gunzTarPerm extractEntry node_modules/tar/lib/winchars.js
4518 silly gunzTarPerm modified mode [ 'node_modules/tar/lib/winchars.js', 438, 420 ]
4519 silly gunzTarPerm extractEntry node_modules/tar/lib/warn-mixin.js
4520 silly gunzTarPerm modified mode [ 'node_modules/tar/lib/warn-mixin.js', 438, 420 ]
4521 silly gunzTarPerm extractEntry node_modules/tar/lib/update.js
4522 silly gunzTarPerm modified mode [ 'node_modules/tar/lib/update.js', 438, 420 ]
4523 silly gunzTarPerm extractEntry node_modules/tar/lib/unpack.js
4524 silly gunzTarPerm modified mode [ 'node_modules/tar/lib/unpack.js', 438, 420 ]
4525 silly gunzTarPerm extractEntry node_modules/tar/lib/types.js
4526 silly gunzTarPerm modified mode [ 'node_modules/tar/lib/types.js', 438, 420 ]
4527 silly gunzTarPerm extractEntry node_modules/tar/lib/strip-trailing-slashes.js
4528 silly gunzTarPerm modified mode [ 'node_modules/tar/lib/strip-trailing-slashes.js', 438, 420 ]
4529 silly gunzTarPerm extractEntry node_modules/tar/lib/strip-absolute-path.js
4530 silly gunzTarPerm modified mode [ 'node_modules/tar/lib/strip-absolute-path.js', 438, 420 ]
4531 silly gunzTarPerm extractEntry node_modules/tar/lib/replace.js
4532 silly gunzTarPerm modified mode [ 'node_modules/tar/lib/replace.js', 438, 420 ]
4533 silly gunzTarPerm extractEntry node_modules/tar/lib/read-entry.js
4534 silly gunzTarPerm modified mode [ 'node_modules/tar/lib/read-entry.js', 438, 420 ]
4535 silly gunzTarPerm extractEntry node_modules/tar/lib/pax.js
4536 silly gunzTarPerm modified mode [ 'node_modules/tar/lib/pax.js', 438, 420 ]
4537 silly gunzTarPerm extractEntry node_modules/tar/lib/path-reservations.js
4538 silly gunzTarPerm modified mode [ 'node_modules/tar/lib/path-reservations.js', 438, 420 ]
4539 silly gunzTarPerm extractEntry node_modules/tar/lib/parse.js
4540 silly gunzTarPerm modified mode [ 'node_modules/tar/lib/parse.js', 438, 420 ]
4541 silly gunzTarPerm extractEntry node_modules/tar/lib/pack.js
4542 silly gunzTarPerm modified mode [ 'node_modules/tar/lib/pack.js', 438, 420 ]
4543 silly gunzTarPerm extractEntry node_modules/tar/lib/normalize-windows-path.js
4544 silly gunzTarPerm modified mode [ 'node_modules/tar/lib/normalize-windows-path.js', 438, 420 ]
4545 silly gunzTarPerm extractEntry node_modules/tar/lib/normalize-unicode.js
4546 silly gunzTarPerm modified mode [ 'node_modules/tar/lib/normalize-unicode.js', 438, 420 ]
4547 silly gunzTarPerm extractEntry node_modules/tar/lib/mode-fix.js
4548 silly gunzTarPerm modified mode [ 'node_modules/tar/lib/mode-fix.js', 438, 420 ]
4549 silly gunzTarPerm extractEntry node_modules/tar/lib/mkdir.js
4550 silly gunzTarPerm modified mode [ 'node_modules/tar/lib/mkdir.js', 438, 420 ]
4551 silly gunzTarPerm extractEntry node_modules/tar/lib/list.js
4552 silly gunzTarPerm modified mode [ 'node_modules/tar/lib/list.js', 438, 420 ]
4553 silly gunzTarPerm extractEntry node_modules/tar/lib/large-numbers.js
4554 silly gunzTarPerm modified mode [ 'node_modules/tar/lib/large-numbers.js', 438, 420 ]
4555 silly gunzTarPerm extractEntry node_modules/tar/lib/high-level-opt.js
4556 silly gunzTarPerm modified mode [ 'node_modules/tar/lib/high-level-opt.js', 438, 420 ]
4557 silly gunzTarPerm extractEntry node_modules/tar/lib/header.js
4558 silly gunzTarPerm modified mode [ 'node_modules/tar/lib/header.js', 438, 420 ]
4559 silly gunzTarPerm extractEntry node_modules/tar/lib/get-write-flag.js
4560 silly gunzTarPerm modified mode [ 'node_modules/tar/lib/get-write-flag.js', 438, 420 ]
4561 silly gunzTarPerm extractEntry node_modules/tar/lib/extract.js
4562 silly gunzTarPerm modified mode [ 'node_modules/tar/lib/extract.js', 438, 420 ]
4563 silly gunzTarPerm extractEntry node_modules/tar/lib/create.js
4564 silly gunzTarPerm modified mode [ 'node_modules/tar/lib/create.js', 438, 420 ]
4565 silly gunzTarPerm extractEntry node_modules/tar/node_modules/fs-minipass/package.json
4566 silly gunzTarPerm modified mode [ 'node_modules/tar/node_modules/fs-minipass/package.json', 438, 420 ]
4567 silly gunzTarPerm extractEntry node_modules/tar/node_modules/fs-minipass/index.js
4568 silly gunzTarPerm modified mode [ 'node_modules/tar/node_modules/fs-minipass/index.js', 438, 420 ]
4569 silly gunzTarPerm extractEntry node_modules/tar/node_modules/fs-minipass/node_modules/minipass/package.json
4570 silly gunzTarPerm modified mode [
4570 silly gunzTarPerm   'node_modules/tar/node_modules/fs-minipass/node_modules/minipass/package.json',
4570 silly gunzTarPerm   438,
4570 silly gunzTarPerm   420
4570 silly gunzTarPerm ]
4571 silly gunzTarPerm extractEntry node_modules/tar/node_modules/fs-minipass/node_modules/minipass/index.js
4572 silly gunzTarPerm modified mode [
4572 silly gunzTarPerm   'node_modules/tar/node_modules/fs-minipass/node_modules/minipass/index.js',
4572 silly gunzTarPerm   438,
4572 silly gunzTarPerm   420
4572 silly gunzTarPerm ]
4573 silly gunzTarPerm extractEntry node_modules/tar/node_modules/minipass/package.json
4574 silly gunzTarPerm modified mode [ 'node_modules/tar/node_modules/minipass/package.json', 438, 420 ]
4575 silly gunzTarPerm extractEntry node_modules/tar/node_modules/minipass/index.js
4576 silly gunzTarPerm modified mode [ 'node_modules/tar/node_modules/minipass/index.js', 438, 420 ]
4577 silly gunzTarPerm extractEntry node_modules/tar/node_modules/minipass/index.mjs
4578 silly gunzTarPerm modified mode [ 'node_modules/tar/node_modules/minipass/index.mjs', 438, 420 ]
4579 silly gunzTarPerm extractEntry node_modules/text-table/package.json
4580 silly gunzTarPerm modified mode [ 'node_modules/text-table/package.json', 438, 420 ]
4581 silly gunzTarPerm extractEntry node_modules/text-table/LICENSE
4582 silly gunzTarPerm modified mode [ 'node_modules/text-table/LICENSE', 438, 420 ]
4583 silly gunzTarPerm extractEntry node_modules/text-table/index.js
4584 silly gunzTarPerm modified mode [ 'node_modules/text-table/index.js', 438, 420 ]
4585 silly gunzTarPerm extractEntry node_modules/text-table/example/table.js
4586 silly gunzTarPerm modified mode [ 'node_modules/text-table/example/table.js', 438, 420 ]
4587 silly gunzTarPerm extractEntry node_modules/text-table/example/doubledot.js
4588 silly gunzTarPerm modified mode [ 'node_modules/text-table/example/doubledot.js', 438, 420 ]
4589 silly gunzTarPerm extractEntry node_modules/text-table/example/dotalign.js
4590 silly gunzTarPerm modified mode [ 'node_modules/text-table/example/dotalign.js', 438, 420 ]
4591 silly gunzTarPerm extractEntry node_modules/text-table/example/center.js
4592 silly gunzTarPerm modified mode [ 'node_modules/text-table/example/center.js', 438, 420 ]
4593 silly gunzTarPerm extractEntry node_modules/text-table/example/align.js
4594 silly gunzTarPerm modified mode [ 'node_modules/text-table/example/align.js', 438, 420 ]
4595 silly gunzTarPerm extractEntry node_modules/text-table/test/table.js
4596 silly gunzTarPerm modified mode [ 'node_modules/text-table/test/table.js', 438, 420 ]
4597 silly gunzTarPerm extractEntry node_modules/text-table/test/doubledot.js
4598 silly gunzTarPerm modified mode [ 'node_modules/text-table/test/doubledot.js', 438, 420 ]
4599 silly gunzTarPerm extractEntry node_modules/text-table/test/dotalign.js
4600 silly gunzTarPerm modified mode [ 'node_modules/text-table/test/dotalign.js', 438, 420 ]
4601 silly gunzTarPerm extractEntry node_modules/text-table/test/center.js
4602 silly gunzTarPerm modified mode [ 'node_modules/text-table/test/center.js', 438, 420 ]
4603 silly gunzTarPerm extractEntry node_modules/text-table/test/ansi-colors.js
4604 silly gunzTarPerm modified mode [ 'node_modules/text-table/test/ansi-colors.js', 438, 420 ]
4605 silly gunzTarPerm extractEntry node_modules/text-table/test/align.js
4606 silly gunzTarPerm modified mode [ 'node_modules/text-table/test/align.js', 438, 420 ]
4607 silly gunzTarPerm extractEntry node_modules/tiny-relative-date/package.json
4608 silly gunzTarPerm modified mode [ 'node_modules/tiny-relative-date/package.json', 438, 420 ]
4609 silly gunzTarPerm extractEntry node_modules/tiny-relative-date/lib/index.js
4610 silly gunzTarPerm modified mode [ 'node_modules/tiny-relative-date/lib/index.js', 438, 420 ]
4611 silly gunzTarPerm extractEntry node_modules/tiny-relative-date/lib/factory.js
4612 silly gunzTarPerm modified mode [ 'node_modules/tiny-relative-date/lib/factory.js', 438, 420 ]
4613 silly gunzTarPerm extractEntry node_modules/tiny-relative-date/src/index.js
4614 silly gunzTarPerm modified mode [ 'node_modules/tiny-relative-date/src/index.js', 438, 420 ]
4615 silly gunzTarPerm extractEntry node_modules/tiny-relative-date/src/factory.js
4616 silly gunzTarPerm modified mode [ 'node_modules/tiny-relative-date/src/factory.js', 438, 420 ]
4617 silly gunzTarPerm extractEntry node_modules/tiny-relative-date/translations/es.js
4618 silly gunzTarPerm modified mode [ 'node_modules/tiny-relative-date/translations/es.js', 438, 420 ]
4619 silly gunzTarPerm extractEntry node_modules/tiny-relative-date/translations/en.js
4620 silly gunzTarPerm modified mode [ 'node_modules/tiny-relative-date/translations/en.js', 438, 420 ]
4621 silly gunzTarPerm extractEntry node_modules/tiny-relative-date/translations/en-short.js
4622 silly gunzTarPerm modified mode [
4622 silly gunzTarPerm   'node_modules/tiny-relative-date/translations/en-short.js',
4622 silly gunzTarPerm   438,
4622 silly gunzTarPerm   420
4622 silly gunzTarPerm ]
4623 silly gunzTarPerm extractEntry node_modules/tiny-relative-date/translations/de.js
4624 silly gunzTarPerm modified mode [ 'node_modules/tiny-relative-date/translations/de.js', 438, 420 ]
4625 silly gunzTarPerm extractEntry node_modules/tiny-relative-date/translations/da.js
4626 silly gunzTarPerm modified mode [ 'node_modules/tiny-relative-date/translations/da.js', 438, 420 ]
4627 silly gunzTarPerm extractEntry node_modules/treeverse/package.json
4628 silly gunzTarPerm modified mode [ 'node_modules/treeverse/package.json', 438, 420 ]
4629 silly gunzTarPerm extractEntry node_modules/treeverse/lib/index.js
4630 silly gunzTarPerm modified mode [ 'node_modules/treeverse/lib/index.js', 438, 420 ]
4631 silly gunzTarPerm extractEntry node_modules/treeverse/lib/depth.js
4632 silly gunzTarPerm modified mode [ 'node_modules/treeverse/lib/depth.js', 438, 420 ]
4633 silly gunzTarPerm extractEntry node_modules/treeverse/lib/depth-descent.js
4634 silly gunzTarPerm modified mode [ 'node_modules/treeverse/lib/depth-descent.js', 438, 420 ]
4635 silly gunzTarPerm extractEntry node_modules/treeverse/lib/breadth.js
4636 silly gunzTarPerm modified mode [ 'node_modules/treeverse/lib/breadth.js', 438, 420 ]
4637 silly gunzTarPerm extractEntry node_modules/validate-npm-package-name/package.json
4638 silly gunzTarPerm modified mode [ 'node_modules/validate-npm-package-name/package.json', 438, 420 ]
4639 silly gunzTarPerm extractEntry node_modules/validate-npm-package-name/lib/index.js
4640 silly gunzTarPerm modified mode [ 'node_modules/validate-npm-package-name/lib/index.js', 438, 420 ]
4641 silly gunzTarPerm extractEntry node_modules/which/package.json
4642 silly gunzTarPerm modified mode [ 'node_modules/which/package.json', 438, 420 ]
4643 silly gunzTarPerm extractEntry node_modules/which/README.md
4644 silly gunzTarPerm modified mode [ 'node_modules/which/README.md', 438, 420 ]
4645 silly gunzTarPerm extractEntry node_modules/which/bin/which.js
4646 silly gunzTarPerm modified mode [ 'node_modules/which/bin/which.js', 438, 420 ]
4647 silly gunzTarPerm extractEntry node_modules/which/lib/index.js
4648 silly gunzTarPerm modified mode [ 'node_modules/which/lib/index.js', 438, 420 ]
4649 silly gunzTarPerm extractEntry node_modules/which/node_modules/isexe/package.json
4650 silly gunzTarPerm modified mode [ 'node_modules/which/node_modules/isexe/package.json', 438, 420 ]
4651 silly gunzTarPerm extractEntry node_modules/which/node_modules/isexe/dist/cjs/package.json
4652 silly gunzTarPerm modified mode [
4652 silly gunzTarPerm   'node_modules/which/node_modules/isexe/dist/cjs/package.json',
4652 silly gunzTarPerm   438,
4652 silly gunzTarPerm   420
4652 silly gunzTarPerm ]
4653 silly gunzTarPerm extractEntry node_modules/which/node_modules/isexe/dist/cjs/win32.js
4654 silly gunzTarPerm modified mode [ 'node_modules/which/node_modules/isexe/dist/cjs/win32.js', 438, 420 ]
4655 silly gunzTarPerm extractEntry node_modules/which/node_modules/isexe/dist/cjs/posix.js
4656 silly gunzTarPerm modified mode [ 'node_modules/which/node_modules/isexe/dist/cjs/posix.js', 438, 420 ]
4657 silly gunzTarPerm extractEntry node_modules/which/node_modules/isexe/dist/cjs/options.js
4658 silly gunzTarPerm modified mode [
4658 silly gunzTarPerm   'node_modules/which/node_modules/isexe/dist/cjs/options.js',
4658 silly gunzTarPerm   438,
4658 silly gunzTarPerm   420
4658 silly gunzTarPerm ]
4659 silly gunzTarPerm extractEntry node_modules/which/node_modules/isexe/dist/cjs/index.js
4660 silly gunzTarPerm modified mode [ 'node_modules/which/node_modules/isexe/dist/cjs/index.js', 438, 420 ]
4661 silly gunzTarPerm extractEntry node_modules/which/node_modules/isexe/dist/mjs/package.json
4662 silly gunzTarPerm modified mode [
4662 silly gunzTarPerm   'node_modules/which/node_modules/isexe/dist/mjs/package.json',
4662 silly gunzTarPerm   438,
4662 silly gunzTarPerm   420
4662 silly gunzTarPerm ]
4663 silly gunzTarPerm extractEntry node_modules/which/node_modules/isexe/dist/mjs/win32.js
4664 silly gunzTarPerm modified mode [ 'node_modules/which/node_modules/isexe/dist/mjs/win32.js', 438, 420 ]
4665 silly gunzTarPerm extractEntry node_modules/which/node_modules/isexe/dist/mjs/posix.js
4666 silly gunzTarPerm modified mode [ 'node_modules/which/node_modules/isexe/dist/mjs/posix.js', 438, 420 ]
4667 silly gunzTarPerm extractEntry node_modules/which/node_modules/isexe/dist/mjs/options.js
4668 silly gunzTarPerm modified mode [
4668 silly gunzTarPerm   'node_modules/which/node_modules/isexe/dist/mjs/options.js',
4668 silly gunzTarPerm   438,
4668 silly gunzTarPerm   420
4668 silly gunzTarPerm ]
4669 silly gunzTarPerm extractEntry node_modules/which/node_modules/isexe/dist/mjs/index.js
4670 silly gunzTarPerm modified mode [ 'node_modules/which/node_modules/isexe/dist/mjs/index.js', 438, 420 ]
4671 silly lockFile 5f91d080-ing-npm-cache-npm-11-3-0-package tar://C:\Users\dmorah\AppData\Roaming\npm-cache\npm\11.3.0\package
4672 silly lockFile 5f91d080-ing-npm-cache-npm-11-3-0-package tar://C:\Users\dmorah\AppData\Roaming\npm-cache\npm\11.3.0\package
4673 silly lockFile 544ca78c-npm-cache-npm-11-3-0-package-tgz tar://C:\Users\dmorah\AppData\Roaming\npm-cache\npm\11.3.0\package.tgz
4674 silly lockFile 544ca78c-npm-cache-npm-11-3-0-package-tgz tar://C:\Users\dmorah\AppData\Roaming\npm-cache\npm\11.3.0\package.tgz
4675 verbose chmod C:\Users\dmorah\AppData\Roaming\npm-cache\npm\11.3.0\package.tgz 644
4676 silly chown skipping for windows C:\Users\dmorah\AppData\Roaming\npm-cache\npm\11.3.0\package.tgz
4677 silly lockFile 154de7dc-try-npmjs-org-npm-npm-11-3-0-tgz https://registry.npmjs.org/npm/-/npm-11.3.0.tgz
4678 silly lockFile 154de7dc-try-npmjs-org-npm-npm-11-3-0-tgz https://registry.npmjs.org/npm/-/npm-11.3.0.tgz
4679 silly lockFile f3666009-npm-11-3-0 npm@11.3.0
4680 silly lockFile f3666009-npm-11-3-0 npm@11.3.0
4681 silly lockFile 2f990b75-npm npm@
4682 silly lockFile 2f990b75-npm npm@
4683 silly resolved [
4683 silly resolved   {
4683 silly resolved     version: '11.3.0',
4683 silly resolved     name: 'npm',
4683 silly resolved     description: 'a package manager for JavaScript',
4683 silly resolved     workspaces: [
4683 silly resolved       'docs',
4683 silly resolved       'smoke-tests',
4683 silly resolved       'mock-globals',
4683 silly resolved       'mock-registry',
4683 silly resolved       'workspaces/*'
4683 silly resolved     ],
4683 silly resolved     files: [
4683 silly resolved       'bin/',
4683 silly resolved       'lib/',
4683 silly resolved       'index.js',
4683 silly resolved       'docs/content/',
4683 silly resolved       'docs/output/',
4683 silly resolved       'man/'
4683 silly resolved     ],
4683 silly resolved     keywords: [ 'install', 'modules', 'package manager', 'package.json' ],
4683 silly resolved     homepage: 'https://docs.npmjs.com/',
4683 silly resolved     author: { name: 'GitHub Inc.' },
4683 silly resolved     repository: { type: 'git', url: 'git+https://github.com/npm/cli.git' },
4683 silly resolved     bugs: { url: 'https://github.com/npm/cli/issues' },
4683 silly resolved     directories: { doc: './doc', man: './man' },
4683 silly resolved     main: './index.js',
4683 silly resolved     bin: { npm: 'bin/npm-cli.js', npx: 'bin/npx-cli.js' },
4683 silly resolved     exports: { '.': [Array], './package.json': './package.json' },
4683 silly resolved     dependencies: {
4683 silly resolved       '@isaacs/string-locale-compare': '^1.1.0',
4683 silly resolved       '@npmcli/arborist': '^9.0.2',
4683 silly resolved       '@npmcli/config': '^10.2.0',
4683 silly resolved       '@npmcli/fs': '^4.0.0',
4683 silly resolved       '@npmcli/map-workspaces': '^4.0.2',
4683 silly resolved       '@npmcli/package-json': '^6.1.1',
4683 silly resolved       '@npmcli/promise-spawn': '^8.0.2',
4683 silly resolved       '@npmcli/redact': '^3.1.1',
4683 silly resolved       '@npmcli/run-script': '^9.1.0',
4683 silly resolved       '@sigstore/tuf': '^3.0.0',
4683 silly resolved       abbrev: '^3.0.0',
4683 silly resolved       archy: '~1.0.0',
4683 silly resolved       cacache: '^19.0.1',
4683 silly resolved       chalk: '^5.4.1',
4683 silly resolved       'ci-info': '^4.2.0',
4683 silly resolved       'cli-columns': '^4.0.0',
4683 silly resolved       'fastest-levenshtein': '^1.0.16',
4683 silly resolved       'fs-minipass': '^3.0.3',
4683 silly resolved       glob: '^10.4.5',
4683 silly resolved       'graceful-fs': '^4.2.11',
4683 silly resolved       'hosted-git-info': '^8.0.2',
4683 silly resolved       ini: '^5.0.0',
4683 silly resolved       'init-package-json': '^8.0.0',
4683 silly resolved       'is-cidr': '^5.1.1',
4683 silly resolved       'json-parse-even-better-errors': '^4.0.0',
4683 silly resolved       libnpmaccess: '^10.0.0',
4683 silly resolved       libnpmdiff: '^8.0.2',
4683 silly resolved       libnpmexec: '^10.1.1',
4683 silly resolved       libnpmfund: '^7.0.2',
4683 silly resolved       libnpmorg: '^8.0.0',
4683 silly resolved       libnpmpack: '^9.0.2',
4683 silly resolved       libnpmpublish: '^11.0.0',
4683 silly resolved       libnpmsearch: '^9.0.0',
4683 silly resolved       libnpmteam: '^8.0.0',
4683 silly resolved       libnpmversion: '^8.0.0',
4683 silly resolved       'make-fetch-happen': '^14.0.3',
4683 silly resolved       minimatch: '^9.0.5',
4683 silly resolved       minipass: '^7.1.1',
4683 silly resolved       'minipass-pipeline': '^1.2.4',
4683 silly resolved       ms: '^2.1.2',
4683 silly resolved       'node-gyp': '^11.2.0',
4683 silly resolved       nopt: '^8.1.0',
4683 silly resolved       'normalize-package-data': '^7.0.0',
4683 silly resolved       'npm-audit-report': '^6.0.0',
4683 silly resolved       'npm-install-checks': '^7.1.1',
4683 silly resolved       'npm-package-arg': '^12.0.2',
4683 silly resolved       'npm-pick-manifest': '^10.0.0',
4683 silly resolved       'npm-profile': '^11.0.1',
4683 silly resolved       'npm-registry-fetch': '^18.0.2',
4683 silly resolved       'npm-user-validate': '^3.0.0',
4683 silly resolved       'p-map': '^7.0.3',
4683 silly resolved       pacote: '^21.0.0',
4683 silly resolved       'parse-conflict-json': '^4.0.0',
4683 silly resolved       'proc-log': '^5.0.0',
4683 silly resolved       'qrcode-terminal': '^0.12.0',
4683 silly resolved       read: '^4.1.0',
4683 silly resolved       semver: '^7.7.1',
4683 silly resolved       'spdx-expression-parse': '^4.0.0',
4683 silly resolved       ssri: '^12.0.0',
4683 silly resolved       'supports-color': '^10.0.0',
4683 silly resolved       tar: '^6.2.1',
4683 silly resolved       'text-table': '~0.2.0',
4683 silly resolved       'tiny-relative-date': '^1.3.0',
4683 silly resolved       treeverse: '^3.0.0',
4683 silly resolved       'validate-npm-package-name': '^6.0.0',
4683 silly resolved       which: '^5.0.0'
4683 silly resolved     },
4683 silly resolved     bundleDependencies: [
4683 silly resolved       '@isaacs/string-locale-compare',
4683 silly resolved       '@npmcli/arborist',
4683 silly resolved       '@npmcli/config',
4683 silly resolved       '@npmcli/fs',
4683 silly resolved       '@npmcli/map-workspaces',
4683 silly resolved       '@npmcli/package-json',
4683 silly resolved       '@npmcli/promise-spawn',
4683 silly resolved       '@npmcli/redact',
4683 silly resolved       '@npmcli/run-script',
4683 silly resolved       '@sigstore/tuf',
4683 silly resolved       'abbrev',
4683 silly resolved       'archy',
4683 silly resolved       'cacache',
4683 silly resolved       'chalk',
4683 silly resolved       'ci-info',
4683 silly resolved       'cli-columns',
4683 silly resolved       'fastest-levenshtein',
4683 silly resolved       'fs-minipass',
4683 silly resolved       'glob',
4683 silly resolved       'graceful-fs',
4683 silly resolved       'hosted-git-info',
4683 silly resolved       'ini',
4683 silly resolved       'init-package-json',
4683 silly resolved       'is-cidr',
4683 silly resolved       'json-parse-even-better-errors',
4683 silly resolved       'libnpmaccess',
4683 silly resolved       'libnpmdiff',
4683 silly resolved       'libnpmexec',
4683 silly resolved       'libnpmfund',
4683 silly resolved       'libnpmorg',
4683 silly resolved       'libnpmpack',
4683 silly resolved       'libnpmpublish',
4683 silly resolved       'libnpmsearch',
4683 silly resolved       'libnpmteam',
4683 silly resolved       'libnpmversion',
4683 silly resolved       'make-fetch-happen',
4683 silly resolved       'minimatch',
4683 silly resolved       'minipass',
4683 silly resolved       'minipass-pipeline',
4683 silly resolved       'ms',
4683 silly resolved       'node-gyp',
4683 silly resolved       'nopt',
4683 silly resolved       'normalize-package-data',
4683 silly resolved       'npm-audit-report',
4683 silly resolved       'npm-install-checks',
4683 silly resolved       'npm-package-arg',
4683 silly resolved       'npm-pick-manifest',
4683 silly resolved       'npm-profile',
4683 silly resolved       'npm-registry-fetch',
4683 silly resolved       'npm-user-validate',
4683 silly resolved       'p-map',
4683 silly resolved       'pacote',
4683 silly resolved       'parse-conflict-json',
4683 silly resolved       'proc-log',
4683 silly resolved       'qrcode-terminal',
4683 silly resolved       'read',
4683 silly resolved       'semver',
4683 silly resolved       'spdx-expression-parse',
4683 silly resolved       'ssri',
4683 silly resolved       'supports-color',
4683 silly resolved       'tar',
4683 silly resolved       'text-table',
4683 silly resolved       'tiny-relative-date',
4683 silly resolved       'treeverse',
4683 silly resolved       'validate-npm-package-name',
4683 silly resolved       'which'
4683 silly resolved     ],
4683 silly resolved     devDependencies: {
4683 silly resolved       '@npmcli/docs': '^1.0.0',
4683 silly resolved       '@npmcli/eslint-config': '^5.1.0',
4683 silly resolved       '@npmcli/git': '^6.0.3',
4683 silly resolved       '@npmcli/mock-globals': '^1.0.0',
4683 silly resolved       '@npmcli/mock-registry': '^1.0.0',
4683 silly resolved       '@npmcli/template-oss': '4.23.6',
4683 silly resolved       '@tufjs/repo-mock': '^3.0.1',
4683 silly resolved       ajv: '^8.12.0',
4683 silly resolved       'ajv-formats': '^2.1.1',
4683 silly resolved       'ajv-formats-draft2019': '^1.6.1',
4683 silly resolved       'cli-table3': '^0.6.4',
4683 silly resolved       diff: '^7.0.0',
4683 silly resolved       nock: '^13.4.0',
4683 silly resolved       'npm-packlist': '^10.0.0',
4683 silly resolved       remark: '^14.0.2',
4683 silly resolved       'remark-gfm': '^3.0.1',
4683 silly resolved       'remark-github': '^11.2.4',
4683 silly resolved       rimraf: '^5.0.5',
4683 silly resolved       spawk: '^1.7.1',
4683 silly resolved       tap: '^16.3.9'
4683 silly resolved     },
4683 silly resolved     scripts: {
4683 silly resolved       dependencies: 'node scripts/bundle-and-gitignore-deps.js && node scripts/dependency-graph.js',
4683 silly resolved       dumpconf: 'env | grep npm | sort | uniq',
4683 silly resolved       licenses: 'npx licensee --production --errors-only',
4683 silly resolved       test: 'tap',
4683 silly resolved       'test:nocolor': 'CI=true tap -Rclassic',
4683 silly resolved       'test-all': 'node . run test -ws -iwr --if-present',
4683 silly resolved       snap: 'tap',
4683 silly resolved       prepack: 'node . run build -w docs',
4683 silly resolved       posttest: 'node . run lint',
4683 silly resolved       lint: 'node . run eslint',
4683 silly resolved       lintfix: 'node . run eslint -- --fix',
4683 silly resolved       'lint-all': 'node . run lint -ws -iwr --if-present',
4683 silly resolved       resetdeps: 'node scripts/resetdeps.js',
4683 silly resolved       'rp-pull-request': 'node scripts/update-authors.js',
4683 silly resolved       postlint: 'template-oss-check',
4683 silly resolved       'template-oss-apply': 'template-oss-apply --force',
4683 silly resolved       eslint: 'eslint "**/*.{js,cjs,ts,mjs,jsx,tsx}"'
4683 silly resolved     },
4683 silly resolved     tap: {
4683 silly resolved       'test-env': [Array],
4683 silly resolved       timeout: 600,
4683 silly resolved       'nyc-arg': [Array],
4683 silly resolved       'test-ignore': '^(docs|smoke-tests|mock-globals|mock-registry|workspaces)/'
4683 silly resolved     },
4683 silly resolved     templateOSS: {
4683 silly resolved       '//@npmcli/template-oss': 'This file is partially managed by @npmcli/template-oss. Edits may be overwritten.',
4683 silly resolved       version: '4.23.6',
4683 silly resolved       content: './scripts/template-oss/root.js'
4683 silly resolved     },
4683 silly resolved     license: 'Artistic-2.0',
4683 silly resolved     engines: { node: '^20.17.0 || >=22.9.0' },
4683 silly resolved     man: [
4683 silly resolved       'C:\\Users\\dmorah\\AppData\\Roaming\\npm-cache\\npm\\11.3.0\\package\\man\\man1\\npm-access.1',
4683 silly resolved       'C:\\Users\\dmorah\\AppData\\Roaming\\npm-cache\\npm\\11.3.0\\package\\man\\man1\\npm-adduser.1',
4683 silly resolved       'C:\\Users\\dmorah\\AppData\\Roaming\\npm-cache\\npm\\11.3.0\\package\\man\\man1\\npm-audit.1',
4683 silly resolved       'C:\\Users\\dmorah\\AppData\\Roaming\\npm-cache\\npm\\11.3.0\\package\\man\\man1\\npm-bugs.1',
4683 silly resolved       'C:\\Users\\dmorah\\AppData\\Roaming\\npm-cache\\npm\\11.3.0\\package\\man\\man1\\npm-cache.1',
4683 silly resolved       'C:\\Users\\dmorah\\AppData\\Roaming\\npm-cache\\npm\\11.3.0\\package\\man\\man1\\npm-ci.1',
4683 silly resolved       'C:\\Users\\dmorah\\AppData\\Roaming\\npm-cache\\npm\\11.3.0\\package\\man\\man1\\npm-completion.1',
4683 silly resolved       'C:\\Users\\dmorah\\AppData\\Roaming\\npm-cache\\npm\\11.3.0\\package\\man\\man1\\npm-config.1',
4683 silly resolved       'C:\\Users\\dmorah\\AppData\\Roaming\\npm-cache\\npm\\11.3.0\\package\\man\\man1\\npm-dedupe.1',
4683 silly resolved       'C:\\Users\\dmorah\\AppData\\Roaming\\npm-cache\\npm\\11.3.0\\package\\man\\man1\\npm-deprecate.1',
4683 silly resolved       'C:\\Users\\dmorah\\AppData\\Roaming\\npm-cache\\npm\\11.3.0\\package\\man\\man1\\npm-diff.1',
4683 silly resolved       'C:\\Users\\dmorah\\AppData\\Roaming\\npm-cache\\npm\\11.3.0\\package\\man\\man1\\npm-dist-tag.1',
4683 silly resolved       'C:\\Users\\dmorah\\AppData\\Roaming\\npm-cache\\npm\\11.3.0\\package\\man\\man1\\npm-docs.1',
4683 silly resolved       'C:\\Users\\dmorah\\AppData\\Roaming\\npm-cache\\npm\\11.3.0\\package\\man\\man1\\npm-doctor.1',
4683 silly resolved       'C:\\Users\\dmorah\\AppData\\Roaming\\npm-cache\\npm\\11.3.0\\package\\man\\man1\\npm-edit.1',
4683 silly resolved       'C:\\Users\\dmorah\\AppData\\Roaming\\npm-cache\\npm\\11.3.0\\package\\man\\man1\\npm-exec.1',
4683 silly resolved       'C:\\Users\\dmorah\\AppData\\Roaming\\npm-cache\\npm\\11.3.0\\package\\man\\man1\\npm-explain.1',
4683 silly resolved       'C:\\Users\\dmorah\\AppData\\Roaming\\npm-cache\\npm\\11.3.0\\package\\man\\man1\\npm-explore.1',
4683 silly resolved       'C:\\Users\\dmorah\\AppData\\Roaming\\npm-cache\\npm\\11.3.0\\package\\man\\man1\\npm-find-dupes.1',
4683 silly resolved       'C:\\Users\\dmorah\\AppData\\Roaming\\npm-cache\\npm\\11.3.0\\package\\man\\man1\\npm-fund.1',
4683 silly resolved       'C:\\Users\\dmorah\\AppData\\Roaming\\npm-cache\\npm\\11.3.0\\package\\man\\man1\\npm-help-search.1',
4683 silly resolved       'C:\\Users\\dmorah\\AppData\\Roaming\\npm-cache\\npm\\11.3.0\\package\\man\\man1\\npm-help.1',
4683 silly resolved       'C:\\Users\\dmorah\\AppData\\Roaming\\npm-cache\\npm\\11.3.0\\package\\man\\man1\\npm-init.1',
4683 silly resolved       'C:\\Users\\dmorah\\AppData\\Roaming\\npm-cache\\npm\\11.3.0\\package\\man\\man1\\npm-install-ci-test.1',
4683 silly resolved       'C:\\Users\\dmorah\\AppData\\Roaming\\npm-cache\\npm\\11.3.0\\package\\man\\man1\\npm-install-test.1',
4683 silly resolved       'C:\\Users\\dmorah\\AppData\\Roaming\\npm-cache\\npm\\11.3.0\\package\\man\\man1\\npm-install.1',
4683 silly resolved       'C:\\Users\\dmorah\\AppData\\Roaming\\npm-cache\\npm\\11.3.0\\package\\man\\man1\\npm-link.1',
4683 silly resolved       'C:\\Users\\dmorah\\AppData\\Roaming\\npm-cache\\npm\\11.3.0\\package\\man\\man1\\npm-login.1',
4683 silly resolved       'C:\\Users\\dmorah\\AppData\\Roaming\\npm-cache\\npm\\11.3.0\\package\\man\\man1\\npm-logout.1',
4683 silly resolved       'C:\\Users\\dmorah\\AppData\\Roaming\\npm-cache\\npm\\11.3.0\\package\\man\\man1\\npm-ls.1',
4683 silly resolved       'C:\\Users\\dmorah\\AppData\\Roaming\\npm-cache\\npm\\11.3.0\\package\\man\\man1\\npm-org.1',
4683 silly resolved       'C:\\Users\\dmorah\\AppData\\Roaming\\npm-cache\\npm\\11.3.0\\package\\man\\man1\\npm-outdated.1',
4683 silly resolved       'C:\\Users\\dmorah\\AppData\\Roaming\\npm-cache\\npm\\11.3.0\\package\\man\\man1\\npm-owner.1',
4683 silly resolved       'C:\\Users\\dmorah\\AppData\\Roaming\\npm-cache\\npm\\11.3.0\\package\\man\\man1\\npm-pack.1',
4683 silly resolved       'C:\\Users\\dmorah\\AppData\\Roaming\\npm-cache\\npm\\11.3.0\\package\\man\\man1\\npm-ping.1',
4683 silly resolved       'C:\\Users\\dmorah\\AppData\\Roaming\\npm-cache\\npm\\11.3.0\\package\\man\\man1\\npm-pkg.1',
4683 silly resolved       'C:\\Users\\dmorah\\AppData\\Roaming\\npm-cache\\npm\\11.3.0\\package\\man\\man1\\npm-prefix.1',
4683 silly resolved       'C:\\Users\\dmorah\\AppData\\Roaming\\npm-cache\\npm\\11.3.0\\package\\man\\man1\\npm-profile.1',
4683 silly resolved       'C:\\Users\\dmorah\\AppData\\Roaming\\npm-cache\\npm\\11.3.0\\package\\man\\man1\\npm-prune.1',
4683 silly resolved       'C:\\Users\\dmorah\\AppData\\Roaming\\npm-cache\\npm\\11.3.0\\package\\man\\man1\\npm-publish.1',
4683 silly resolved       'C:\\Users\\dmorah\\AppData\\Roaming\\npm-cache\\npm\\11.3.0\\package\\man\\man1\\npm-query.1',
4683 silly resolved       'C:\\Users\\dmorah\\AppData\\Roaming\\npm-cache\\npm\\11.3.0\\package\\man\\man1\\npm-rebuild.1',
4683 silly resolved       'C:\\Users\\dmorah\\AppData\\Roaming\\npm-cache\\npm\\11.3.0\\package\\man\\man1\\npm-repo.1',
4683 silly resolved       'C:\\Users\\dmorah\\AppData\\Roaming\\npm-cache\\npm\\11.3.0\\package\\man\\man1\\npm-restart.1',
4683 silly resolved       'C:\\Users\\dmorah\\AppData\\Roaming\\npm-cache\\npm\\11.3.0\\package\\man\\man1\\npm-root.1',
4683 silly resolved       'C:\\Users\\dmorah\\AppData\\Roaming\\npm-cache\\npm\\11.3.0\\package\\man\\man1\\npm-run-script.1',
4683 silly resolved       'C:\\Users\\dmorah\\AppData\\Roaming\\npm-cache\\npm\\11.3.0\\package\\man\\man1\\npm-sbom.1',
4683 silly resolved       'C:\\Users\\dmorah\\AppData\\Roaming\\npm-cache\\npm\\11.3.0\\package\\man\\man1\\npm-search.1',
4683 silly resolved       'C:\\Users\\dmorah\\AppData\\Roaming\\npm-cache\\npm\\11.3.0\\package\\man\\man1\\npm-shrinkwrap.1',
4683 silly resolved       'C:\\Users\\dmorah\\AppData\\Roaming\\npm-cache\\npm\\11.3.0\\package\\man\\man1\\npm-star.1',
4683 silly resolved       'C:\\Users\\dmorah\\AppData\\Roaming\\npm-cache\\npm\\11.3.0\\package\\man\\man1\\npm-stars.1',
4683 silly resolved       'C:\\Users\\dmorah\\AppData\\Roaming\\npm-cache\\npm\\11.3.0\\package\\man\\man1\\npm-start.1',
4683 silly resolved       'C:\\Users\\dmorah\\AppData\\Roaming\\npm-cache\\npm\\11.3.0\\package\\man\\man1\\npm-stop.1',
4683 silly resolved       'C:\\Users\\dmorah\\AppData\\Roaming\\npm-cache\\npm\\11.3.0\\package\\man\\man1\\npm-team.1',
4683 silly resolved       'C:\\Users\\dmorah\\AppData\\Roaming\\npm-cache\\npm\\11.3.0\\package\\man\\man1\\npm-test.1',
4683 silly resolved       'C:\\Users\\dmorah\\AppData\\Roaming\\npm-cache\\npm\\11.3.0\\package\\man\\man1\\npm-token.1',
4683 silly resolved       'C:\\Users\\dmorah\\AppData\\Roaming\\npm-cache\\npm\\11.3.0\\package\\man\\man1\\npm-undeprecate.1',
4683 silly resolved       'C:\\Users\\dmorah\\AppData\\Roaming\\npm-cache\\npm\\11.3.0\\package\\man\\man1\\npm-uninstall.1',
4683 silly resolved       'C:\\Users\\dmorah\\AppData\\Roaming\\npm-cache\\npm\\11.3.0\\package\\man\\man1\\npm-unpublish.1',
4683 silly resolved       'C:\\Users\\dmorah\\AppData\\Roaming\\npm-cache\\npm\\11.3.0\\package\\man\\man1\\npm-unstar.1',
4683 silly resolved       'C:\\Users\\dmorah\\AppData\\Roaming\\npm-cache\\npm\\11.3.0\\package\\man\\man1\\npm-update.1',
4683 silly resolved       'C:\\Users\\dmorah\\AppData\\Roaming\\npm-cache\\npm\\11.3.0\\package\\man\\man1\\npm-version.1',
4683 silly resolved       'C:\\Users\\dmorah\\AppData\\Roaming\\npm-cache\\npm\\11.3.0\\package\\man\\man1\\npm-view.1',
4683 silly resolved       'C:\\Users\\dmorah\\AppData\\Roaming\\npm-cache\\npm\\11.3.0\\package\\man\\man1\\npm-whoami.1',
4683 silly resolved       'C:\\Users\\dmorah\\AppData\\Roaming\\npm-cache\\npm\\11.3.0\\package\\man\\man1\\npm.1',
4683 silly resolved       'C:\\Users\\dmorah\\AppData\\Roaming\\npm-cache\\npm\\11.3.0\\package\\man\\man1\\npx.1',
4683 silly resolved       'C:\\Users\\dmorah\\AppData\\Roaming\\npm-cache\\npm\\11.3.0\\package\\man\\man5\\folders.5',
4683 silly resolved       'C:\\Users\\dmorah\\AppData\\Roaming\\npm-cache\\npm\\11.3.0\\package\\man\\man5\\install.5',
4683 silly resolved       'C:\\Users\\dmorah\\AppData\\Roaming\\npm-cache\\npm\\11.3.0\\package\\man\\man5\\npm-global.5',
4683 silly resolved       'C:\\Users\\dmorah\\AppData\\Roaming\\npm-cache\\npm\\11.3.0\\package\\man\\man5\\npm-json.5',
4683 silly resolved       'C:\\Users\\dmorah\\AppData\\Roaming\\npm-cache\\npm\\11.3.0\\package\\man\\man5\\npm-shrinkwrap-json.5',
4683 silly resolved       'C:\\Users\\dmorah\\AppData\\Roaming\\npm-cache\\npm\\11.3.0\\package\\man\\man5\\npmrc.5',
4683 silly resolved       'C:\\Users\\dmorah\\AppData\\Roaming\\npm-cache\\npm\\11.3.0\\package\\man\\man5\\package-json.5',
4683 silly resolved       'C:\\Users\\dmorah\\AppData\\Roaming\\npm-cache\\npm\\11.3.0\\package\\man\\man5\\package-lock-json.5',
4683 silly resolved       'C:\\Users\\dmorah\\AppData\\Roaming\\npm-cache\\npm\\11.3.0\\package\\man\\man7\\config.7',
4683 silly resolved       'C:\\Users\\dmorah\\AppData\\Roaming\\npm-cache\\npm\\11.3.0\\package\\man\\man7\\dependency-selectors.7',
4683 silly resolved       'C:\\Users\\dmorah\\AppData\\Roaming\\npm-cache\\npm\\11.3.0\\package\\man\\man7\\developers.7',
4683 silly resolved       'C:\\Users\\dmorah\\AppData\\Roaming\\npm-cache\\npm\\11.3.0\\package\\man\\man7\\logging.7',
4683 silly resolved       'C:\\Users\\dmorah\\AppData\\Roaming\\npm-cache\\npm\\11.3.0\\package\\man\\man7\\orgs.7',
4683 silly resolved       'C:\\Users\\dmorah\\AppData\\Roaming\\npm-cache\\npm\\11.3.0\\package\\man\\man7\\package-spec.7',
4683 silly resolved       'C:\\Users\\dmorah\\AppData\\Roaming\\npm-cache\\npm\\11.3.0\\package\\man\\man7\\registry.7',
4683 silly resolved       'C:\\Users\\dmorah\\AppData\\Roaming\\npm-cache\\npm\\11.3.0\\package\\man\\man7\\removal.7',
4683 silly resolved       'C:\\Users\\dmorah\\AppData\\Roaming\\npm-cache\\npm\\11.3.0\\package\\man\\man7\\scope.7',
4683 silly resolved       'C:\\Users\\dmorah\\AppData\\Roaming\\npm-cache\\npm\\11.3.0\\package\\man\\man7\\scripts.7',
4683 silly resolved       'C:\\Users\\dmorah\\AppData\\Roaming\\npm-cache\\npm\\11.3.0\\package\\man\\man7\\workspaces.7'
4683 silly resolved     ],
4683 silly resolved     readme: '# npm - a JavaScript package manager\n' +
4683 silly resolved       '\n' +
4683 silly resolved       '### Requirements\n' +
4683 silly resolved       '\n' +
4683 silly resolved       'You should be running a currently supported version of [Node.js](https://nodejs.org/en/download/) to run **`npm`**.  For a list of which versions of Node.js are currently supported, please see the [Node.js releases](https://nodejs.org/en/about/previous-releases) page.\n' +
4683 silly resolved       '\n' +
4683 silly resolved       '### Installation\n' +
4683 silly resolved       '\n' +
4683 silly resolved       '**`npm`** comes bundled with [**`node`**](https://nodejs.org/), & most third-party distributions, by default. Officially supported downloads/distributions can be found at: [nodejs.org/en/download](https://nodejs.org/en/download)\n' +
4683 silly resolved       '\n' +
4683 silly resolved       '#### Direct Download\n' +
4683 silly resolved       '\n' +
4683 silly resolved       'You can download & install **`npm`** directly from [**npmjs**.com](https://npmjs.com/) using our custom `install.sh` script:\n' +
4683 silly resolved       '\n' +
4683 silly resolved       '```bash\n' +
4683 silly resolved       'curl -qL https://www.npmjs.com/install.sh | sh\n' +
4683 silly resolved       '```\n' +
4683 silly resolved       '\n' +
4683 silly resolved       '#### Node Version Managers\n' +
4683 silly resolved       '\n' +
4683 silly resolved       "If you're looking to manage multiple versions of **`Node.js`** &/or **`npm`**, consider using a [node version manager](https://github.com/search?q=node+version+manager+archived%3Afalse&type=repositories&ref=advsearch)\n" +
4683 silly resolved       '\n' +
4683 silly resolved       '### Usage\n' +
4683 silly resolved       '\n' +
4683 silly resolved       '```bash\n' +
4683 silly resolved       'npm <command>\n' +
4683 silly resolved       '```\n' +
4683 silly resolved       '\n' +
4683 silly resolved       '### Links & Resources\n' +
4683 silly resolved       '\n' +
4683 silly resolved       '* [**Documentation**](https://docs.npmjs.com/) - Official docs & how-tos for all things **npm**\n' +
4683 silly resolved       '    * Note: you can also search docs locally with `npm help-search <query>`\n' +
4683 silly resolved       '* [**Bug Tracker**](https://github.com/npm/cli/issues) - Search or submit bugs against the CLI\n' +
4683 silly resolved       '* [**Roadmap**](https://github.com/orgs/github/projects/4247/views/1?filterQuery=npm) - Track & follow along with our public roadmap\n' +
4683 silly resolved       '* [**Community Feedback and Discussions**](https://github.com/orgs/community/discussions/categories/npm) - Contribute ideas & discussion around the npm registry, website & CLI\n' +
4683 silly resolved       '* [**RFCs**](https://github.com/npm/rfcs) - Contribute ideas & specifications for the API/design of the npm CLI\n' +
4683 silly resolved       '* [**Service Status**](https://status.npmjs.org/) - Monitor the current status & see incident reports for the website & registry\n' +
4683 silly resolved       '* [**Project Status**](https://npm.github.io/statusboard/) - See the health of all our maintained OSS projects in one view\n' +
4683 silly resolved       '* [**Events Calendar**](https://calendar.google.com/calendar/u/0/embed?src=npmjs.com_oonluqt8oftrt0vmgrfbg6q6go@group.calendar.google.com) - Keep track of our Open RFC calls, releases, meetups, conferences & more\n' +
4683 silly resolved       '* [**Support**](https://www.npmjs.com/support) - Experiencing problems with the **npm** [website](https://npmjs.com) or [registry](https://registry.npmjs.org)? File a ticket [here](https://www.npmjs.com/support)\n' +
4683 silly resolved       '\n' +
4683 silly resolved       '### Acknowledgments\n' +
4683 silly resolved       '\n' +
4683 silly resolved       '* `npm` is configured to use the **npm Public Registry** at [https://registry.npmjs.org](https://registry.npmjs.org) by default; Usage of this registry is subject to **Terms of Use** available at [https://npmjs.com/policies/terms](https://npmjs.com/policies/terms)\n' +
4683 silly resolved       '* You can configure `npm` to use any other compatible registry you prefer. You can read more about configuring third-party registries [here](https://docs.npmjs.com/cli/v7/using-npm/registry)\n' +
4683 silly resolved       '\n' +
4683 silly resolved       '### FAQ on Branding\n' +
4683 silly resolved       '\n' +
4683 silly resolved       '#### Is it "npm" or "NPM" or "Npm"?\n' +
4683 silly resolved       '\n' +
4683 silly resolved       '**`npm`** should never be capitalized unless it is being displayed in a location that is customarily all-capitals (ex. titles on `man` pages).\n' +
4683 silly resolved       '\n' +
4683 silly resolved       '#### Is "npm" an acronym for "Node Package Manager"?\n' +
4683 silly resolved       '\n' +
4683 silly resolved       'Contrary to popular belief, **`npm`** **is not** in fact an acronym for "Node Package Manager"; It is a recursive bacronymic abbreviation for **"npm is not an acronym"** (if the project was named "ninaa", then it would be an acronym). The precursor to **`npm`** was actually a bash utility named **"pm"**, which was the shortform name of **"pkgmakeinst"** - a bash function that installed various things on various platforms. If **`npm`** were to ever have been considered an acronym, it would be as "node pm" or, potentially "new pm".\n',
4683 silly resolved     readmeFilename: 'README.md',
4683 silly resolved     _id: 'npm@11.3.0',
4683 silly resolved     dist: { shasum: 'b0a767d2bd6201211b7356cef240d6f8df651acc' },
4683 silly resolved     _from: 'npm@',
4683 silly resolved     _resolved: 'https://registry.npmjs.org/npm/-/npm-11.3.0.tgz'
4683 silly resolved   }
4683 silly resolved ]
4684 info install npm@11.3.0 into C:\Users\dmorah\AppData\Roaming\npm
4685 info installOne npm@11.3.0
4686 warn engine npm@11.3.0: wanted: {"node":"^20.17.0 || >=22.9.0"} (current: {"node":"v22.13.1","npm":"1.3.0"})
4687 info C:\Users\dmorah\AppData\Roaming\npm\node_modules\npm unbuild
4688 info preuninstall npm@1.3.0
4689 info uninstall npm@1.3.0
4690 verbose true,C:\Users\dmorah\AppData\Roaming\npm\node_modules,C:\Users\dmorah\AppData\Roaming\npm\node_modules unbuild npm@1.3.0
4691 verbose C:\Users\dmorah\AppData\Roaming\npm,[object Object] binRoot
4692 info postuninstall npm@1.3.0
4693 verbose tar unpack C:\Users\dmorah\AppData\Roaming\npm-cache\npm\11.3.0\package.tgz
4694 silly lockFile 99ecdc4f-ata-Roaming-npm-node-modules-npm tar://C:\Users\dmorah\AppData\Roaming\npm\node_modules\npm
4695 verbose lock tar://C:\Users\dmorah\AppData\Roaming\npm\node_modules\npm C:\Users\dmorah\AppData\Roaming\npm-cache\99ecdc4f-ata-Roaming-npm-node-modules-npm.lock
4696 silly lockFile 544ca78c-npm-cache-npm-11-3-0-package-tgz tar://C:\Users\dmorah\AppData\Roaming\npm-cache\npm\11.3.0\package.tgz
4697 verbose lock tar://C:\Users\dmorah\AppData\Roaming\npm-cache\npm\11.3.0\package.tgz C:\Users\dmorah\AppData\Roaming\npm-cache\544ca78c-npm-cache-npm-11-3-0-package-tgz.lock
4698 silly gunzTarPerm modes [ '755', '644' ]
4699 silly gunzTarPerm extractEntry package.json
4700 silly gunzTarPerm modified mode [ 'package.json', 438, 420 ]
4701 silly gunzTarPerm extractEntry README.md
4702 silly gunzTarPerm modified mode [ 'README.md', 438, 420 ]
4703 silly gunzTarPerm extractEntry index.js
4704 silly gunzTarPerm modified mode [ 'index.js', 438, 420 ]
4705 silly gunzTarPerm extractEntry bin/npx-cli.js
4706 silly gunzTarPerm modified mode [ 'bin/npx-cli.js', 438, 420 ]
4707 silly gunzTarPerm extractEntry bin/npm-prefix.js
4708 silly gunzTarPerm modified mode [ 'bin/npm-prefix.js', 438, 420 ]
4709 silly gunzTarPerm extractEntry bin/npm-cli.js
4710 silly gunzTarPerm modified mode [ 'bin/npm-cli.js', 438, 420 ]
4711 silly gunzTarPerm extractEntry bin/node-gyp-bin/node-gyp
4712 silly gunzTarPerm modified mode [ 'bin/node-gyp-bin/node-gyp', 438, 420 ]
4713 silly gunzTarPerm extractEntry bin/node-gyp-bin/node-gyp.cmd
4714 silly gunzTarPerm modified mode [ 'bin/node-gyp-bin/node-gyp.cmd', 438, 420 ]
4715 silly gunzTarPerm extractEntry bin/npm
4716 silly gunzTarPerm modified mode [ 'bin/npm', 438, 420 ]
4717 silly gunzTarPerm extractEntry bin/npm.cmd
4718 silly gunzTarPerm modified mode [ 'bin/npm.cmd', 438, 420 ]
4719 silly gunzTarPerm extractEntry bin/npm.ps1
4720 silly gunzTarPerm modified mode [ 'bin/npm.ps1', 438, 420 ]
4721 silly gunzTarPerm extractEntry bin/npx
4722 silly gunzTarPerm modified mode [ 'bin/npx', 438, 420 ]
4723 silly gunzTarPerm extractEntry bin/npx.cmd
4724 silly gunzTarPerm modified mode [ 'bin/npx.cmd', 438, 420 ]
4725 silly gunzTarPerm extractEntry bin/npx.ps1
4726 silly gunzTarPerm modified mode [ 'bin/npx.ps1', 438, 420 ]
4727 silly gunzTarPerm extractEntry docs/content/commands/npm-access.md
4728 silly gunzTarPerm modified mode [ 'docs/content/commands/npm-access.md', 438, 420 ]
4729 silly gunzTarPerm extractEntry docs/content/commands/npm-adduser.md
4730 silly gunzTarPerm modified mode [ 'docs/content/commands/npm-adduser.md', 438, 420 ]
4731 silly gunzTarPerm extractEntry docs/content/commands/npm-audit.md
4732 silly gunzTarPerm modified mode [ 'docs/content/commands/npm-audit.md', 438, 420 ]
4733 silly gunzTarPerm extractEntry docs/content/commands/npm-bugs.md
4734 silly gunzTarPerm modified mode [ 'docs/content/commands/npm-bugs.md', 438, 420 ]
4735 silly gunzTarPerm extractEntry docs/content/commands/npm-cache.md
4736 silly gunzTarPerm modified mode [ 'docs/content/commands/npm-cache.md', 438, 420 ]
4737 silly gunzTarPerm extractEntry docs/content/commands/npm-ci.md
4738 silly gunzTarPerm modified mode [ 'docs/content/commands/npm-ci.md', 438, 420 ]
4739 silly gunzTarPerm extractEntry docs/content/commands/npm-completion.md
4740 silly gunzTarPerm modified mode [ 'docs/content/commands/npm-completion.md', 438, 420 ]
4741 silly gunzTarPerm extractEntry docs/content/commands/npm-config.md
4742 silly gunzTarPerm modified mode [ 'docs/content/commands/npm-config.md', 438, 420 ]
4743 silly gunzTarPerm extractEntry docs/content/commands/npm-dedupe.md
4744 silly gunzTarPerm modified mode [ 'docs/content/commands/npm-dedupe.md', 438, 420 ]
4745 silly gunzTarPerm extractEntry docs/content/commands/npm-deprecate.md
4746 silly gunzTarPerm modified mode [ 'docs/content/commands/npm-deprecate.md', 438, 420 ]
4747 silly gunzTarPerm extractEntry docs/content/commands/npm-diff.md
4748 silly gunzTarPerm modified mode [ 'docs/content/commands/npm-diff.md', 438, 420 ]
4749 silly gunzTarPerm extractEntry docs/content/commands/npm-dist-tag.md
4750 silly gunzTarPerm modified mode [ 'docs/content/commands/npm-dist-tag.md', 438, 420 ]
4751 silly gunzTarPerm extractEntry docs/content/commands/npm-docs.md
4752 silly gunzTarPerm modified mode [ 'docs/content/commands/npm-docs.md', 438, 420 ]
4753 silly gunzTarPerm extractEntry docs/content/commands/npm-doctor.md
4754 silly gunzTarPerm modified mode [ 'docs/content/commands/npm-doctor.md', 438, 420 ]
4755 silly gunzTarPerm extractEntry docs/content/commands/npm-edit.md
4756 silly gunzTarPerm modified mode [ 'docs/content/commands/npm-edit.md', 438, 420 ]
4757 silly gunzTarPerm extractEntry docs/content/commands/npm-exec.md
4758 silly gunzTarPerm modified mode [ 'docs/content/commands/npm-exec.md', 438, 420 ]
4759 silly gunzTarPerm extractEntry docs/content/commands/npm-explain.md
4760 silly gunzTarPerm modified mode [ 'docs/content/commands/npm-explain.md', 438, 420 ]
4761 silly gunzTarPerm extractEntry docs/content/commands/npm-explore.md
4762 silly gunzTarPerm modified mode [ 'docs/content/commands/npm-explore.md', 438, 420 ]
4763 silly gunzTarPerm extractEntry docs/content/commands/npm-find-dupes.md
4764 silly gunzTarPerm modified mode [ 'docs/content/commands/npm-find-dupes.md', 438, 420 ]
4765 silly gunzTarPerm extractEntry docs/content/commands/npm-fund.md
4766 silly gunzTarPerm modified mode [ 'docs/content/commands/npm-fund.md', 438, 420 ]
4767 silly gunzTarPerm extractEntry docs/content/commands/npm-help-search.md
4768 silly gunzTarPerm modified mode [ 'docs/content/commands/npm-help-search.md', 438, 420 ]
4769 silly gunzTarPerm extractEntry docs/content/commands/npm-help.md
4770 silly gunzTarPerm modified mode [ 'docs/content/commands/npm-help.md', 438, 420 ]
4771 silly gunzTarPerm extractEntry docs/content/commands/npm-init.md
4772 silly gunzTarPerm modified mode [ 'docs/content/commands/npm-init.md', 438, 420 ]
4773 silly gunzTarPerm extractEntry docs/content/commands/npm-install-ci-test.md
4774 silly gunzTarPerm modified mode [ 'docs/content/commands/npm-install-ci-test.md', 438, 420 ]
4775 silly gunzTarPerm extractEntry docs/content/commands/npm-install-test.md
4776 silly gunzTarPerm modified mode [ 'docs/content/commands/npm-install-test.md', 438, 420 ]
4777 silly gunzTarPerm extractEntry docs/content/commands/npm-install.md
4778 silly gunzTarPerm modified mode [ 'docs/content/commands/npm-install.md', 438, 420 ]
4779 silly gunzTarPerm extractEntry docs/content/commands/npm-link.md
4780 silly gunzTarPerm modified mode [ 'docs/content/commands/npm-link.md', 438, 420 ]
4781 silly gunzTarPerm extractEntry docs/content/commands/npm-login.md
4782 silly gunzTarPerm modified mode [ 'docs/content/commands/npm-login.md', 438, 420 ]
4783 silly gunzTarPerm extractEntry docs/content/commands/npm-logout.md
4784 silly gunzTarPerm modified mode [ 'docs/content/commands/npm-logout.md', 438, 420 ]
4785 silly gunzTarPerm extractEntry docs/content/commands/npm-ls.md
4786 silly gunzTarPerm modified mode [ 'docs/content/commands/npm-ls.md', 438, 420 ]
4787 silly gunzTarPerm extractEntry docs/content/commands/npm-org.md
4788 silly gunzTarPerm modified mode [ 'docs/content/commands/npm-org.md', 438, 420 ]
4789 silly gunzTarPerm extractEntry docs/content/commands/npm-outdated.md
4790 silly gunzTarPerm modified mode [ 'docs/content/commands/npm-outdated.md', 438, 420 ]
4791 silly gunzTarPerm extractEntry docs/content/commands/npm-owner.md
4792 silly gunzTarPerm modified mode [ 'docs/content/commands/npm-owner.md', 438, 420 ]
4793 silly gunzTarPerm extractEntry docs/content/commands/npm-pack.md
4794 silly gunzTarPerm modified mode [ 'docs/content/commands/npm-pack.md', 438, 420 ]
4795 silly gunzTarPerm extractEntry docs/content/commands/npm-ping.md
4796 silly gunzTarPerm modified mode [ 'docs/content/commands/npm-ping.md', 438, 420 ]
4797 silly gunzTarPerm extractEntry docs/content/commands/npm-pkg.md
4798 silly gunzTarPerm modified mode [ 'docs/content/commands/npm-pkg.md', 438, 420 ]
4799 silly gunzTarPerm extractEntry docs/content/commands/npm-prefix.md
4800 silly gunzTarPerm modified mode [ 'docs/content/commands/npm-prefix.md', 438, 420 ]
4801 silly gunzTarPerm extractEntry docs/content/commands/npm-profile.md
4802 silly gunzTarPerm modified mode [ 'docs/content/commands/npm-profile.md', 438, 420 ]
4803 silly gunzTarPerm extractEntry docs/content/commands/npm-prune.md
4804 silly gunzTarPerm modified mode [ 'docs/content/commands/npm-prune.md', 438, 420 ]
4805 silly gunzTarPerm extractEntry docs/content/commands/npm-publish.md
4806 silly gunzTarPerm modified mode [ 'docs/content/commands/npm-publish.md', 438, 420 ]
4807 silly gunzTarPerm extractEntry docs/content/commands/npm-query.md
4808 silly gunzTarPerm modified mode [ 'docs/content/commands/npm-query.md', 438, 420 ]
4809 silly gunzTarPerm extractEntry docs/content/commands/npm-rebuild.md
4810 silly gunzTarPerm modified mode [ 'docs/content/commands/npm-rebuild.md', 438, 420 ]
4811 silly gunzTarPerm extractEntry docs/content/commands/npm-repo.md
4812 silly gunzTarPerm modified mode [ 'docs/content/commands/npm-repo.md', 438, 420 ]
4813 silly gunzTarPerm extractEntry docs/content/commands/npm-restart.md
4814 silly gunzTarPerm modified mode [ 'docs/content/commands/npm-restart.md', 438, 420 ]
4815 silly gunzTarPerm extractEntry docs/content/commands/npm-root.md
4816 silly gunzTarPerm modified mode [ 'docs/content/commands/npm-root.md', 438, 420 ]
4817 silly gunzTarPerm extractEntry docs/content/commands/npm-run-script.md
4818 silly gunzTarPerm modified mode [ 'docs/content/commands/npm-run-script.md', 438, 420 ]
4819 silly gunzTarPerm extractEntry docs/content/commands/npm-sbom.md
4820 silly gunzTarPerm modified mode [ 'docs/content/commands/npm-sbom.md', 438, 420 ]
4821 silly gunzTarPerm extractEntry docs/content/commands/npm-search.md
4822 silly gunzTarPerm modified mode [ 'docs/content/commands/npm-search.md', 438, 420 ]
4823 silly gunzTarPerm extractEntry docs/content/commands/npm-shrinkwrap.md
4824 silly gunzTarPerm modified mode [ 'docs/content/commands/npm-shrinkwrap.md', 438, 420 ]
4825 silly gunzTarPerm extractEntry docs/content/commands/npm-star.md
4826 silly gunzTarPerm modified mode [ 'docs/content/commands/npm-star.md', 438, 420 ]
4827 silly gunzTarPerm extractEntry docs/content/commands/npm-stars.md
4828 silly gunzTarPerm modified mode [ 'docs/content/commands/npm-stars.md', 438, 420 ]
4829 silly gunzTarPerm extractEntry docs/content/commands/npm-start.md
4830 silly gunzTarPerm modified mode [ 'docs/content/commands/npm-start.md', 438, 420 ]
4831 silly gunzTarPerm extractEntry docs/content/commands/npm-stop.md
4832 silly gunzTarPerm modified mode [ 'docs/content/commands/npm-stop.md', 438, 420 ]
4833 silly gunzTarPerm extractEntry docs/content/commands/npm-team.md
4834 silly gunzTarPerm modified mode [ 'docs/content/commands/npm-team.md', 438, 420 ]
4835 silly gunzTarPerm extractEntry docs/content/commands/npm-test.md
4836 silly gunzTarPerm modified mode [ 'docs/content/commands/npm-test.md', 438, 420 ]
4837 silly gunzTarPerm extractEntry docs/content/commands/npm-token.md
4838 silly gunzTarPerm modified mode [ 'docs/content/commands/npm-token.md', 438, 420 ]
4839 silly gunzTarPerm extractEntry docs/content/commands/npm-undeprecate.md
4840 silly gunzTarPerm modified mode [ 'docs/content/commands/npm-undeprecate.md', 438, 420 ]
4841 silly gunzTarPerm extractEntry docs/content/commands/npm-uninstall.md
4842 silly gunzTarPerm modified mode [ 'docs/content/commands/npm-uninstall.md', 438, 420 ]
4843 silly gunzTarPerm extractEntry docs/content/commands/npm-unpublish.md
4844 silly gunzTarPerm modified mode [ 'docs/content/commands/npm-unpublish.md', 438, 420 ]
4845 silly gunzTarPerm extractEntry docs/content/commands/npm-unstar.md
4846 silly gunzTarPerm modified mode [ 'docs/content/commands/npm-unstar.md', 438, 420 ]
4847 silly gunzTarPerm extractEntry docs/content/commands/npm-update.md
4848 silly gunzTarPerm modified mode [ 'docs/content/commands/npm-update.md', 438, 420 ]
4849 silly gunzTarPerm extractEntry docs/content/commands/npm-version.md
4850 silly gunzTarPerm modified mode [ 'docs/content/commands/npm-version.md', 438, 420 ]
4851 silly gunzTarPerm extractEntry docs/content/commands/npm-view.md
4852 silly gunzTarPerm modified mode [ 'docs/content/commands/npm-view.md', 438, 420 ]
4853 silly gunzTarPerm extractEntry docs/content/commands/npm-whoami.md
4854 silly gunzTarPerm modified mode [ 'docs/content/commands/npm-whoami.md', 438, 420 ]
4855 silly gunzTarPerm extractEntry docs/content/commands/npm.md
4856 silly gunzTarPerm modified mode [ 'docs/content/commands/npm.md', 438, 420 ]
4857 silly gunzTarPerm extractEntry docs/content/commands/npx.md
4858 silly gunzTarPerm modified mode [ 'docs/content/commands/npx.md', 438, 420 ]
4859 silly gunzTarPerm extractEntry docs/content/configuring-npm/folders.md
4860 silly gunzTarPerm modified mode [ 'docs/content/configuring-npm/folders.md', 438, 420 ]
4861 silly gunzTarPerm extractEntry docs/content/configuring-npm/install.md
4862 silly gunzTarPerm modified mode [ 'docs/content/configuring-npm/install.md', 438, 420 ]
4863 silly gunzTarPerm extractEntry docs/content/configuring-npm/npm-shrinkwrap-json.md
4864 silly gunzTarPerm modified mode [ 'docs/content/configuring-npm/npm-shrinkwrap-json.md', 438, 420 ]
4865 silly gunzTarPerm extractEntry docs/content/configuring-npm/npmrc.md
4866 silly gunzTarPerm modified mode [ 'docs/content/configuring-npm/npmrc.md', 438, 420 ]
4867 silly gunzTarPerm extractEntry docs/content/configuring-npm/package-json.md
4868 silly gunzTarPerm modified mode [ 'docs/content/configuring-npm/package-json.md', 438, 420 ]
4869 silly gunzTarPerm extractEntry docs/content/configuring-npm/package-lock-json.md
4870 silly gunzTarPerm modified mode [ 'docs/content/configuring-npm/package-lock-json.md', 438, 420 ]
4871 silly gunzTarPerm extractEntry docs/content/using-npm/config.md
4872 silly gunzTarPerm modified mode [ 'docs/content/using-npm/config.md', 438, 420 ]
4873 silly gunzTarPerm extractEntry docs/content/using-npm/dependency-selectors.md
4874 silly gunzTarPerm modified mode [ 'docs/content/using-npm/dependency-selectors.md', 438, 420 ]
4875 silly gunzTarPerm extractEntry docs/content/using-npm/developers.md
4876 silly gunzTarPerm modified mode [ 'docs/content/using-npm/developers.md', 438, 420 ]
4877 silly gunzTarPerm extractEntry docs/content/using-npm/logging.md
4878 silly gunzTarPerm modified mode [ 'docs/content/using-npm/logging.md', 438, 420 ]
4879 silly gunzTarPerm extractEntry docs/content/using-npm/orgs.md
4880 silly gunzTarPerm modified mode [ 'docs/content/using-npm/orgs.md', 438, 420 ]
4881 silly gunzTarPerm extractEntry docs/content/using-npm/package-spec.md
4882 silly gunzTarPerm modified mode [ 'docs/content/using-npm/package-spec.md', 438, 420 ]
4883 silly gunzTarPerm extractEntry docs/content/using-npm/registry.md
4884 silly gunzTarPerm modified mode [ 'docs/content/using-npm/registry.md', 438, 420 ]
4885 silly gunzTarPerm extractEntry docs/content/using-npm/removal.md
4886 silly gunzTarPerm modified mode [ 'docs/content/using-npm/removal.md', 438, 420 ]
4887 silly gunzTarPerm extractEntry docs/content/using-npm/scope.md
4888 silly gunzTarPerm modified mode [ 'docs/content/using-npm/scope.md', 438, 420 ]
4889 silly gunzTarPerm extractEntry docs/content/using-npm/scripts.md
4890 silly gunzTarPerm modified mode [ 'docs/content/using-npm/scripts.md', 438, 420 ]
4891 silly gunzTarPerm extractEntry docs/content/using-npm/workspaces.md
4892 silly gunzTarPerm modified mode [ 'docs/content/using-npm/workspaces.md', 438, 420 ]
4893 silly gunzTarPerm extractEntry docs/output/commands/npm-access.html
4894 silly gunzTarPerm modified mode [ 'docs/output/commands/npm-access.html', 438, 420 ]
4895 silly gunzTarPerm extractEntry docs/output/commands/npm-adduser.html
4896 silly gunzTarPerm modified mode [ 'docs/output/commands/npm-adduser.html', 438, 420 ]
4897 silly gunzTarPerm extractEntry docs/output/commands/npm-audit.html
4898 silly gunzTarPerm modified mode [ 'docs/output/commands/npm-audit.html', 438, 420 ]
4899 silly gunzTarPerm extractEntry docs/output/commands/npm-bugs.html
4900 silly gunzTarPerm modified mode [ 'docs/output/commands/npm-bugs.html', 438, 420 ]
4901 silly gunzTarPerm extractEntry docs/output/commands/npm-cache.html
4902 silly gunzTarPerm modified mode [ 'docs/output/commands/npm-cache.html', 438, 420 ]
4903 silly gunzTarPerm extractEntry docs/output/commands/npm-ci.html
4904 silly gunzTarPerm modified mode [ 'docs/output/commands/npm-ci.html', 438, 420 ]
4905 silly gunzTarPerm extractEntry docs/output/commands/npm-completion.html
4906 silly gunzTarPerm modified mode [ 'docs/output/commands/npm-completion.html', 438, 420 ]
4907 silly gunzTarPerm extractEntry docs/output/commands/npm-config.html
4908 silly gunzTarPerm modified mode [ 'docs/output/commands/npm-config.html', 438, 420 ]
4909 silly gunzTarPerm extractEntry docs/output/commands/npm-dedupe.html
4910 silly gunzTarPerm modified mode [ 'docs/output/commands/npm-dedupe.html', 438, 420 ]
4911 silly gunzTarPerm extractEntry docs/output/commands/npm-deprecate.html
4912 silly gunzTarPerm modified mode [ 'docs/output/commands/npm-deprecate.html', 438, 420 ]
4913 silly gunzTarPerm extractEntry docs/output/commands/npm-diff.html
4914 silly gunzTarPerm modified mode [ 'docs/output/commands/npm-diff.html', 438, 420 ]
4915 silly gunzTarPerm extractEntry docs/output/commands/npm-dist-tag.html
4916 silly gunzTarPerm modified mode [ 'docs/output/commands/npm-dist-tag.html', 438, 420 ]
4917 silly gunzTarPerm extractEntry docs/output/commands/npm-docs.html
4918 silly gunzTarPerm modified mode [ 'docs/output/commands/npm-docs.html', 438, 420 ]
4919 silly gunzTarPerm extractEntry docs/output/commands/npm-doctor.html
4920 silly gunzTarPerm modified mode [ 'docs/output/commands/npm-doctor.html', 438, 420 ]
4921 silly gunzTarPerm extractEntry docs/output/commands/npm-edit.html
4922 silly gunzTarPerm modified mode [ 'docs/output/commands/npm-edit.html', 438, 420 ]
4923 silly gunzTarPerm extractEntry docs/output/commands/npm-exec.html
4924 silly gunzTarPerm modified mode [ 'docs/output/commands/npm-exec.html', 438, 420 ]
4925 silly gunzTarPerm extractEntry docs/output/commands/npm-explain.html
4926 silly gunzTarPerm modified mode [ 'docs/output/commands/npm-explain.html', 438, 420 ]
4927 silly gunzTarPerm extractEntry docs/output/commands/npm-explore.html
4928 silly gunzTarPerm modified mode [ 'docs/output/commands/npm-explore.html', 438, 420 ]
4929 silly gunzTarPerm extractEntry docs/output/commands/npm-find-dupes.html
4930 silly gunzTarPerm modified mode [ 'docs/output/commands/npm-find-dupes.html', 438, 420 ]
4931 silly gunzTarPerm extractEntry docs/output/commands/npm-fund.html
4932 silly gunzTarPerm modified mode [ 'docs/output/commands/npm-fund.html', 438, 420 ]
4933 silly gunzTarPerm extractEntry docs/output/commands/npm-help-search.html
4934 silly gunzTarPerm modified mode [ 'docs/output/commands/npm-help-search.html', 438, 420 ]
4935 silly gunzTarPerm extractEntry docs/output/commands/npm-help.html
4936 silly gunzTarPerm modified mode [ 'docs/output/commands/npm-help.html', 438, 420 ]
4937 silly gunzTarPerm extractEntry docs/output/commands/npm-init.html
4938 silly gunzTarPerm modified mode [ 'docs/output/commands/npm-init.html', 438, 420 ]
4939 silly gunzTarPerm extractEntry docs/output/commands/npm-install-ci-test.html
4940 silly gunzTarPerm modified mode [ 'docs/output/commands/npm-install-ci-test.html', 438, 420 ]
4941 silly gunzTarPerm extractEntry docs/output/commands/npm-install-test.html
4942 silly gunzTarPerm modified mode [ 'docs/output/commands/npm-install-test.html', 438, 420 ]
4943 silly gunzTarPerm extractEntry docs/output/commands/npm-install.html
4944 silly gunzTarPerm modified mode [ 'docs/output/commands/npm-install.html', 438, 420 ]
4945 silly gunzTarPerm extractEntry docs/output/commands/npm-link.html
4946 silly gunzTarPerm modified mode [ 'docs/output/commands/npm-link.html', 438, 420 ]
4947 silly gunzTarPerm extractEntry docs/output/commands/npm-login.html
4948 silly gunzTarPerm modified mode [ 'docs/output/commands/npm-login.html', 438, 420 ]
4949 silly gunzTarPerm extractEntry docs/output/commands/npm-logout.html
4950 silly gunzTarPerm modified mode [ 'docs/output/commands/npm-logout.html', 438, 420 ]
4951 silly gunzTarPerm extractEntry docs/output/commands/npm-ls.html
4952 silly gunzTarPerm modified mode [ 'docs/output/commands/npm-ls.html', 438, 420 ]
4953 silly gunzTarPerm extractEntry docs/output/commands/npm-org.html
4954 silly gunzTarPerm modified mode [ 'docs/output/commands/npm-org.html', 438, 420 ]
4955 silly gunzTarPerm extractEntry docs/output/commands/npm-outdated.html
4956 silly gunzTarPerm modified mode [ 'docs/output/commands/npm-outdated.html', 438, 420 ]
4957 silly gunzTarPerm extractEntry docs/output/commands/npm-owner.html
4958 silly gunzTarPerm modified mode [ 'docs/output/commands/npm-owner.html', 438, 420 ]
4959 silly gunzTarPerm extractEntry docs/output/commands/npm-pack.html
4960 silly gunzTarPerm modified mode [ 'docs/output/commands/npm-pack.html', 438, 420 ]
4961 silly gunzTarPerm extractEntry docs/output/commands/npm-ping.html
4962 silly gunzTarPerm modified mode [ 'docs/output/commands/npm-ping.html', 438, 420 ]
4963 silly gunzTarPerm extractEntry docs/output/commands/npm-pkg.html
4964 silly gunzTarPerm modified mode [ 'docs/output/commands/npm-pkg.html', 438, 420 ]
4965 silly gunzTarPerm extractEntry docs/output/commands/npm-prefix.html
4966 silly gunzTarPerm modified mode [ 'docs/output/commands/npm-prefix.html', 438, 420 ]
4967 silly gunzTarPerm extractEntry docs/output/commands/npm-profile.html
4968 silly gunzTarPerm modified mode [ 'docs/output/commands/npm-profile.html', 438, 420 ]
4969 silly gunzTarPerm extractEntry docs/output/commands/npm-prune.html
4970 silly gunzTarPerm modified mode [ 'docs/output/commands/npm-prune.html', 438, 420 ]
4971 silly gunzTarPerm extractEntry docs/output/commands/npm-publish.html
4972 silly gunzTarPerm modified mode [ 'docs/output/commands/npm-publish.html', 438, 420 ]
4973 silly gunzTarPerm extractEntry docs/output/commands/npm-query.html
4974 silly gunzTarPerm modified mode [ 'docs/output/commands/npm-query.html', 438, 420 ]
4975 silly gunzTarPerm extractEntry docs/output/commands/npm-rebuild.html
4976 silly gunzTarPerm modified mode [ 'docs/output/commands/npm-rebuild.html', 438, 420 ]
4977 silly gunzTarPerm extractEntry docs/output/commands/npm-repo.html
4978 silly gunzTarPerm modified mode [ 'docs/output/commands/npm-repo.html', 438, 420 ]
4979 silly gunzTarPerm extractEntry docs/output/commands/npm-restart.html
4980 silly gunzTarPerm modified mode [ 'docs/output/commands/npm-restart.html', 438, 420 ]
4981 silly gunzTarPerm extractEntry docs/output/commands/npm-root.html
4982 silly gunzTarPerm modified mode [ 'docs/output/commands/npm-root.html', 438, 420 ]
4983 silly gunzTarPerm extractEntry docs/output/commands/npm-run-script.html
4984 silly gunzTarPerm modified mode [ 'docs/output/commands/npm-run-script.html', 438, 420 ]
4985 silly gunzTarPerm extractEntry docs/output/commands/npm-sbom.html
4986 silly gunzTarPerm modified mode [ 'docs/output/commands/npm-sbom.html', 438, 420 ]
4987 silly gunzTarPerm extractEntry docs/output/commands/npm-search.html
4988 silly gunzTarPerm modified mode [ 'docs/output/commands/npm-search.html', 438, 420 ]
4989 silly gunzTarPerm extractEntry docs/output/commands/npm-shrinkwrap.html
4990 silly gunzTarPerm modified mode [ 'docs/output/commands/npm-shrinkwrap.html', 438, 420 ]
4991 silly gunzTarPerm extractEntry docs/output/commands/npm-star.html
4992 silly gunzTarPerm modified mode [ 'docs/output/commands/npm-star.html', 438, 420 ]
4993 silly gunzTarPerm extractEntry docs/output/commands/npm-stars.html
4994 silly gunzTarPerm modified mode [ 'docs/output/commands/npm-stars.html', 438, 420 ]
4995 silly gunzTarPerm extractEntry docs/output/commands/npm-start.html
4996 silly gunzTarPerm modified mode [ 'docs/output/commands/npm-start.html', 438, 420 ]
4997 silly gunzTarPerm extractEntry docs/output/commands/npm-stop.html
4998 silly gunzTarPerm modified mode [ 'docs/output/commands/npm-stop.html', 438, 420 ]
4999 silly gunzTarPerm extractEntry docs/output/commands/npm-team.html
5000 silly gunzTarPerm modified mode [ 'docs/output/commands/npm-team.html', 438, 420 ]
5001 silly gunzTarPerm extractEntry docs/output/commands/npm-test.html
5002 silly gunzTarPerm modified mode [ 'docs/output/commands/npm-test.html', 438, 420 ]
5003 silly gunzTarPerm extractEntry docs/output/commands/npm-token.html
5004 silly gunzTarPerm modified mode [ 'docs/output/commands/npm-token.html', 438, 420 ]
5005 silly gunzTarPerm extractEntry docs/output/commands/npm-undeprecate.html
5006 silly gunzTarPerm modified mode [ 'docs/output/commands/npm-undeprecate.html', 438, 420 ]
5007 silly gunzTarPerm extractEntry docs/output/commands/npm-uninstall.html
5008 silly gunzTarPerm modified mode [ 'docs/output/commands/npm-uninstall.html', 438, 420 ]
5009 silly gunzTarPerm extractEntry docs/output/commands/npm-unpublish.html
5010 silly gunzTarPerm modified mode [ 'docs/output/commands/npm-unpublish.html', 438, 420 ]
5011 silly gunzTarPerm extractEntry docs/output/commands/npm-unstar.html
5012 silly gunzTarPerm modified mode [ 'docs/output/commands/npm-unstar.html', 438, 420 ]
5013 silly gunzTarPerm extractEntry docs/output/commands/npm-update.html
5014 silly gunzTarPerm modified mode [ 'docs/output/commands/npm-update.html', 438, 420 ]
5015 silly gunzTarPerm extractEntry docs/output/commands/npm-version.html
5016 silly gunzTarPerm modified mode [ 'docs/output/commands/npm-version.html', 438, 420 ]
5017 silly gunzTarPerm extractEntry docs/output/commands/npm-view.html
5018 silly gunzTarPerm modified mode [ 'docs/output/commands/npm-view.html', 438, 420 ]
5019 silly gunzTarPerm extractEntry docs/output/commands/npm-whoami.html
5020 silly gunzTarPerm modified mode [ 'docs/output/commands/npm-whoami.html', 438, 420 ]
5021 silly gunzTarPerm extractEntry docs/output/commands/npm.html
5022 silly gunzTarPerm modified mode [ 'docs/output/commands/npm.html', 438, 420 ]
5023 silly gunzTarPerm extractEntry docs/output/commands/npx.html
5024 silly gunzTarPerm modified mode [ 'docs/output/commands/npx.html', 438, 420 ]
5025 silly gunzTarPerm extractEntry docs/output/configuring-npm/folders.html
5026 silly gunzTarPerm modified mode [ 'docs/output/configuring-npm/folders.html', 438, 420 ]
5027 silly gunzTarPerm extractEntry docs/output/configuring-npm/install.html
5028 silly gunzTarPerm modified mode [ 'docs/output/configuring-npm/install.html', 438, 420 ]
5029 silly gunzTarPerm extractEntry docs/output/configuring-npm/npm-global.html
5030 silly gunzTarPerm modified mode [ 'docs/output/configuring-npm/npm-global.html', 438, 420 ]
5031 silly gunzTarPerm extractEntry docs/output/configuring-npm/npm-json.html
5032 silly gunzTarPerm modified mode [ 'docs/output/configuring-npm/npm-json.html', 438, 420 ]
5033 silly gunzTarPerm extractEntry docs/output/configuring-npm/npm-shrinkwrap-json.html
5034 silly gunzTarPerm modified mode [ 'docs/output/configuring-npm/npm-shrinkwrap-json.html', 438, 420 ]
5035 silly gunzTarPerm extractEntry docs/output/configuring-npm/npmrc.html
5036 silly gunzTarPerm modified mode [ 'docs/output/configuring-npm/npmrc.html', 438, 420 ]
5037 silly gunzTarPerm extractEntry docs/output/configuring-npm/package-json.html
5038 silly gunzTarPerm modified mode [ 'docs/output/configuring-npm/package-json.html', 438, 420 ]
5039 silly gunzTarPerm extractEntry docs/output/configuring-npm/package-lock-json.html
5040 silly gunzTarPerm modified mode [ 'docs/output/configuring-npm/package-lock-json.html', 438, 420 ]
5041 silly gunzTarPerm extractEntry docs/output/using-npm/config.html
5042 silly gunzTarPerm modified mode [ 'docs/output/using-npm/config.html', 438, 420 ]
5043 silly gunzTarPerm extractEntry docs/output/using-npm/dependency-selectors.html
5044 silly gunzTarPerm modified mode [ 'docs/output/using-npm/dependency-selectors.html', 438, 420 ]
5045 silly gunzTarPerm extractEntry docs/output/using-npm/developers.html
5046 silly gunzTarPerm modified mode [ 'docs/output/using-npm/developers.html', 438, 420 ]
5047 silly gunzTarPerm extractEntry docs/output/using-npm/logging.html
5048 silly gunzTarPerm modified mode [ 'docs/output/using-npm/logging.html', 438, 420 ]
5049 silly gunzTarPerm extractEntry docs/output/using-npm/orgs.html
5050 silly gunzTarPerm modified mode [ 'docs/output/using-npm/orgs.html', 438, 420 ]
5051 silly gunzTarPerm extractEntry docs/output/using-npm/package-spec.html
5052 silly gunzTarPerm modified mode [ 'docs/output/using-npm/package-spec.html', 438, 420 ]
5053 silly gunzTarPerm extractEntry docs/output/using-npm/registry.html
5054 silly gunzTarPerm modified mode [ 'docs/output/using-npm/registry.html', 438, 420 ]
5055 silly gunzTarPerm extractEntry docs/output/using-npm/removal.html
5056 silly gunzTarPerm modified mode [ 'docs/output/using-npm/removal.html', 438, 420 ]
5057 silly gunzTarPerm extractEntry docs/output/using-npm/scope.html
5058 silly gunzTarPerm modified mode [ 'docs/output/using-npm/scope.html', 438, 420 ]
5059 silly gunzTarPerm extractEntry docs/output/using-npm/scripts.html
5060 silly gunzTarPerm modified mode [ 'docs/output/using-npm/scripts.html', 438, 420 ]
5061 silly gunzTarPerm extractEntry docs/output/using-npm/workspaces.html
5062 silly gunzTarPerm modified mode [ 'docs/output/using-npm/workspaces.html', 438, 420 ]
5063 silly gunzTarPerm extractEntry lib/package-url-cmd.js
5064 silly gunzTarPerm modified mode [ 'lib/package-url-cmd.js', 438, 420 ]
5065 silly gunzTarPerm extractEntry lib/npm.js
5066 silly gunzTarPerm modified mode [ 'lib/npm.js', 438, 420 ]
5067 silly gunzTarPerm extractEntry lib/lifecycle-cmd.js
5068 silly gunzTarPerm modified mode [ 'lib/lifecycle-cmd.js', 438, 420 ]
5069 silly gunzTarPerm extractEntry lib/cli.js
5070 silly gunzTarPerm modified mode [ 'lib/cli.js', 438, 420 ]
5071 silly gunzTarPerm extractEntry lib/base-cmd.js
5072 silly gunzTarPerm modified mode [ 'lib/base-cmd.js', 438, 420 ]
5073 silly gunzTarPerm extractEntry lib/arborist-cmd.js
5074 silly gunzTarPerm modified mode [ 'lib/arborist-cmd.js', 438, 420 ]
5075 silly gunzTarPerm extractEntry lib/cli/validate-engines.js
5076 silly gunzTarPerm modified mode [ 'lib/cli/validate-engines.js', 438, 420 ]
5077 silly gunzTarPerm extractEntry lib/cli/update-notifier.js
5078 silly gunzTarPerm modified mode [ 'lib/cli/update-notifier.js', 438, 420 ]
5079 silly gunzTarPerm extractEntry lib/cli/exit-handler.js
5080 silly gunzTarPerm modified mode [ 'lib/cli/exit-handler.js', 438, 420 ]
5081 silly gunzTarPerm extractEntry lib/cli/entry.js
5082 silly gunzTarPerm modified mode [ 'lib/cli/entry.js', 438, 420 ]
5083 silly gunzTarPerm extractEntry lib/commands/whoami.js
5084 silly gunzTarPerm modified mode [ 'lib/commands/whoami.js', 438, 420 ]
5085 silly gunzTarPerm extractEntry lib/commands/view.js
5086 silly gunzTarPerm modified mode [ 'lib/commands/view.js', 438, 420 ]
5087 silly gunzTarPerm extractEntry lib/commands/version.js
5088 silly gunzTarPerm modified mode [ 'lib/commands/version.js', 438, 420 ]
5089 silly gunzTarPerm extractEntry lib/commands/update.js
5090 silly gunzTarPerm modified mode [ 'lib/commands/update.js', 438, 420 ]
5091 silly gunzTarPerm extractEntry lib/commands/unstar.js
5092 silly gunzTarPerm modified mode [ 'lib/commands/unstar.js', 438, 420 ]
5093 silly gunzTarPerm extractEntry lib/commands/unpublish.js
5094 silly gunzTarPerm modified mode [ 'lib/commands/unpublish.js', 438, 420 ]
5095 silly gunzTarPerm extractEntry lib/commands/uninstall.js
5096 silly gunzTarPerm modified mode [ 'lib/commands/uninstall.js', 438, 420 ]
5097 silly gunzTarPerm extractEntry lib/commands/undeprecate.js
5098 silly gunzTarPerm modified mode [ 'lib/commands/undeprecate.js', 438, 420 ]
5099 silly gunzTarPerm extractEntry lib/commands/token.js
5100 silly gunzTarPerm modified mode [ 'lib/commands/token.js', 438, 420 ]
5101 silly gunzTarPerm extractEntry lib/commands/test.js
5102 silly gunzTarPerm modified mode [ 'lib/commands/test.js', 438, 420 ]
5103 silly gunzTarPerm extractEntry lib/commands/team.js
5104 silly gunzTarPerm modified mode [ 'lib/commands/team.js', 438, 420 ]
5105 silly gunzTarPerm extractEntry lib/commands/stop.js
5106 silly gunzTarPerm modified mode [ 'lib/commands/stop.js', 438, 420 ]
5107 silly gunzTarPerm extractEntry lib/commands/start.js
5108 silly gunzTarPerm modified mode [ 'lib/commands/start.js', 438, 420 ]
5109 silly gunzTarPerm extractEntry lib/commands/stars.js
5110 silly gunzTarPerm modified mode [ 'lib/commands/stars.js', 438, 420 ]
5111 silly gunzTarPerm extractEntry lib/commands/star.js
5112 silly gunzTarPerm modified mode [ 'lib/commands/star.js', 438, 420 ]
5113 silly gunzTarPerm extractEntry lib/commands/shrinkwrap.js
5114 silly gunzTarPerm modified mode [ 'lib/commands/shrinkwrap.js', 438, 420 ]
5115 silly gunzTarPerm extractEntry lib/commands/set.js
5116 silly gunzTarPerm modified mode [ 'lib/commands/set.js', 438, 420 ]
5117 silly gunzTarPerm extractEntry lib/commands/search.js
5118 silly gunzTarPerm modified mode [ 'lib/commands/search.js', 438, 420 ]
5119 silly gunzTarPerm extractEntry lib/commands/sbom.js
5120 silly gunzTarPerm modified mode [ 'lib/commands/sbom.js', 438, 420 ]
5121 silly gunzTarPerm extractEntry lib/commands/run-script.js
5122 silly gunzTarPerm modified mode [ 'lib/commands/run-script.js', 438, 420 ]
5123 silly gunzTarPerm extractEntry lib/commands/root.js
5124 silly gunzTarPerm modified mode [ 'lib/commands/root.js', 438, 420 ]
5125 silly gunzTarPerm extractEntry lib/commands/restart.js
5126 silly gunzTarPerm modified mode [ 'lib/commands/restart.js', 438, 420 ]
5127 silly gunzTarPerm extractEntry lib/commands/repo.js
5128 silly gunzTarPerm modified mode [ 'lib/commands/repo.js', 438, 420 ]
5129 silly gunzTarPerm extractEntry lib/commands/rebuild.js
5130 silly gunzTarPerm modified mode [ 'lib/commands/rebuild.js', 438, 420 ]
5131 silly gunzTarPerm extractEntry lib/commands/query.js
5132 silly gunzTarPerm modified mode [ 'lib/commands/query.js', 438, 420 ]
5133 silly gunzTarPerm extractEntry lib/commands/publish.js
5134 silly gunzTarPerm modified mode [ 'lib/commands/publish.js', 438, 420 ]
5135 silly gunzTarPerm extractEntry lib/commands/prune.js
5136 silly gunzTarPerm modified mode [ 'lib/commands/prune.js', 438, 420 ]
5137 silly gunzTarPerm extractEntry lib/commands/profile.js
5138 silly gunzTarPerm modified mode [ 'lib/commands/profile.js', 438, 420 ]
5139 silly gunzTarPerm extractEntry lib/commands/prefix.js
5140 silly gunzTarPerm modified mode [ 'lib/commands/prefix.js', 438, 420 ]
5141 silly gunzTarPerm extractEntry lib/commands/pkg.js
5142 silly gunzTarPerm modified mode [ 'lib/commands/pkg.js', 438, 420 ]
5143 silly gunzTarPerm extractEntry lib/commands/ping.js
5144 silly gunzTarPerm modified mode [ 'lib/commands/ping.js', 438, 420 ]
5145 silly gunzTarPerm extractEntry lib/commands/pack.js
5146 silly gunzTarPerm modified mode [ 'lib/commands/pack.js', 438, 420 ]
5147 silly gunzTarPerm extractEntry lib/commands/owner.js
5148 silly gunzTarPerm modified mode [ 'lib/commands/owner.js', 438, 420 ]
5149 silly gunzTarPerm extractEntry lib/commands/outdated.js
5150 silly gunzTarPerm modified mode [ 'lib/commands/outdated.js', 438, 420 ]
5151 silly gunzTarPerm extractEntry lib/commands/org.js
5152 silly gunzTarPerm modified mode [ 'lib/commands/org.js', 438, 420 ]
5153 silly gunzTarPerm extractEntry lib/commands/ls.js
5154 silly gunzTarPerm modified mode [ 'lib/commands/ls.js', 438, 420 ]
5155 silly gunzTarPerm extractEntry lib/commands/logout.js
5156 silly gunzTarPerm modified mode [ 'lib/commands/logout.js', 438, 420 ]
5157 silly gunzTarPerm extractEntry lib/commands/login.js
5158 silly gunzTarPerm modified mode [ 'lib/commands/login.js', 438, 420 ]
5159 silly gunzTarPerm extractEntry lib/commands/ll.js
5160 silly gunzTarPerm modified mode [ 'lib/commands/ll.js', 438, 420 ]
5161 silly gunzTarPerm extractEntry lib/commands/link.js
5162 silly gunzTarPerm modified mode [ 'lib/commands/link.js', 438, 420 ]
5163 silly gunzTarPerm extractEntry lib/commands/install.js
5164 silly gunzTarPerm modified mode [ 'lib/commands/install.js', 438, 420 ]
5165 silly gunzTarPerm extractEntry lib/commands/install-test.js
5166 silly gunzTarPerm modified mode [ 'lib/commands/install-test.js', 438, 420 ]
5167 silly gunzTarPerm extractEntry lib/commands/install-ci-test.js
5168 silly gunzTarPerm modified mode [ 'lib/commands/install-ci-test.js', 438, 420 ]
5169 silly gunzTarPerm extractEntry lib/commands/init.js
5170 silly gunzTarPerm modified mode [ 'lib/commands/init.js', 438, 420 ]
5171 silly gunzTarPerm extractEntry lib/commands/help.js
5172 silly gunzTarPerm modified mode [ 'lib/commands/help.js', 438, 420 ]
5173 silly gunzTarPerm extractEntry lib/commands/help-search.js
5174 silly gunzTarPerm modified mode [ 'lib/commands/help-search.js', 438, 420 ]
5175 silly gunzTarPerm extractEntry lib/commands/get.js
5176 silly gunzTarPerm modified mode [ 'lib/commands/get.js', 438, 420 ]
5177 silly gunzTarPerm extractEntry lib/commands/fund.js
5178 silly gunzTarPerm modified mode [ 'lib/commands/fund.js', 438, 420 ]
5179 silly gunzTarPerm extractEntry lib/commands/find-dupes.js
5180 silly gunzTarPerm modified mode [ 'lib/commands/find-dupes.js', 438, 420 ]
5181 silly gunzTarPerm extractEntry lib/commands/explore.js
5182 silly gunzTarPerm modified mode [ 'lib/commands/explore.js', 438, 420 ]
5183 silly gunzTarPerm extractEntry lib/commands/explain.js
5184 silly gunzTarPerm modified mode [ 'lib/commands/explain.js', 438, 420 ]
5185 silly gunzTarPerm extractEntry lib/commands/exec.js
5186 silly gunzTarPerm modified mode [ 'lib/commands/exec.js', 438, 420 ]
5187 silly gunzTarPerm extractEntry lib/commands/edit.js
5188 silly gunzTarPerm modified mode [ 'lib/commands/edit.js', 438, 420 ]
5189 silly gunzTarPerm extractEntry lib/commands/doctor.js
5190 silly gunzTarPerm modified mode [ 'lib/commands/doctor.js', 438, 420 ]
5191 silly gunzTarPerm extractEntry lib/commands/docs.js
5192 silly gunzTarPerm modified mode [ 'lib/commands/docs.js', 438, 420 ]
5193 silly gunzTarPerm extractEntry lib/commands/dist-tag.js
5194 silly gunzTarPerm modified mode [ 'lib/commands/dist-tag.js', 438, 420 ]
5195 silly gunzTarPerm extractEntry lib/commands/diff.js
5196 silly gunzTarPerm modified mode [ 'lib/commands/diff.js', 438, 420 ]
5197 silly gunzTarPerm extractEntry lib/commands/deprecate.js
5198 silly gunzTarPerm modified mode [ 'lib/commands/deprecate.js', 438, 420 ]
5199 silly gunzTarPerm extractEntry lib/commands/dedupe.js
5200 silly gunzTarPerm modified mode [ 'lib/commands/dedupe.js', 438, 420 ]
5201 silly gunzTarPerm extractEntry lib/commands/config.js
5202 silly gunzTarPerm modified mode [ 'lib/commands/config.js', 438, 420 ]
5203 silly gunzTarPerm extractEntry lib/commands/completion.js
5204 silly gunzTarPerm modified mode [ 'lib/commands/completion.js', 438, 420 ]
5205 silly gunzTarPerm extractEntry lib/commands/ci.js
5206 silly gunzTarPerm modified mode [ 'lib/commands/ci.js', 438, 420 ]
5207 silly gunzTarPerm extractEntry lib/commands/cache.js
5208 silly gunzTarPerm modified mode [ 'lib/commands/cache.js', 438, 420 ]
5209 silly gunzTarPerm extractEntry lib/commands/bugs.js
5210 silly gunzTarPerm modified mode [ 'lib/commands/bugs.js', 438, 420 ]
5211 silly gunzTarPerm extractEntry lib/commands/audit.js
5212 silly gunzTarPerm modified mode [ 'lib/commands/audit.js', 438, 420 ]
5213 silly gunzTarPerm extractEntry lib/commands/adduser.js
5214 silly gunzTarPerm modified mode [ 'lib/commands/adduser.js', 438, 420 ]
5215 silly gunzTarPerm extractEntry lib/commands/access.js
5216 silly gunzTarPerm modified mode [ 'lib/commands/access.js', 438, 420 ]
5217 silly gunzTarPerm extractEntry lib/utils/verify-signatures.js
5218 silly gunzTarPerm modified mode [ 'lib/utils/verify-signatures.js', 438, 420 ]
5219 silly gunzTarPerm extractEntry lib/utils/validate-lockfile.js
5220 silly gunzTarPerm modified mode [ 'lib/utils/validate-lockfile.js', 438, 420 ]
5221 silly gunzTarPerm extractEntry lib/utils/update-workspaces.js
5222 silly gunzTarPerm modified mode [ 'lib/utils/update-workspaces.js', 438, 420 ]
5223 silly gunzTarPerm extractEntry lib/utils/timers.js
5224 silly gunzTarPerm modified mode [ 'lib/utils/timers.js', 438, 420 ]
5225 silly gunzTarPerm extractEntry lib/utils/tar.js
5226 silly gunzTarPerm modified mode [ 'lib/utils/tar.js', 438, 420 ]
5227 silly gunzTarPerm extractEntry lib/utils/sbom-spdx.js
5228 silly gunzTarPerm modified mode [ 'lib/utils/sbom-spdx.js', 438, 420 ]
5229 silly gunzTarPerm extractEntry lib/utils/sbom-cyclonedx.js
5230 silly gunzTarPerm modified mode [ 'lib/utils/sbom-cyclonedx.js', 438, 420 ]
5231 silly gunzTarPerm extractEntry lib/utils/reify-output.js
5232 silly gunzTarPerm modified mode [ 'lib/utils/reify-output.js', 438, 420 ]
5233 silly gunzTarPerm extractEntry lib/utils/reify-finish.js
5234 silly gunzTarPerm modified mode [ 'lib/utils/reify-finish.js', 438, 420 ]
5235 silly gunzTarPerm extractEntry lib/utils/read-user-info.js
5236 silly gunzTarPerm modified mode [ 'lib/utils/read-user-info.js', 438, 420 ]
5237 silly gunzTarPerm extractEntry lib/utils/queryable.js
5238 silly gunzTarPerm modified mode [ 'lib/utils/queryable.js', 438, 420 ]
5239 silly gunzTarPerm extractEntry lib/utils/ping.js
5240 silly gunzTarPerm modified mode [ 'lib/utils/ping.js', 438, 420 ]
5241 silly gunzTarPerm extractEntry lib/utils/output-error.js
5242 silly gunzTarPerm modified mode [ 'lib/utils/output-error.js', 438, 420 ]
5243 silly gunzTarPerm extractEntry lib/utils/open-url.js
5244 silly gunzTarPerm modified mode [ 'lib/utils/open-url.js', 438, 420 ]
5245 silly gunzTarPerm extractEntry lib/utils/npm-usage.js
5246 silly gunzTarPerm modified mode [ 'lib/utils/npm-usage.js', 438, 420 ]
5247 silly gunzTarPerm extractEntry lib/utils/log-file.js
5248 silly gunzTarPerm modified mode [ 'lib/utils/log-file.js', 438, 420 ]
5249 silly gunzTarPerm extractEntry lib/utils/is-windows.js
5250 silly gunzTarPerm modified mode [ 'lib/utils/is-windows.js', 438, 420 ]
5251 silly gunzTarPerm extractEntry lib/utils/installed-shallow.js
5252 silly gunzTarPerm modified mode [ 'lib/utils/installed-shallow.js', 438, 420 ]
5253 silly gunzTarPerm extractEntry lib/utils/installed-deep.js
5254 silly gunzTarPerm modified mode [ 'lib/utils/installed-deep.js', 438, 420 ]
5255 silly gunzTarPerm extractEntry lib/utils/get-workspaces.js
5256 silly gunzTarPerm modified mode [ 'lib/utils/get-workspaces.js', 438, 420 ]
5257 silly gunzTarPerm extractEntry lib/utils/get-identity.js
5258 silly gunzTarPerm modified mode [ 'lib/utils/get-identity.js', 438, 420 ]
5259 silly gunzTarPerm extractEntry lib/utils/format.js
5260 silly gunzTarPerm modified mode [ 'lib/utils/format.js', 438, 420 ]
5261 silly gunzTarPerm extractEntry lib/utils/format-search-stream.js
5262 silly gunzTarPerm modified mode [ 'lib/utils/format-search-stream.js', 438, 420 ]
5263 silly gunzTarPerm extractEntry lib/utils/format-bytes.js
5264 silly gunzTarPerm modified mode [ 'lib/utils/format-bytes.js', 438, 420 ]
5265 silly gunzTarPerm extractEntry lib/utils/explain-eresolve.js
5266 silly gunzTarPerm modified mode [ 'lib/utils/explain-eresolve.js', 438, 420 ]
5267 silly gunzTarPerm extractEntry lib/utils/explain-dep.js
5268 silly gunzTarPerm modified mode [ 'lib/utils/explain-dep.js', 438, 420 ]
5269 silly gunzTarPerm extractEntry lib/utils/error-message.js
5270 silly gunzTarPerm modified mode [ 'lib/utils/error-message.js', 438, 420 ]
5271 silly gunzTarPerm extractEntry lib/utils/display.js
5272 silly gunzTarPerm modified mode [ 'lib/utils/display.js', 438, 420 ]
5273 silly gunzTarPerm extractEntry lib/utils/did-you-mean.js
5274 silly gunzTarPerm modified mode [ 'lib/utils/did-you-mean.js', 438, 420 ]
5275 silly gunzTarPerm extractEntry lib/utils/cmd-list.js
5276 silly gunzTarPerm modified mode [ 'lib/utils/cmd-list.js', 438, 420 ]
5277 silly gunzTarPerm extractEntry lib/utils/auth.js
5278 silly gunzTarPerm modified mode [ 'lib/utils/auth.js', 438, 420 ]
5279 silly gunzTarPerm extractEntry lib/utils/audit-error.js
5280 silly gunzTarPerm modified mode [ 'lib/utils/audit-error.js', 438, 420 ]
5281 silly gunzTarPerm extractEntry lib/utils/completion.fish
5282 silly gunzTarPerm modified mode [ 'lib/utils/completion.fish', 438, 420 ]
5283 silly gunzTarPerm extractEntry lib/utils/completion.sh
5284 silly gunzTarPerm modified mode [ 'lib/utils/completion.sh', 438, 420 ]
5285 silly gunzTarPerm extractEntry man/man1/npm-access.1
5286 silly gunzTarPerm modified mode [ 'man/man1/npm-access.1', 438, 420 ]
5287 silly gunzTarPerm extractEntry man/man1/npm-adduser.1
5288 silly gunzTarPerm modified mode [ 'man/man1/npm-adduser.1', 438, 420 ]
5289 silly gunzTarPerm extractEntry man/man1/npm-audit.1
5290 silly gunzTarPerm modified mode [ 'man/man1/npm-audit.1', 438, 420 ]
5291 silly gunzTarPerm extractEntry man/man1/npm-bugs.1
5292 silly gunzTarPerm modified mode [ 'man/man1/npm-bugs.1', 438, 420 ]
5293 silly gunzTarPerm extractEntry man/man1/npm-cache.1
5294 silly gunzTarPerm modified mode [ 'man/man1/npm-cache.1', 438, 420 ]
5295 silly gunzTarPerm extractEntry man/man1/npm-ci.1
5296 silly gunzTarPerm modified mode [ 'man/man1/npm-ci.1', 438, 420 ]
5297 silly gunzTarPerm extractEntry man/man1/npm-completion.1
5298 silly gunzTarPerm modified mode [ 'man/man1/npm-completion.1', 438, 420 ]
5299 silly gunzTarPerm extractEntry man/man1/npm-config.1
5300 silly gunzTarPerm modified mode [ 'man/man1/npm-config.1', 438, 420 ]
5301 silly gunzTarPerm extractEntry man/man1/npm-dedupe.1
5302 silly gunzTarPerm modified mode [ 'man/man1/npm-dedupe.1', 438, 420 ]
5303 silly gunzTarPerm extractEntry man/man1/npm-deprecate.1
5304 silly gunzTarPerm modified mode [ 'man/man1/npm-deprecate.1', 438, 420 ]
5305 silly gunzTarPerm extractEntry man/man1/npm-diff.1
5306 silly gunzTarPerm modified mode [ 'man/man1/npm-diff.1', 438, 420 ]
5307 silly gunzTarPerm extractEntry man/man1/npm-dist-tag.1
5308 silly gunzTarPerm modified mode [ 'man/man1/npm-dist-tag.1', 438, 420 ]
5309 silly gunzTarPerm extractEntry man/man1/npm-docs.1
5310 silly gunzTarPerm modified mode [ 'man/man1/npm-docs.1', 438, 420 ]
5311 silly gunzTarPerm extractEntry man/man1/npm-doctor.1
5312 silly gunzTarPerm modified mode [ 'man/man1/npm-doctor.1', 438, 420 ]
5313 silly gunzTarPerm extractEntry man/man1/npm-edit.1
5314 silly gunzTarPerm modified mode [ 'man/man1/npm-edit.1', 438, 420 ]
5315 silly gunzTarPerm extractEntry man/man1/npm-exec.1
5316 silly gunzTarPerm modified mode [ 'man/man1/npm-exec.1', 438, 420 ]
5317 silly gunzTarPerm extractEntry man/man1/npm-explain.1
5318 silly gunzTarPerm modified mode [ 'man/man1/npm-explain.1', 438, 420 ]
5319 silly gunzTarPerm extractEntry man/man1/npm-explore.1
5320 silly gunzTarPerm modified mode [ 'man/man1/npm-explore.1', 438, 420 ]
5321 silly gunzTarPerm extractEntry man/man1/npm-find-dupes.1
5322 silly gunzTarPerm modified mode [ 'man/man1/npm-find-dupes.1', 438, 420 ]
5323 silly gunzTarPerm extractEntry man/man1/npm-fund.1
5324 silly gunzTarPerm modified mode [ 'man/man1/npm-fund.1', 438, 420 ]
5325 silly gunzTarPerm extractEntry man/man1/npm-help-search.1
5326 silly gunzTarPerm modified mode [ 'man/man1/npm-help-search.1', 438, 420 ]
5327 silly gunzTarPerm extractEntry man/man1/npm-help.1
5328 silly gunzTarPerm modified mode [ 'man/man1/npm-help.1', 438, 420 ]
5329 silly gunzTarPerm extractEntry man/man1/npm-init.1
5330 silly gunzTarPerm modified mode [ 'man/man1/npm-init.1', 438, 420 ]
5331 silly gunzTarPerm extractEntry man/man1/npm-install-ci-test.1
5332 silly gunzTarPerm modified mode [ 'man/man1/npm-install-ci-test.1', 438, 420 ]
5333 silly gunzTarPerm extractEntry man/man1/npm-install-test.1
5334 silly gunzTarPerm modified mode [ 'man/man1/npm-install-test.1', 438, 420 ]
5335 silly gunzTarPerm extractEntry man/man1/npm-install.1
5336 silly gunzTarPerm modified mode [ 'man/man1/npm-install.1', 438, 420 ]
5337 silly gunzTarPerm extractEntry man/man1/npm-link.1
5338 silly gunzTarPerm modified mode [ 'man/man1/npm-link.1', 438, 420 ]
5339 silly gunzTarPerm extractEntry man/man1/npm-login.1
5340 silly gunzTarPerm modified mode [ 'man/man1/npm-login.1', 438, 420 ]
5341 silly gunzTarPerm extractEntry man/man1/npm-logout.1
5342 silly gunzTarPerm modified mode [ 'man/man1/npm-logout.1', 438, 420 ]
5343 silly gunzTarPerm extractEntry man/man1/npm-ls.1
5344 silly gunzTarPerm modified mode [ 'man/man1/npm-ls.1', 438, 420 ]
5345 silly gunzTarPerm extractEntry man/man1/npm-org.1
5346 silly gunzTarPerm modified mode [ 'man/man1/npm-org.1', 438, 420 ]
5347 silly gunzTarPerm extractEntry man/man1/npm-outdated.1
5348 silly gunzTarPerm modified mode [ 'man/man1/npm-outdated.1', 438, 420 ]
5349 silly gunzTarPerm extractEntry man/man1/npm-owner.1
5350 silly gunzTarPerm modified mode [ 'man/man1/npm-owner.1', 438, 420 ]
5351 silly gunzTarPerm extractEntry man/man1/npm-pack.1
5352 silly gunzTarPerm modified mode [ 'man/man1/npm-pack.1', 438, 420 ]
5353 silly gunzTarPerm extractEntry man/man1/npm-ping.1
5354 silly gunzTarPerm modified mode [ 'man/man1/npm-ping.1', 438, 420 ]
5355 silly gunzTarPerm extractEntry man/man1/npm-pkg.1
5356 silly gunzTarPerm modified mode [ 'man/man1/npm-pkg.1', 438, 420 ]
5357 silly gunzTarPerm extractEntry man/man1/npm-prefix.1
5358 silly gunzTarPerm modified mode [ 'man/man1/npm-prefix.1', 438, 420 ]
5359 silly gunzTarPerm extractEntry man/man1/npm-profile.1
5360 silly gunzTarPerm modified mode [ 'man/man1/npm-profile.1', 438, 420 ]
5361 silly gunzTarPerm extractEntry man/man1/npm-prune.1
5362 silly gunzTarPerm modified mode [ 'man/man1/npm-prune.1', 438, 420 ]
5363 silly gunzTarPerm extractEntry man/man1/npm-publish.1
5364 silly gunzTarPerm modified mode [ 'man/man1/npm-publish.1', 438, 420 ]
5365 silly gunzTarPerm extractEntry man/man1/npm-query.1
5366 silly gunzTarPerm modified mode [ 'man/man1/npm-query.1', 438, 420 ]
5367 silly gunzTarPerm extractEntry man/man1/npm-rebuild.1
5368 silly gunzTarPerm modified mode [ 'man/man1/npm-rebuild.1', 438, 420 ]
5369 silly gunzTarPerm extractEntry man/man1/npm-repo.1
5370 silly gunzTarPerm modified mode [ 'man/man1/npm-repo.1', 438, 420 ]
5371 silly gunzTarPerm extractEntry man/man1/npm-restart.1
5372 silly gunzTarPerm modified mode [ 'man/man1/npm-restart.1', 438, 420 ]
5373 silly gunzTarPerm extractEntry man/man1/npm-root.1
5374 silly gunzTarPerm modified mode [ 'man/man1/npm-root.1', 438, 420 ]
5375 silly gunzTarPerm extractEntry man/man1/npm-run-script.1
5376 silly gunzTarPerm modified mode [ 'man/man1/npm-run-script.1', 438, 420 ]
5377 silly gunzTarPerm extractEntry man/man1/npm-sbom.1
5378 silly gunzTarPerm modified mode [ 'man/man1/npm-sbom.1', 438, 420 ]
5379 silly gunzTarPerm extractEntry man/man1/npm-search.1
5380 silly gunzTarPerm modified mode [ 'man/man1/npm-search.1', 438, 420 ]
5381 silly gunzTarPerm extractEntry man/man1/npm-shrinkwrap.1
5382 silly gunzTarPerm modified mode [ 'man/man1/npm-shrinkwrap.1', 438, 420 ]
5383 silly gunzTarPerm extractEntry man/man1/npm-star.1
5384 silly gunzTarPerm modified mode [ 'man/man1/npm-star.1', 438, 420 ]
5385 silly gunzTarPerm extractEntry man/man1/npm-stars.1
5386 silly gunzTarPerm modified mode [ 'man/man1/npm-stars.1', 438, 420 ]
5387 silly gunzTarPerm extractEntry man/man1/npm-start.1
5388 silly gunzTarPerm modified mode [ 'man/man1/npm-start.1', 438, 420 ]
5389 silly gunzTarPerm extractEntry man/man1/npm-stop.1
5390 silly gunzTarPerm modified mode [ 'man/man1/npm-stop.1', 438, 420 ]
5391 silly gunzTarPerm extractEntry man/man1/npm-team.1
5392 silly gunzTarPerm modified mode [ 'man/man1/npm-team.1', 438, 420 ]
5393 silly gunzTarPerm extractEntry man/man1/npm-test.1
5394 silly gunzTarPerm modified mode [ 'man/man1/npm-test.1', 438, 420 ]
5395 silly gunzTarPerm extractEntry man/man1/npm-token.1
5396 silly gunzTarPerm modified mode [ 'man/man1/npm-token.1', 438, 420 ]
5397 silly gunzTarPerm extractEntry man/man1/npm-undeprecate.1
5398 silly gunzTarPerm modified mode [ 'man/man1/npm-undeprecate.1', 438, 420 ]
5399 silly gunzTarPerm extractEntry man/man1/npm-uninstall.1
5400 silly gunzTarPerm modified mode [ 'man/man1/npm-uninstall.1', 438, 420 ]
5401 silly gunzTarPerm extractEntry man/man1/npm-unpublish.1
5402 silly gunzTarPerm modified mode [ 'man/man1/npm-unpublish.1', 438, 420 ]
5403 silly gunzTarPerm extractEntry man/man1/npm-unstar.1
5404 silly gunzTarPerm modified mode [ 'man/man1/npm-unstar.1', 438, 420 ]
5405 silly gunzTarPerm extractEntry man/man1/npm-update.1
5406 silly gunzTarPerm modified mode [ 'man/man1/npm-update.1', 438, 420 ]
5407 silly gunzTarPerm extractEntry man/man1/npm-version.1
5408 silly gunzTarPerm modified mode [ 'man/man1/npm-version.1', 438, 420 ]
5409 silly gunzTarPerm extractEntry man/man1/npm-view.1
5410 silly gunzTarPerm modified mode [ 'man/man1/npm-view.1', 438, 420 ]
5411 silly gunzTarPerm extractEntry man/man1/npm-whoami.1
5412 silly gunzTarPerm modified mode [ 'man/man1/npm-whoami.1', 438, 420 ]
5413 silly gunzTarPerm extractEntry man/man1/npm.1
5414 silly gunzTarPerm modified mode [ 'man/man1/npm.1', 438, 420 ]
5415 silly gunzTarPerm extractEntry man/man1/npx.1
5416 silly gunzTarPerm modified mode [ 'man/man1/npx.1', 438, 420 ]
5417 silly gunzTarPerm extractEntry man/man5/folders.5
5418 silly gunzTarPerm modified mode [ 'man/man5/folders.5', 438, 420 ]
5419 silly gunzTarPerm extractEntry man/man5/install.5
5420 silly gunzTarPerm modified mode [ 'man/man5/install.5', 438, 420 ]
5421 silly gunzTarPerm extractEntry man/man5/npm-global.5
5422 silly gunzTarPerm modified mode [ 'man/man5/npm-global.5', 438, 420 ]
5423 silly gunzTarPerm extractEntry man/man5/npm-json.5
5424 silly gunzTarPerm modified mode [ 'man/man5/npm-json.5', 438, 420 ]
5425 silly gunzTarPerm extractEntry man/man5/npm-shrinkwrap-json.5
5426 silly gunzTarPerm modified mode [ 'man/man5/npm-shrinkwrap-json.5', 438, 420 ]
5427 silly gunzTarPerm extractEntry man/man5/npmrc.5
5428 silly gunzTarPerm modified mode [ 'man/man5/npmrc.5', 438, 420 ]
5429 silly gunzTarPerm extractEntry man/man5/package-json.5
5430 silly gunzTarPerm modified mode [ 'man/man5/package-json.5', 438, 420 ]
5431 silly gunzTarPerm extractEntry man/man5/package-lock-json.5
5432 silly gunzTarPerm modified mode [ 'man/man5/package-lock-json.5', 438, 420 ]
5433 silly gunzTarPerm extractEntry man/man7/config.7
5434 silly gunzTarPerm modified mode [ 'man/man7/config.7', 438, 420 ]
5435 silly gunzTarPerm extractEntry man/man7/dependency-selectors.7
5436 silly gunzTarPerm modified mode [ 'man/man7/dependency-selectors.7', 438, 420 ]
5437 silly gunzTarPerm extractEntry man/man7/developers.7
5438 silly gunzTarPerm modified mode [ 'man/man7/developers.7', 438, 420 ]
5439 silly gunzTarPerm extractEntry man/man7/logging.7
5440 silly gunzTarPerm modified mode [ 'man/man7/logging.7', 438, 420 ]
5441 silly gunzTarPerm extractEntry man/man7/orgs.7
5442 silly gunzTarPerm modified mode [ 'man/man7/orgs.7', 438, 420 ]
5443 silly gunzTarPerm extractEntry man/man7/package-spec.7
5444 silly gunzTarPerm modified mode [ 'man/man7/package-spec.7', 438, 420 ]
5445 silly gunzTarPerm extractEntry man/man7/registry.7
5446 silly gunzTarPerm modified mode [ 'man/man7/registry.7', 438, 420 ]
5447 silly gunzTarPerm extractEntry man/man7/removal.7
5448 silly gunzTarPerm modified mode [ 'man/man7/removal.7', 438, 420 ]
5449 silly gunzTarPerm extractEntry man/man7/scope.7
5450 silly gunzTarPerm modified mode [ 'man/man7/scope.7', 438, 420 ]
5451 silly gunzTarPerm extractEntry man/man7/scripts.7
5452 silly gunzTarPerm modified mode [ 'man/man7/scripts.7', 438, 420 ]
5453 silly gunzTarPerm extractEntry man/man7/workspaces.7
5454 silly gunzTarPerm modified mode [ 'man/man7/workspaces.7', 438, 420 ]
5455 silly gunzTarPerm extractEntry node_modules/abbrev/package.json
5456 silly gunzTarPerm modified mode [ 'node_modules/abbrev/package.json', 438, 420 ]
5457 silly gunzTarPerm extractEntry node_modules/abbrev/lib/index.js
5458 silly gunzTarPerm modified mode [ 'node_modules/abbrev/lib/index.js', 438, 420 ]
5459 silly gunzTarPerm extractEntry node_modules/archy/package.json
5460 silly gunzTarPerm modified mode [ 'node_modules/archy/package.json', 438, 420 ]
5461 silly gunzTarPerm extractEntry node_modules/archy/LICENSE
5462 silly gunzTarPerm modified mode [ 'node_modules/archy/LICENSE', 438, 420 ]
5463 silly gunzTarPerm extractEntry node_modules/archy/index.js
5464 silly gunzTarPerm modified mode [ 'node_modules/archy/index.js', 438, 420 ]
5465 silly gunzTarPerm extractEntry node_modules/archy/examples/multi_line.js
5466 silly gunzTarPerm modified mode [ 'node_modules/archy/examples/multi_line.js', 438, 420 ]
5467 silly gunzTarPerm extractEntry node_modules/archy/examples/beep.js
5468 silly gunzTarPerm modified mode [ 'node_modules/archy/examples/beep.js', 438, 420 ]
5469 silly gunzTarPerm extractEntry node_modules/archy/test/non_unicode.js
5470 silly gunzTarPerm modified mode [ 'node_modules/archy/test/non_unicode.js', 438, 420 ]
5471 silly gunzTarPerm extractEntry node_modules/archy/test/multi_line.js
5472 silly gunzTarPerm modified mode [ 'node_modules/archy/test/multi_line.js', 438, 420 ]
5473 silly gunzTarPerm extractEntry node_modules/archy/test/beep.js
5474 silly gunzTarPerm modified mode [ 'node_modules/archy/test/beep.js', 438, 420 ]
5475 silly gunzTarPerm extractEntry node_modules/cacache/package.json
5476 silly gunzTarPerm modified mode [ 'node_modules/cacache/package.json', 438, 420 ]
5477 silly gunzTarPerm extractEntry node_modules/cacache/lib/verify.js
5478 silly gunzTarPerm modified mode [ 'node_modules/cacache/lib/verify.js', 438, 420 ]
5479 silly gunzTarPerm extractEntry node_modules/cacache/lib/rm.js
5480 silly gunzTarPerm modified mode [ 'node_modules/cacache/lib/rm.js', 438, 420 ]
5481 silly gunzTarPerm extractEntry node_modules/cacache/lib/put.js
5482 silly gunzTarPerm modified mode [ 'node_modules/cacache/lib/put.js', 438, 420 ]
5483 silly gunzTarPerm extractEntry node_modules/cacache/lib/memoization.js
5484 silly gunzTarPerm modified mode [ 'node_modules/cacache/lib/memoization.js', 438, 420 ]
5485 silly gunzTarPerm extractEntry node_modules/cacache/lib/index.js
5486 silly gunzTarPerm modified mode [ 'node_modules/cacache/lib/index.js', 438, 420 ]
5487 silly gunzTarPerm extractEntry node_modules/cacache/lib/get.js
5488 silly gunzTarPerm modified mode [ 'node_modules/cacache/lib/get.js', 438, 420 ]
5489 silly gunzTarPerm extractEntry node_modules/cacache/lib/entry-index.js
5490 silly gunzTarPerm modified mode [ 'node_modules/cacache/lib/entry-index.js', 438, 420 ]
5491 silly gunzTarPerm extractEntry node_modules/cacache/lib/content/write.js
5492 silly gunzTarPerm modified mode [ 'node_modules/cacache/lib/content/write.js', 438, 420 ]
5493 silly gunzTarPerm extractEntry node_modules/cacache/lib/content/rm.js
5494 silly gunzTarPerm modified mode [ 'node_modules/cacache/lib/content/rm.js', 438, 420 ]
5495 silly gunzTarPerm extractEntry node_modules/cacache/lib/content/read.js
5496 silly gunzTarPerm modified mode [ 'node_modules/cacache/lib/content/read.js', 438, 420 ]
5497 silly gunzTarPerm extractEntry node_modules/cacache/lib/content/path.js
5498 silly gunzTarPerm modified mode [ 'node_modules/cacache/lib/content/path.js', 438, 420 ]
5499 silly gunzTarPerm extractEntry node_modules/cacache/lib/util/tmp.js
5500 silly gunzTarPerm modified mode [ 'node_modules/cacache/lib/util/tmp.js', 438, 420 ]
5501 silly gunzTarPerm extractEntry node_modules/cacache/lib/util/hash-to-segments.js
5502 silly gunzTarPerm modified mode [ 'node_modules/cacache/lib/util/hash-to-segments.js', 438, 420 ]
5503 silly gunzTarPerm extractEntry node_modules/cacache/lib/util/glob.js
5504 silly gunzTarPerm modified mode [ 'node_modules/cacache/lib/util/glob.js', 438, 420 ]
5505 silly gunzTarPerm extractEntry node_modules/cacache/node_modules/chownr/package.json
5506 silly gunzTarPerm modified mode [ 'node_modules/cacache/node_modules/chownr/package.json', 438, 420 ]
5507 silly gunzTarPerm extractEntry node_modules/cacache/node_modules/chownr/dist/commonjs/package.json
5508 silly gunzTarPerm modified mode [
5508 silly gunzTarPerm   'node_modules/cacache/node_modules/chownr/dist/commonjs/package.json',
5508 silly gunzTarPerm   438,
5508 silly gunzTarPerm   420
5508 silly gunzTarPerm ]
5509 silly gunzTarPerm extractEntry node_modules/cacache/node_modules/chownr/dist/commonjs/index.js
5510 silly gunzTarPerm modified mode [
5510 silly gunzTarPerm   'node_modules/cacache/node_modules/chownr/dist/commonjs/index.js',
5510 silly gunzTarPerm   438,
5510 silly gunzTarPerm   420
5510 silly gunzTarPerm ]
5511 silly gunzTarPerm extractEntry node_modules/cacache/node_modules/chownr/dist/esm/package.json
5512 silly gunzTarPerm modified mode [
5512 silly gunzTarPerm   'node_modules/cacache/node_modules/chownr/dist/esm/package.json',
5512 silly gunzTarPerm   438,
5512 silly gunzTarPerm   420
5512 silly gunzTarPerm ]
5513 silly gunzTarPerm extractEntry node_modules/cacache/node_modules/chownr/dist/esm/index.js
5514 silly gunzTarPerm modified mode [
5514 silly gunzTarPerm   'node_modules/cacache/node_modules/chownr/dist/esm/index.js',
5514 silly gunzTarPerm   438,
5514 silly gunzTarPerm   420
5514 silly gunzTarPerm ]
5515 silly gunzTarPerm extractEntry node_modules/cacache/node_modules/minizlib/package.json
5516 silly gunzTarPerm modified mode [ 'node_modules/cacache/node_modules/minizlib/package.json', 438, 420 ]
5517 silly gunzTarPerm extractEntry node_modules/cacache/node_modules/minizlib/dist/commonjs/package.json
5518 silly gunzTarPerm modified mode [
5518 silly gunzTarPerm   'node_modules/cacache/node_modules/minizlib/dist/commonjs/package.json',
5518 silly gunzTarPerm   438,
5518 silly gunzTarPerm   420
5518 silly gunzTarPerm ]
5519 silly gunzTarPerm extractEntry node_modules/cacache/node_modules/minizlib/dist/commonjs/index.js
5520 silly gunzTarPerm modified mode [
5520 silly gunzTarPerm   'node_modules/cacache/node_modules/minizlib/dist/commonjs/index.js',
5520 silly gunzTarPerm   438,
5520 silly gunzTarPerm   420
5520 silly gunzTarPerm ]
5521 silly gunzTarPerm extractEntry node_modules/cacache/node_modules/minizlib/dist/commonjs/constants.js
5522 silly gunzTarPerm modified mode [
5522 silly gunzTarPerm   'node_modules/cacache/node_modules/minizlib/dist/commonjs/constants.js',
5522 silly gunzTarPerm   438,
5522 silly gunzTarPerm   420
5522 silly gunzTarPerm ]
5523 silly gunzTarPerm extractEntry node_modules/cacache/node_modules/minizlib/dist/esm/package.json
5524 silly gunzTarPerm modified mode [
5524 silly gunzTarPerm   'node_modules/cacache/node_modules/minizlib/dist/esm/package.json',
5524 silly gunzTarPerm   438,
5524 silly gunzTarPerm   420
5524 silly gunzTarPerm ]
5525 silly gunzTarPerm extractEntry node_modules/cacache/node_modules/minizlib/dist/esm/index.js
5526 silly gunzTarPerm modified mode [
5526 silly gunzTarPerm   'node_modules/cacache/node_modules/minizlib/dist/esm/index.js',
5526 silly gunzTarPerm   438,
5526 silly gunzTarPerm   420
5526 silly gunzTarPerm ]
5527 silly gunzTarPerm extractEntry node_modules/cacache/node_modules/minizlib/dist/esm/constants.js
5528 silly gunzTarPerm modified mode [
5528 silly gunzTarPerm   'node_modules/cacache/node_modules/minizlib/dist/esm/constants.js',
5528 silly gunzTarPerm   438,
5528 silly gunzTarPerm   420
5528 silly gunzTarPerm ]
5529 silly gunzTarPerm extractEntry node_modules/cacache/node_modules/mkdirp/package.json
5530 silly gunzTarPerm modified mode [ 'node_modules/cacache/node_modules/mkdirp/package.json', 438, 420 ]
5531 silly gunzTarPerm extractEntry node_modules/cacache/node_modules/mkdirp/dist/cjs/package.json
5532 silly gunzTarPerm modified mode [
5532 silly gunzTarPerm   'node_modules/cacache/node_modules/mkdirp/dist/cjs/package.json',
5532 silly gunzTarPerm   438,
5532 silly gunzTarPerm   420
5532 silly gunzTarPerm ]
5533 silly gunzTarPerm extractEntry node_modules/cacache/node_modules/mkdirp/dist/mjs/package.json
5534 silly gunzTarPerm modified mode [
5534 silly gunzTarPerm   'node_modules/cacache/node_modules/mkdirp/dist/mjs/package.json',
5534 silly gunzTarPerm   438,
5534 silly gunzTarPerm   420
5534 silly gunzTarPerm ]
5535 silly gunzTarPerm extractEntry node_modules/cacache/node_modules/mkdirp/dist/mjs/use-native.js
5536 silly gunzTarPerm modified mode [
5536 silly gunzTarPerm   'node_modules/cacache/node_modules/mkdirp/dist/mjs/use-native.js',
5536 silly gunzTarPerm   438,
5536 silly gunzTarPerm   420
5536 silly gunzTarPerm ]
5537 silly gunzTarPerm extractEntry node_modules/cacache/node_modules/mkdirp/dist/mjs/path-arg.js
5538 silly gunzTarPerm modified mode [
5538 silly gunzTarPerm   'node_modules/cacache/node_modules/mkdirp/dist/mjs/path-arg.js',
5538 silly gunzTarPerm   438,
5538 silly gunzTarPerm   420
5538 silly gunzTarPerm ]
5539 silly gunzTarPerm extractEntry node_modules/cacache/node_modules/mkdirp/dist/mjs/opts-arg.js
5540 silly gunzTarPerm modified mode [
5540 silly gunzTarPerm   'node_modules/cacache/node_modules/mkdirp/dist/mjs/opts-arg.js',
5540 silly gunzTarPerm   438,
5540 silly gunzTarPerm   420
5540 silly gunzTarPerm ]
5541 silly gunzTarPerm extractEntry node_modules/cacache/node_modules/mkdirp/dist/mjs/mkdirp-native.js
5542 silly gunzTarPerm modified mode [
5542 silly gunzTarPerm   'node_modules/cacache/node_modules/mkdirp/dist/mjs/mkdirp-native.js',
5542 silly gunzTarPerm   438,
5542 silly gunzTarPerm   420
5542 silly gunzTarPerm ]
5543 silly gunzTarPerm extractEntry node_modules/cacache/node_modules/mkdirp/dist/mjs/mkdirp-manual.js
5544 silly gunzTarPerm modified mode [
5544 silly gunzTarPerm   'node_modules/cacache/node_modules/mkdirp/dist/mjs/mkdirp-manual.js',
5544 silly gunzTarPerm   438,
5544 silly gunzTarPerm   420
5544 silly gunzTarPerm ]
5545 silly gunzTarPerm extractEntry node_modules/cacache/node_modules/mkdirp/dist/mjs/index.js
5546 silly gunzTarPerm modified mode [
5546 silly gunzTarPerm   'node_modules/cacache/node_modules/mkdirp/dist/mjs/index.js',
5546 silly gunzTarPerm   438,
5546 silly gunzTarPerm   420
5546 silly gunzTarPerm ]
5547 silly gunzTarPerm extractEntry node_modules/cacache/node_modules/mkdirp/dist/mjs/find-made.js
5548 silly gunzTarPerm modified mode [
5548 silly gunzTarPerm   'node_modules/cacache/node_modules/mkdirp/dist/mjs/find-made.js',
5548 silly gunzTarPerm   438,
5548 silly gunzTarPerm   420
5548 silly gunzTarPerm ]
5549 silly gunzTarPerm extractEntry node_modules/cacache/node_modules/mkdirp/dist/mjs/find-made.d.ts
5550 silly gunzTarPerm modified mode [
5550 silly gunzTarPerm   'node_modules/cacache/node_modules/mkdirp/dist/mjs/find-made.d.ts',
5550 silly gunzTarPerm   438,
5550 silly gunzTarPerm   420
5550 silly gunzTarPerm ]
5551 silly gunzTarPerm extractEntry node_modules/cacache/node_modules/mkdirp/dist/mjs/find-made.d.ts.map
5552 silly gunzTarPerm modified mode [
5552 silly gunzTarPerm   'node_modules/cacache/node_modules/mkdirp/dist/mjs/find-made.d.ts.map',
5552 silly gunzTarPerm   438,
5552 silly gunzTarPerm   420
5552 silly gunzTarPerm ]
5553 silly gunzTarPerm extractEntry node_modules/cacache/node_modules/mkdirp/dist/mjs/find-made.js.map
5554 silly gunzTarPerm modified mode [
5554 silly gunzTarPerm   'node_modules/cacache/node_modules/mkdirp/dist/mjs/find-made.js.map',
5554 silly gunzTarPerm   438,
5554 silly gunzTarPerm   420
5554 silly gunzTarPerm ]
5555 silly gunzTarPerm extractEntry node_modules/cacache/node_modules/mkdirp/dist/mjs/index.d.ts
5556 silly gunzTarPerm modified mode [
5556 silly gunzTarPerm   'node_modules/cacache/node_modules/mkdirp/dist/mjs/index.d.ts',
5556 silly gunzTarPerm   438,
5556 silly gunzTarPerm   420
5556 silly gunzTarPerm ]
5557 silly gunzTarPerm extractEntry node_modules/cacache/node_modules/mkdirp/dist/mjs/index.d.ts.map
5558 silly gunzTarPerm modified mode [
5558 silly gunzTarPerm   'node_modules/cacache/node_modules/mkdirp/dist/mjs/index.d.ts.map',
5558 silly gunzTarPerm   438,
5558 silly gunzTarPerm   420
5558 silly gunzTarPerm ]
5559 silly gunzTarPerm extractEntry node_modules/cacache/node_modules/mkdirp/dist/mjs/index.js.map
5560 silly gunzTarPerm modified mode [
5560 silly gunzTarPerm   'node_modules/cacache/node_modules/mkdirp/dist/mjs/index.js.map',
5560 silly gunzTarPerm   438,
5560 silly gunzTarPerm   420
5560 silly gunzTarPerm ]
5561 silly gunzTarPerm extractEntry node_modules/cacache/node_modules/mkdirp/dist/mjs/mkdirp-manual.d.ts
5562 silly gunzTarPerm modified mode [
5562 silly gunzTarPerm   'node_modules/cacache/node_modules/mkdirp/dist/mjs/mkdirp-manual.d.ts',
5562 silly gunzTarPerm   438,
5562 silly gunzTarPerm   420
5562 silly gunzTarPerm ]
5563 silly gunzTarPerm extractEntry node_modules/cacache/node_modules/mkdirp/dist/mjs/mkdirp-manual.d.ts.map
5564 silly gunzTarPerm modified mode [
5564 silly gunzTarPerm   'node_modules/cacache/node_modules/mkdirp/dist/mjs/mkdirp-manual.d.ts.map',
5564 silly gunzTarPerm   438,
5564 silly gunzTarPerm   420
5564 silly gunzTarPerm ]
5565 silly gunzTarPerm extractEntry node_modules/cacache/node_modules/mkdirp/dist/mjs/mkdirp-manual.js.map
5566 silly gunzTarPerm modified mode [
5566 silly gunzTarPerm   'node_modules/cacache/node_modules/mkdirp/dist/mjs/mkdirp-manual.js.map',
5566 silly gunzTarPerm   438,
5566 silly gunzTarPerm   420
5566 silly gunzTarPerm ]
5567 silly gunzTarPerm extractEntry node_modules/cacache/node_modules/mkdirp/dist/mjs/mkdirp-native.d.ts
5568 silly gunzTarPerm modified mode [
5568 silly gunzTarPerm   'node_modules/cacache/node_modules/mkdirp/dist/mjs/mkdirp-native.d.ts',
5568 silly gunzTarPerm   438,
5568 silly gunzTarPerm   420
5568 silly gunzTarPerm ]
5569 silly gunzTarPerm extractEntry node_modules/cacache/node_modules/mkdirp/dist/mjs/mkdirp-native.d.ts.map
5570 silly gunzTarPerm modified mode [
5570 silly gunzTarPerm   'node_modules/cacache/node_modules/mkdirp/dist/mjs/mkdirp-native.d.ts.map',
5570 silly gunzTarPerm   438,
5570 silly gunzTarPerm   420
5570 silly gunzTarPerm ]
5571 silly gunzTarPerm extractEntry node_modules/cacache/node_modules/mkdirp/dist/mjs/mkdirp-native.js.map
5572 silly gunzTarPerm modified mode [
5572 silly gunzTarPerm   'node_modules/cacache/node_modules/mkdirp/dist/mjs/mkdirp-native.js.map',
5572 silly gunzTarPerm   438,
5572 silly gunzTarPerm   420
5572 silly gunzTarPerm ]
5573 silly gunzTarPerm extractEntry node_modules/cacache/node_modules/mkdirp/dist/mjs/opts-arg.d.ts
5574 silly gunzTarPerm modified mode [
5574 silly gunzTarPerm   'node_modules/cacache/node_modules/mkdirp/dist/mjs/opts-arg.d.ts',
5574 silly gunzTarPerm   438,
5574 silly gunzTarPerm   420
5574 silly gunzTarPerm ]
5575 silly gunzTarPerm extractEntry node_modules/cacache/node_modules/mkdirp/dist/mjs/opts-arg.d.ts.map
5576 silly gunzTarPerm modified mode [
5576 silly gunzTarPerm   'node_modules/cacache/node_modules/mkdirp/dist/mjs/opts-arg.d.ts.map',
5576 silly gunzTarPerm   438,
5576 silly gunzTarPerm   420
5576 silly gunzTarPerm ]
5577 silly gunzTarPerm extractEntry node_modules/cacache/node_modules/mkdirp/dist/mjs/opts-arg.js.map
5578 silly gunzTarPerm modified mode [
5578 silly gunzTarPerm   'node_modules/cacache/node_modules/mkdirp/dist/mjs/opts-arg.js.map',
5578 silly gunzTarPerm   438,
5578 silly gunzTarPerm   420
5578 silly gunzTarPerm ]
5579 silly gunzTarPerm extractEntry node_modules/cacache/node_modules/mkdirp/dist/mjs/path-arg.d.ts
5580 silly gunzTarPerm modified mode [
5580 silly gunzTarPerm   'node_modules/cacache/node_modules/mkdirp/dist/mjs/path-arg.d.ts',
5580 silly gunzTarPerm   438,
5580 silly gunzTarPerm   420
5580 silly gunzTarPerm ]
5581 silly gunzTarPerm extractEntry node_modules/cacache/node_modules/mkdirp/dist/mjs/path-arg.d.ts.map
5582 silly gunzTarPerm modified mode [
5582 silly gunzTarPerm   'node_modules/cacache/node_modules/mkdirp/dist/mjs/path-arg.d.ts.map',
5582 silly gunzTarPerm   438,
5582 silly gunzTarPerm   420
5582 silly gunzTarPerm ]
5583 silly gunzTarPerm extractEntry node_modules/cacache/node_modules/mkdirp/dist/mjs/path-arg.js.map
5584 silly gunzTarPerm modified mode [
5584 silly gunzTarPerm   'node_modules/cacache/node_modules/mkdirp/dist/mjs/path-arg.js.map',
5584 silly gunzTarPerm   438,
5584 silly gunzTarPerm   420
5584 silly gunzTarPerm ]
5585 silly gunzTarPerm extractEntry node_modules/cacache/node_modules/mkdirp/dist/mjs/use-native.d.ts
5586 silly gunzTarPerm modified mode [
5586 silly gunzTarPerm   'node_modules/cacache/node_modules/mkdirp/dist/mjs/use-native.d.ts',
5586 silly gunzTarPerm   438,
5586 silly gunzTarPerm   420
5586 silly gunzTarPerm ]
5587 silly gunzTarPerm extractEntry node_modules/cacache/node_modules/mkdirp/dist/mjs/use-native.d.ts.map
5588 silly gunzTarPerm modified mode [
5588 silly gunzTarPerm   'node_modules/cacache/node_modules/mkdirp/dist/mjs/use-native.d.ts.map',
5588 silly gunzTarPerm   438,
5588 silly gunzTarPerm   420
5588 silly gunzTarPerm ]
5589 silly gunzTarPerm extractEntry node_modules/cacache/node_modules/mkdirp/dist/mjs/use-native.js.map
5590 silly gunzTarPerm modified mode [
5590 silly gunzTarPerm   'node_modules/cacache/node_modules/mkdirp/dist/mjs/use-native.js.map',
5590 silly gunzTarPerm   438,
5590 silly gunzTarPerm   420
5590 silly gunzTarPerm ]
5591 silly gunzTarPerm extractEntry node_modules/cacache/node_modules/mkdirp/readme.markdown
5592 silly gunzTarPerm modified mode [
5592 silly gunzTarPerm   'node_modules/cacache/node_modules/mkdirp/readme.markdown',
5592 silly gunzTarPerm   438,
5592 silly gunzTarPerm   420
5592 silly gunzTarPerm ]
5593 silly gunzTarPerm extractEntry node_modules/cacache/node_modules/tar/package.json
5594 silly gunzTarPerm modified mode [ 'node_modules/cacache/node_modules/tar/package.json', 438, 420 ]
5595 silly gunzTarPerm extractEntry node_modules/cacache/node_modules/tar/dist/commonjs/package.json
5596 silly gunzTarPerm modified mode [
5596 silly gunzTarPerm   'node_modules/cacache/node_modules/tar/dist/commonjs/package.json',
5596 silly gunzTarPerm   438,
5596 silly gunzTarPerm   420
5596 silly gunzTarPerm ]
5597 silly gunzTarPerm extractEntry node_modules/cacache/node_modules/tar/dist/commonjs/write-entry.js
5598 silly gunzTarPerm modified mode [
5598 silly gunzTarPerm   'node_modules/cacache/node_modules/tar/dist/commonjs/write-entry.js',
5598 silly gunzTarPerm   438,
5598 silly gunzTarPerm   420
5598 silly gunzTarPerm ]
5599 silly gunzTarPerm extractEntry node_modules/cacache/node_modules/tar/dist/commonjs/winchars.js
5600 silly gunzTarPerm modified mode [
5600 silly gunzTarPerm   'node_modules/cacache/node_modules/tar/dist/commonjs/winchars.js',
5600 silly gunzTarPerm   438,
5600 silly gunzTarPerm   420
5600 silly gunzTarPerm ]
5601 silly gunzTarPerm extractEntry node_modules/cacache/node_modules/tar/dist/commonjs/warn-method.js
5602 silly gunzTarPerm modified mode [
5602 silly gunzTarPerm   'node_modules/cacache/node_modules/tar/dist/commonjs/warn-method.js',
5602 silly gunzTarPerm   438,
5602 silly gunzTarPerm   420
5602 silly gunzTarPerm ]
5603 silly gunzTarPerm extractEntry node_modules/cacache/node_modules/tar/dist/commonjs/update.js
5604 silly gunzTarPerm modified mode [
5604 silly gunzTarPerm   'node_modules/cacache/node_modules/tar/dist/commonjs/update.js',
5604 silly gunzTarPerm   438,
5604 silly gunzTarPerm   420
5604 silly gunzTarPerm ]
5605 silly gunzTarPerm extractEntry node_modules/cacache/node_modules/tar/dist/commonjs/unpack.js
5606 silly gunzTarPerm modified mode [
5606 silly gunzTarPerm   'node_modules/cacache/node_modules/tar/dist/commonjs/unpack.js',
5606 silly gunzTarPerm   438,
5606 silly gunzTarPerm   420
5606 silly gunzTarPerm ]
5607 silly gunzTarPerm extractEntry node_modules/cacache/node_modules/tar/dist/commonjs/types.js
5608 silly gunzTarPerm modified mode [
5608 silly gunzTarPerm   'node_modules/cacache/node_modules/tar/dist/commonjs/types.js',
5608 silly gunzTarPerm   438,
5608 silly gunzTarPerm   420
5608 silly gunzTarPerm ]
5609 silly gunzTarPerm extractEntry node_modules/cacache/node_modules/tar/dist/commonjs/symlink-error.js
5610 silly gunzTarPerm modified mode [
5610 silly gunzTarPerm   'node_modules/cacache/node_modules/tar/dist/commonjs/symlink-error.js',
5610 silly gunzTarPerm   438,
5610 silly gunzTarPerm   420
5610 silly gunzTarPerm ]
5611 silly gunzTarPerm extractEntry node_modules/cacache/node_modules/tar/dist/commonjs/strip-trailing-slashes.js
5612 silly gunzTarPerm modified mode [
5612 silly gunzTarPerm   'node_modules/cacache/node_modules/tar/dist/commonjs/strip-trailing-slashes.js',
5612 silly gunzTarPerm   438,
5612 silly gunzTarPerm   420
5612 silly gunzTarPerm ]
5613 silly gunzTarPerm extractEntry node_modules/cacache/node_modules/tar/dist/commonjs/strip-absolute-path.js
5614 silly gunzTarPerm modified mode [
5614 silly gunzTarPerm   'node_modules/cacache/node_modules/tar/dist/commonjs/strip-absolute-path.js',
5614 silly gunzTarPerm   438,
5614 silly gunzTarPerm   420
5614 silly gunzTarPerm ]
5615 silly gunzTarPerm extractEntry node_modules/cacache/node_modules/tar/dist/commonjs/replace.js
5616 silly gunzTarPerm modified mode [
5616 silly gunzTarPerm   'node_modules/cacache/node_modules/tar/dist/commonjs/replace.js',
5616 silly gunzTarPerm   438,
5616 silly gunzTarPerm   420
5616 silly gunzTarPerm ]
5617 silly gunzTarPerm extractEntry node_modules/cacache/node_modules/tar/dist/commonjs/read-entry.js
5618 silly gunzTarPerm modified mode [
5618 silly gunzTarPerm   'node_modules/cacache/node_modules/tar/dist/commonjs/read-entry.js',
5618 silly gunzTarPerm   438,
5618 silly gunzTarPerm   420
5618 silly gunzTarPerm ]
5619 silly gunzTarPerm extractEntry node_modules/cacache/node_modules/tar/dist/commonjs/pax.js
5620 silly gunzTarPerm modified mode [
5620 silly gunzTarPerm   'node_modules/cacache/node_modules/tar/dist/commonjs/pax.js',
5620 silly gunzTarPerm   438,
5620 silly gunzTarPerm   420
5620 silly gunzTarPerm ]
5621 silly gunzTarPerm extractEntry node_modules/cacache/node_modules/tar/dist/commonjs/path-reservations.js
5622 silly gunzTarPerm modified mode [
5622 silly gunzTarPerm   'node_modules/cacache/node_modules/tar/dist/commonjs/path-reservations.js',
5622 silly gunzTarPerm   438,
5622 silly gunzTarPerm   420
5622 silly gunzTarPerm ]
5623 silly gunzTarPerm extractEntry node_modules/cacache/node_modules/tar/dist/commonjs/parse.js
5624 silly gunzTarPerm modified mode [
5624 silly gunzTarPerm   'node_modules/cacache/node_modules/tar/dist/commonjs/parse.js',
5624 silly gunzTarPerm   438,
5624 silly gunzTarPerm   420
5624 silly gunzTarPerm ]
5625 silly gunzTarPerm extractEntry node_modules/cacache/node_modules/tar/dist/commonjs/pack.js
5626 silly gunzTarPerm modified mode [
5626 silly gunzTarPerm   'node_modules/cacache/node_modules/tar/dist/commonjs/pack.js',
5626 silly gunzTarPerm   438,
5626 silly gunzTarPerm   420
5626 silly gunzTarPerm ]
5627 silly gunzTarPerm extractEntry node_modules/cacache/node_modules/tar/dist/commonjs/options.js
5628 silly gunzTarPerm modified mode [
5628 silly gunzTarPerm   'node_modules/cacache/node_modules/tar/dist/commonjs/options.js',
5628 silly gunzTarPerm   438,
5628 silly gunzTarPerm   420
5628 silly gunzTarPerm ]
5629 silly gunzTarPerm extractEntry node_modules/cacache/node_modules/tar/dist/commonjs/normalize-windows-path.js
5630 silly gunzTarPerm modified mode [
5630 silly gunzTarPerm   'node_modules/cacache/node_modules/tar/dist/commonjs/normalize-windows-path.js',
5630 silly gunzTarPerm   438,
5630 silly gunzTarPerm   420
5630 silly gunzTarPerm ]
5631 silly gunzTarPerm extractEntry node_modules/cacache/node_modules/tar/dist/commonjs/normalize-unicode.js
5632 silly gunzTarPerm modified mode [
5632 silly gunzTarPerm   'node_modules/cacache/node_modules/tar/dist/commonjs/normalize-unicode.js',
5632 silly gunzTarPerm   438,
5632 silly gunzTarPerm   420
5632 silly gunzTarPerm ]
5633 silly gunzTarPerm extractEntry node_modules/cacache/node_modules/tar/dist/commonjs/mode-fix.js
5634 silly gunzTarPerm modified mode [
5634 silly gunzTarPerm   'node_modules/cacache/node_modules/tar/dist/commonjs/mode-fix.js',
5634 silly gunzTarPerm   438,
5634 silly gunzTarPerm   420
5634 silly gunzTarPerm ]
5635 silly gunzTarPerm extractEntry node_modules/cacache/node_modules/tar/dist/commonjs/mkdir.js
5636 silly gunzTarPerm modified mode [
5636 silly gunzTarPerm   'node_modules/cacache/node_modules/tar/dist/commonjs/mkdir.js',
5636 silly gunzTarPerm   438,
5636 silly gunzTarPerm   420
5636 silly gunzTarPerm ]
5637 silly gunzTarPerm extractEntry node_modules/cacache/node_modules/tar/dist/commonjs/make-command.js
5638 silly gunzTarPerm modified mode [
5638 silly gunzTarPerm   'node_modules/cacache/node_modules/tar/dist/commonjs/make-command.js',
5638 silly gunzTarPerm   438,
5638 silly gunzTarPerm   420
5638 silly gunzTarPerm ]
5639 silly gunzTarPerm extractEntry node_modules/cacache/node_modules/tar/dist/commonjs/list.js
5640 silly gunzTarPerm modified mode [
5640 silly gunzTarPerm   'node_modules/cacache/node_modules/tar/dist/commonjs/list.js',
5640 silly gunzTarPerm   438,
5640 silly gunzTarPerm   420
5640 silly gunzTarPerm ]
5641 silly gunzTarPerm extractEntry node_modules/cacache/node_modules/tar/dist/commonjs/large-numbers.js
5642 silly gunzTarPerm modified mode [
5642 silly gunzTarPerm   'node_modules/cacache/node_modules/tar/dist/commonjs/large-numbers.js',
5642 silly gunzTarPerm   438,
5642 silly gunzTarPerm   420
5642 silly gunzTarPerm ]
5643 silly gunzTarPerm extractEntry node_modules/cacache/node_modules/tar/dist/commonjs/index.js
5644 silly gunzTarPerm modified mode [
5644 silly gunzTarPerm   'node_modules/cacache/node_modules/tar/dist/commonjs/index.js',
5644 silly gunzTarPerm   438,
5644 silly gunzTarPerm   420
5644 silly gunzTarPerm ]
5645 silly gunzTarPerm extractEntry node_modules/cacache/node_modules/tar/dist/commonjs/header.js
5646 silly gunzTarPerm modified mode [
5646 silly gunzTarPerm   'node_modules/cacache/node_modules/tar/dist/commonjs/header.js',
5646 silly gunzTarPerm   438,
5646 silly gunzTarPerm   420
5646 silly gunzTarPerm ]
5647 silly gunzTarPerm extractEntry node_modules/cacache/node_modules/tar/dist/commonjs/get-write-flag.js
5648 silly gunzTarPerm modified mode [
5648 silly gunzTarPerm   'node_modules/cacache/node_modules/tar/dist/commonjs/get-write-flag.js',
5648 silly gunzTarPerm   438,
5648 silly gunzTarPerm   420
5648 silly gunzTarPerm ]
5649 silly gunzTarPerm extractEntry node_modules/cacache/node_modules/tar/dist/commonjs/extract.js
5650 silly gunzTarPerm modified mode [
5650 silly gunzTarPerm   'node_modules/cacache/node_modules/tar/dist/commonjs/extract.js',
5650 silly gunzTarPerm   438,
5650 silly gunzTarPerm   420
5650 silly gunzTarPerm ]
5651 silly gunzTarPerm extractEntry node_modules/cacache/node_modules/tar/dist/commonjs/cwd-error.js
5652 silly gunzTarPerm modified mode [
5652 silly gunzTarPerm   'node_modules/cacache/node_modules/tar/dist/commonjs/cwd-error.js',
5652 silly gunzTarPerm   438,
5652 silly gunzTarPerm   420
5652 silly gunzTarPerm ]
5653 silly gunzTarPerm extractEntry node_modules/cacache/node_modules/tar/dist/commonjs/create.js
5654 silly gunzTarPerm modified mode [
5654 silly gunzTarPerm   'node_modules/cacache/node_modules/tar/dist/commonjs/create.js',
5654 silly gunzTarPerm   438,
5654 silly gunzTarPerm   420
5654 silly gunzTarPerm ]
5655 silly gunzTarPerm extractEntry node_modules/cacache/node_modules/tar/dist/esm/package.json
5656 silly gunzTarPerm modified mode [
5656 silly gunzTarPerm   'node_modules/cacache/node_modules/tar/dist/esm/package.json',
5656 silly gunzTarPerm   438,
5656 silly gunzTarPerm   420
5656 silly gunzTarPerm ]
5657 silly gunzTarPerm extractEntry node_modules/cacache/node_modules/tar/dist/esm/write-entry.js
5658 silly gunzTarPerm modified mode [
5658 silly gunzTarPerm   'node_modules/cacache/node_modules/tar/dist/esm/write-entry.js',
5658 silly gunzTarPerm   438,
5658 silly gunzTarPerm   420
5658 silly gunzTarPerm ]
5659 silly gunzTarPerm extractEntry node_modules/cacache/node_modules/tar/dist/esm/winchars.js
5660 silly gunzTarPerm modified mode [
5660 silly gunzTarPerm   'node_modules/cacache/node_modules/tar/dist/esm/winchars.js',
5660 silly gunzTarPerm   438,
5660 silly gunzTarPerm   420
5660 silly gunzTarPerm ]
5661 silly gunzTarPerm extractEntry node_modules/cacache/node_modules/tar/dist/esm/warn-method.js
5662 silly gunzTarPerm modified mode [
5662 silly gunzTarPerm   'node_modules/cacache/node_modules/tar/dist/esm/warn-method.js',
5662 silly gunzTarPerm   438,
5662 silly gunzTarPerm   420
5662 silly gunzTarPerm ]
5663 silly gunzTarPerm extractEntry node_modules/cacache/node_modules/tar/dist/esm/update.js
5664 silly gunzTarPerm modified mode [
5664 silly gunzTarPerm   'node_modules/cacache/node_modules/tar/dist/esm/update.js',
5664 silly gunzTarPerm   438,
5664 silly gunzTarPerm   420
5664 silly gunzTarPerm ]
5665 silly gunzTarPerm extractEntry node_modules/cacache/node_modules/tar/dist/esm/unpack.js
5666 silly gunzTarPerm modified mode [
5666 silly gunzTarPerm   'node_modules/cacache/node_modules/tar/dist/esm/unpack.js',
5666 silly gunzTarPerm   438,
5666 silly gunzTarPerm   420
5666 silly gunzTarPerm ]
5667 silly gunzTarPerm extractEntry node_modules/cacache/node_modules/tar/dist/esm/types.js
5668 silly gunzTarPerm modified mode [ 'node_modules/cacache/node_modules/tar/dist/esm/types.js', 438, 420 ]
5669 silly gunzTarPerm extractEntry node_modules/cacache/node_modules/tar/dist/esm/symlink-error.js
5670 silly gunzTarPerm modified mode [
5670 silly gunzTarPerm   'node_modules/cacache/node_modules/tar/dist/esm/symlink-error.js',
5670 silly gunzTarPerm   438,
5670 silly gunzTarPerm   420
5670 silly gunzTarPerm ]
5671 silly gunzTarPerm extractEntry node_modules/cacache/node_modules/tar/dist/esm/strip-trailing-slashes.js
5672 silly gunzTarPerm modified mode [
5672 silly gunzTarPerm   'node_modules/cacache/node_modules/tar/dist/esm/strip-trailing-slashes.js',
5672 silly gunzTarPerm   438,
5672 silly gunzTarPerm   420
5672 silly gunzTarPerm ]
5673 silly gunzTarPerm extractEntry node_modules/cacache/node_modules/tar/dist/esm/strip-absolute-path.js
5674 silly gunzTarPerm modified mode [
5674 silly gunzTarPerm   'node_modules/cacache/node_modules/tar/dist/esm/strip-absolute-path.js',
5674 silly gunzTarPerm   438,
5674 silly gunzTarPerm   420
5674 silly gunzTarPerm ]
5675 silly gunzTarPerm extractEntry node_modules/cacache/node_modules/tar/dist/esm/replace.js
5676 silly gunzTarPerm modified mode [
5676 silly gunzTarPerm   'node_modules/cacache/node_modules/tar/dist/esm/replace.js',
5676 silly gunzTarPerm   438,
5676 silly gunzTarPerm   420
5676 silly gunzTarPerm ]
5677 silly gunzTarPerm extractEntry node_modules/cacache/node_modules/tar/dist/esm/read-entry.js
5678 silly gunzTarPerm modified mode [
5678 silly gunzTarPerm   'node_modules/cacache/node_modules/tar/dist/esm/read-entry.js',
5678 silly gunzTarPerm   438,
5678 silly gunzTarPerm   420
5678 silly gunzTarPerm ]
5679 silly gunzTarPerm extractEntry node_modules/cacache/node_modules/tar/dist/esm/pax.js
5680 silly gunzTarPerm modified mode [ 'node_modules/cacache/node_modules/tar/dist/esm/pax.js', 438, 420 ]
5681 silly gunzTarPerm extractEntry node_modules/cacache/node_modules/tar/dist/esm/path-reservations.js
5682 silly gunzTarPerm modified mode [
5682 silly gunzTarPerm   'node_modules/cacache/node_modules/tar/dist/esm/path-reservations.js',
5682 silly gunzTarPerm   438,
5682 silly gunzTarPerm   420
5682 silly gunzTarPerm ]
5683 silly gunzTarPerm extractEntry node_modules/cacache/node_modules/tar/dist/esm/parse.js
5684 silly gunzTarPerm modified mode [ 'node_modules/cacache/node_modules/tar/dist/esm/parse.js', 438, 420 ]
5685 silly gunzTarPerm extractEntry node_modules/cacache/node_modules/tar/dist/esm/pack.js
5686 silly gunzTarPerm modified mode [ 'node_modules/cacache/node_modules/tar/dist/esm/pack.js', 438, 420 ]
5687 silly gunzTarPerm extractEntry node_modules/cacache/node_modules/tar/dist/esm/options.js
5688 silly gunzTarPerm modified mode [
5688 silly gunzTarPerm   'node_modules/cacache/node_modules/tar/dist/esm/options.js',
5688 silly gunzTarPerm   438,
5688 silly gunzTarPerm   420
5688 silly gunzTarPerm ]
5689 silly gunzTarPerm extractEntry node_modules/cacache/node_modules/tar/dist/esm/normalize-windows-path.js
5690 silly gunzTarPerm modified mode [
5690 silly gunzTarPerm   'node_modules/cacache/node_modules/tar/dist/esm/normalize-windows-path.js',
5690 silly gunzTarPerm   438,
5690 silly gunzTarPerm   420
5690 silly gunzTarPerm ]
5691 silly gunzTarPerm extractEntry node_modules/cacache/node_modules/tar/dist/esm/normalize-unicode.js
5692 silly gunzTarPerm modified mode [
5692 silly gunzTarPerm   'node_modules/cacache/node_modules/tar/dist/esm/normalize-unicode.js',
5692 silly gunzTarPerm   438,
5692 silly gunzTarPerm   420
5692 silly gunzTarPerm ]
5693 silly gunzTarPerm extractEntry node_modules/cacache/node_modules/tar/dist/esm/mode-fix.js
5694 silly gunzTarPerm modified mode [
5694 silly gunzTarPerm   'node_modules/cacache/node_modules/tar/dist/esm/mode-fix.js',
5694 silly gunzTarPerm   438,
5694 silly gunzTarPerm   420
5694 silly gunzTarPerm ]
5695 silly gunzTarPerm extractEntry node_modules/cacache/node_modules/tar/dist/esm/mkdir.js
5696 silly gunzTarPerm modified mode [ 'node_modules/cacache/node_modules/tar/dist/esm/mkdir.js', 438, 420 ]
5697 silly gunzTarPerm extractEntry node_modules/cacache/node_modules/tar/dist/esm/make-command.js
5698 silly gunzTarPerm modified mode [
5698 silly gunzTarPerm   'node_modules/cacache/node_modules/tar/dist/esm/make-command.js',
5698 silly gunzTarPerm   438,
5698 silly gunzTarPerm   420
5698 silly gunzTarPerm ]
5699 silly gunzTarPerm extractEntry node_modules/cacache/node_modules/tar/dist/esm/list.js
5700 silly gunzTarPerm modified mode [ 'node_modules/cacache/node_modules/tar/dist/esm/list.js', 438, 420 ]
5701 silly gunzTarPerm extractEntry node_modules/cacache/node_modules/tar/dist/esm/large-numbers.js
5702 silly gunzTarPerm modified mode [
5702 silly gunzTarPerm   'node_modules/cacache/node_modules/tar/dist/esm/large-numbers.js',
5702 silly gunzTarPerm   438,
5702 silly gunzTarPerm   420
5702 silly gunzTarPerm ]
5703 silly gunzTarPerm extractEntry node_modules/cacache/node_modules/tar/dist/esm/index.js
5704 silly gunzTarPerm modified mode [ 'node_modules/cacache/node_modules/tar/dist/esm/index.js', 438, 420 ]
5705 silly gunzTarPerm extractEntry node_modules/cacache/node_modules/tar/dist/esm/header.js
5706 silly gunzTarPerm modified mode [
5706 silly gunzTarPerm   'node_modules/cacache/node_modules/tar/dist/esm/header.js',
5706 silly gunzTarPerm   438,
5706 silly gunzTarPerm   420
5706 silly gunzTarPerm ]
5707 silly gunzTarPerm extractEntry node_modules/cacache/node_modules/tar/dist/esm/get-write-flag.js
5708 silly gunzTarPerm modified mode [
5708 silly gunzTarPerm   'node_modules/cacache/node_modules/tar/dist/esm/get-write-flag.js',
5708 silly gunzTarPerm   438,
5708 silly gunzTarPerm   420
5708 silly gunzTarPerm ]
5709 silly gunzTarPerm extractEntry node_modules/cacache/node_modules/tar/dist/esm/extract.js
5710 silly gunzTarPerm modified mode [
5710 silly gunzTarPerm   'node_modules/cacache/node_modules/tar/dist/esm/extract.js',
5710 silly gunzTarPerm   438,
5710 silly gunzTarPerm   420
5710 silly gunzTarPerm ]
5711 silly gunzTarPerm extractEntry node_modules/cacache/node_modules/tar/dist/esm/cwd-error.js
5712 silly gunzTarPerm modified mode [
5712 silly gunzTarPerm   'node_modules/cacache/node_modules/tar/dist/esm/cwd-error.js',
5712 silly gunzTarPerm   438,
5712 silly gunzTarPerm   420
5712 silly gunzTarPerm ]
5713 silly gunzTarPerm extractEntry node_modules/cacache/node_modules/tar/dist/esm/create.js
5714 silly gunzTarPerm modified mode [
5714 silly gunzTarPerm   'node_modules/cacache/node_modules/tar/dist/esm/create.js',
5714 silly gunzTarPerm   438,
5714 silly gunzTarPerm   420
5714 silly gunzTarPerm ]
5715 silly gunzTarPerm extractEntry node_modules/cacache/node_modules/yallist/package.json
5716 silly gunzTarPerm modified mode [ 'node_modules/cacache/node_modules/yallist/package.json', 438, 420 ]
5717 silly gunzTarPerm extractEntry node_modules/cacache/node_modules/yallist/dist/commonjs/package.json
5718 silly gunzTarPerm modified mode [
5718 silly gunzTarPerm   'node_modules/cacache/node_modules/yallist/dist/commonjs/package.json',
5718 silly gunzTarPerm   438,
5718 silly gunzTarPerm   420
5718 silly gunzTarPerm ]
5719 silly gunzTarPerm extractEntry node_modules/cacache/node_modules/yallist/dist/commonjs/index.js
5720 silly gunzTarPerm modified mode [
5720 silly gunzTarPerm   'node_modules/cacache/node_modules/yallist/dist/commonjs/index.js',
5720 silly gunzTarPerm   438,
5720 silly gunzTarPerm   420
5720 silly gunzTarPerm ]
5721 silly gunzTarPerm extractEntry node_modules/cacache/node_modules/yallist/dist/esm/package.json
5722 silly gunzTarPerm modified mode [
5722 silly gunzTarPerm   'node_modules/cacache/node_modules/yallist/dist/esm/package.json',
5722 silly gunzTarPerm   438,
5722 silly gunzTarPerm   420
5722 silly gunzTarPerm ]
5723 silly gunzTarPerm extractEntry node_modules/cacache/node_modules/yallist/dist/esm/index.js
5724 silly gunzTarPerm modified mode [
5724 silly gunzTarPerm   'node_modules/cacache/node_modules/yallist/dist/esm/index.js',
5724 silly gunzTarPerm   438,
5724 silly gunzTarPerm   420
5724 silly gunzTarPerm ]
5725 silly gunzTarPerm extractEntry node_modules/chalk/package.json
5726 silly gunzTarPerm modified mode [ 'node_modules/chalk/package.json', 438, 420 ]
5727 silly gunzTarPerm extractEntry node_modules/chalk/source/utilities.js
5728 silly gunzTarPerm modified mode [ 'node_modules/chalk/source/utilities.js', 438, 420 ]
5729 silly gunzTarPerm extractEntry node_modules/chalk/source/index.js
5730 silly gunzTarPerm modified mode [ 'node_modules/chalk/source/index.js', 438, 420 ]
5731 silly gunzTarPerm extractEntry node_modules/chalk/source/vendor/ansi-styles/index.js
5732 silly gunzTarPerm modified mode [ 'node_modules/chalk/source/vendor/ansi-styles/index.js', 438, 420 ]
5733 silly gunzTarPerm extractEntry node_modules/chalk/source/vendor/supports-color/index.js
5734 silly gunzTarPerm modified mode [
5734 silly gunzTarPerm   'node_modules/chalk/source/vendor/supports-color/index.js',
5734 silly gunzTarPerm   438,
5734 silly gunzTarPerm   420
5734 silly gunzTarPerm ]
5735 silly gunzTarPerm extractEntry node_modules/chalk/source/vendor/supports-color/browser.js
5736 silly gunzTarPerm modified mode [
5736 silly gunzTarPerm   'node_modules/chalk/source/vendor/supports-color/browser.js',
5736 silly gunzTarPerm   438,
5736 silly gunzTarPerm   420
5736 silly gunzTarPerm ]
5737 silly gunzTarPerm extractEntry node_modules/ci-info/package.json
5738 silly gunzTarPerm modified mode [ 'node_modules/ci-info/package.json', 438, 420 ]
5739 silly gunzTarPerm extractEntry node_modules/ci-info/index.js
5740 silly gunzTarPerm modified mode [ 'node_modules/ci-info/index.js', 438, 420 ]
5741 silly gunzTarPerm extractEntry node_modules/ci-info/vendors.json
5742 silly gunzTarPerm modified mode [ 'node_modules/ci-info/vendors.json', 438, 420 ]
5743 silly gunzTarPerm extractEntry node_modules/cli-columns/package.json
5744 silly gunzTarPerm modified mode [ 'node_modules/cli-columns/package.json', 438, 420 ]
5745 silly gunzTarPerm extractEntry node_modules/cli-columns/test.js
5746 silly gunzTarPerm modified mode [ 'node_modules/cli-columns/test.js', 438, 420 ]
5747 silly gunzTarPerm extractEntry node_modules/cli-columns/index.js
5748 silly gunzTarPerm modified mode [ 'node_modules/cli-columns/index.js', 438, 420 ]
5749 silly gunzTarPerm extractEntry node_modules/cli-columns/color.js
5750 silly gunzTarPerm modified mode [ 'node_modules/cli-columns/color.js', 438, 420 ]
5751 silly gunzTarPerm extractEntry node_modules/fastest-levenshtein/package.json
5752 silly gunzTarPerm modified mode [ 'node_modules/fastest-levenshtein/package.json', 438, 420 ]
5753 silly gunzTarPerm extractEntry node_modules/fastest-levenshtein/test.js
5754 silly gunzTarPerm modified mode [ 'node_modules/fastest-levenshtein/test.js', 438, 420 ]
5755 silly gunzTarPerm extractEntry node_modules/fastest-levenshtein/mod.js
5756 silly gunzTarPerm modified mode [ 'node_modules/fastest-levenshtein/mod.js', 438, 420 ]
5757 silly gunzTarPerm extractEntry node_modules/fastest-levenshtein/bench.js
5758 silly gunzTarPerm modified mode [ 'node_modules/fastest-levenshtein/bench.js', 438, 420 ]
5759 silly gunzTarPerm extractEntry node_modules/fastest-levenshtein/esm/mod.js
5760 silly gunzTarPerm modified mode [ 'node_modules/fastest-levenshtein/esm/mod.js', 438, 420 ]
5761 silly gunzTarPerm extractEntry node_modules/fastest-levenshtein/LICENSE.md
5762 silly gunzTarPerm modified mode [ 'node_modules/fastest-levenshtein/LICENSE.md', 438, 420 ]
5763 silly gunzTarPerm extractEntry node_modules/fs-minipass/package.json
5764 silly gunzTarPerm modified mode [ 'node_modules/fs-minipass/package.json', 438, 420 ]
5765 silly gunzTarPerm extractEntry node_modules/fs-minipass/lib/index.js
5766 silly gunzTarPerm modified mode [ 'node_modules/fs-minipass/lib/index.js', 438, 420 ]
5767 silly gunzTarPerm extractEntry node_modules/glob/package.json
5768 silly gunzTarPerm modified mode [ 'node_modules/glob/package.json', 438, 420 ]
5769 silly gunzTarPerm extractEntry node_modules/glob/README.md
5770 silly gunzTarPerm modified mode [ 'node_modules/glob/README.md', 438, 420 ]
5771 silly gunzTarPerm extractEntry node_modules/glob/dist/commonjs/package.json
5772 silly gunzTarPerm modified mode [ 'node_modules/glob/dist/commonjs/package.json', 438, 420 ]
5773 silly gunzTarPerm extractEntry node_modules/glob/dist/commonjs/walker.js
5774 silly gunzTarPerm modified mode [ 'node_modules/glob/dist/commonjs/walker.js', 438, 420 ]
5775 silly gunzTarPerm extractEntry node_modules/glob/dist/commonjs/processor.js
5776 silly gunzTarPerm modified mode [ 'node_modules/glob/dist/commonjs/processor.js', 438, 420 ]
5777 silly gunzTarPerm extractEntry node_modules/glob/dist/commonjs/pattern.js
5778 silly gunzTarPerm modified mode [ 'node_modules/glob/dist/commonjs/pattern.js', 438, 420 ]
5779 silly gunzTarPerm extractEntry node_modules/glob/dist/commonjs/index.js
5780 silly gunzTarPerm modified mode [ 'node_modules/glob/dist/commonjs/index.js', 438, 420 ]
5781 silly gunzTarPerm extractEntry node_modules/glob/dist/commonjs/ignore.js
5782 silly gunzTarPerm modified mode [ 'node_modules/glob/dist/commonjs/ignore.js', 438, 420 ]
5783 silly gunzTarPerm extractEntry node_modules/glob/dist/commonjs/has-magic.js
5784 silly gunzTarPerm modified mode [ 'node_modules/glob/dist/commonjs/has-magic.js', 438, 420 ]
5785 silly gunzTarPerm extractEntry node_modules/glob/dist/commonjs/glob.js
5786 silly gunzTarPerm modified mode [ 'node_modules/glob/dist/commonjs/glob.js', 438, 420 ]
5787 silly gunzTarPerm extractEntry node_modules/glob/dist/commonjs/glob.d.ts
5788 silly gunzTarPerm modified mode [ 'node_modules/glob/dist/commonjs/glob.d.ts', 438, 420 ]
5789 silly gunzTarPerm extractEntry node_modules/glob/dist/commonjs/glob.d.ts.map
5790 silly gunzTarPerm modified mode [ 'node_modules/glob/dist/commonjs/glob.d.ts.map', 438, 420 ]
5791 silly gunzTarPerm extractEntry node_modules/glob/dist/commonjs/glob.js.map
5792 silly gunzTarPerm modified mode [ 'node_modules/glob/dist/commonjs/glob.js.map', 438, 420 ]
5793 silly gunzTarPerm extractEntry node_modules/glob/dist/commonjs/has-magic.d.ts
5794 silly gunzTarPerm modified mode [ 'node_modules/glob/dist/commonjs/has-magic.d.ts', 438, 420 ]
5795 silly gunzTarPerm extractEntry node_modules/glob/dist/commonjs/has-magic.d.ts.map
5796 silly gunzTarPerm modified mode [ 'node_modules/glob/dist/commonjs/has-magic.d.ts.map', 438, 420 ]
5797 silly gunzTarPerm extractEntry node_modules/glob/dist/commonjs/has-magic.js.map
5798 silly gunzTarPerm modified mode [ 'node_modules/glob/dist/commonjs/has-magic.js.map', 438, 420 ]
5799 silly gunzTarPerm extractEntry node_modules/glob/dist/commonjs/ignore.d.ts
5800 silly gunzTarPerm modified mode [ 'node_modules/glob/dist/commonjs/ignore.d.ts', 438, 420 ]
5801 silly gunzTarPerm extractEntry node_modules/glob/dist/commonjs/ignore.d.ts.map
5802 silly gunzTarPerm modified mode [ 'node_modules/glob/dist/commonjs/ignore.d.ts.map', 438, 420 ]
5803 silly gunzTarPerm extractEntry node_modules/glob/dist/commonjs/ignore.js.map
5804 silly gunzTarPerm modified mode [ 'node_modules/glob/dist/commonjs/ignore.js.map', 438, 420 ]
5805 silly gunzTarPerm extractEntry node_modules/glob/dist/commonjs/index.d.ts
5806 silly gunzTarPerm modified mode [ 'node_modules/glob/dist/commonjs/index.d.ts', 438, 420 ]
5807 silly gunzTarPerm extractEntry node_modules/glob/dist/commonjs/index.d.ts.map
5808 silly gunzTarPerm modified mode [ 'node_modules/glob/dist/commonjs/index.d.ts.map', 438, 420 ]
5809 silly gunzTarPerm extractEntry node_modules/glob/dist/commonjs/index.js.map
5810 silly gunzTarPerm modified mode [ 'node_modules/glob/dist/commonjs/index.js.map', 438, 420 ]
5811 silly gunzTarPerm extractEntry node_modules/glob/dist/commonjs/pattern.d.ts
5812 silly gunzTarPerm modified mode [ 'node_modules/glob/dist/commonjs/pattern.d.ts', 438, 420 ]
5813 silly gunzTarPerm extractEntry node_modules/glob/dist/commonjs/pattern.d.ts.map
5814 silly gunzTarPerm modified mode [ 'node_modules/glob/dist/commonjs/pattern.d.ts.map', 438, 420 ]
5815 silly gunzTarPerm extractEntry node_modules/glob/dist/commonjs/pattern.js.map
5816 silly gunzTarPerm modified mode [ 'node_modules/glob/dist/commonjs/pattern.js.map', 438, 420 ]
5817 silly gunzTarPerm extractEntry node_modules/glob/dist/commonjs/processor.d.ts
5818 silly gunzTarPerm modified mode [ 'node_modules/glob/dist/commonjs/processor.d.ts', 438, 420 ]
5819 silly gunzTarPerm extractEntry node_modules/glob/dist/commonjs/processor.d.ts.map
5820 silly gunzTarPerm modified mode [ 'node_modules/glob/dist/commonjs/processor.d.ts.map', 438, 420 ]
5821 silly gunzTarPerm extractEntry node_modules/glob/dist/commonjs/processor.js.map
5822 silly gunzTarPerm modified mode [ 'node_modules/glob/dist/commonjs/processor.js.map', 438, 420 ]
5823 silly gunzTarPerm extractEntry node_modules/glob/dist/commonjs/walker.d.ts
5824 silly gunzTarPerm modified mode [ 'node_modules/glob/dist/commonjs/walker.d.ts', 438, 420 ]
5825 silly gunzTarPerm extractEntry node_modules/glob/dist/commonjs/walker.d.ts.map
5826 silly gunzTarPerm modified mode [ 'node_modules/glob/dist/commonjs/walker.d.ts.map', 438, 420 ]
5827 silly gunzTarPerm extractEntry node_modules/glob/dist/commonjs/walker.js.map
5828 silly gunzTarPerm modified mode [ 'node_modules/glob/dist/commonjs/walker.js.map', 438, 420 ]
5829 silly gunzTarPerm extractEntry node_modules/glob/dist/esm/package.json
5830 silly gunzTarPerm modified mode [ 'node_modules/glob/dist/esm/package.json', 438, 420 ]
5831 silly gunzTarPerm extractEntry node_modules/glob/dist/esm/walker.js
5832 silly gunzTarPerm modified mode [ 'node_modules/glob/dist/esm/walker.js', 438, 420 ]
5833 silly gunzTarPerm extractEntry node_modules/glob/dist/esm/processor.js
5834 silly gunzTarPerm modified mode [ 'node_modules/glob/dist/esm/processor.js', 438, 420 ]
5835 silly gunzTarPerm extractEntry node_modules/glob/dist/esm/pattern.js
5836 silly gunzTarPerm modified mode [ 'node_modules/glob/dist/esm/pattern.js', 438, 420 ]
5837 silly gunzTarPerm extractEntry node_modules/glob/dist/esm/index.js
5838 silly gunzTarPerm modified mode [ 'node_modules/glob/dist/esm/index.js', 438, 420 ]
5839 silly gunzTarPerm extractEntry node_modules/glob/dist/esm/ignore.js
5840 silly gunzTarPerm modified mode [ 'node_modules/glob/dist/esm/ignore.js', 438, 420 ]
5841 silly gunzTarPerm extractEntry node_modules/glob/dist/esm/has-magic.js
5842 silly gunzTarPerm modified mode [ 'node_modules/glob/dist/esm/has-magic.js', 438, 420 ]
5843 silly gunzTarPerm extractEntry node_modules/glob/dist/esm/glob.js
5844 silly gunzTarPerm modified mode [ 'node_modules/glob/dist/esm/glob.js', 438, 420 ]
5845 silly gunzTarPerm extractEntry node_modules/glob/dist/esm/bin.d.mts
5846 silly gunzTarPerm modified mode [ 'node_modules/glob/dist/esm/bin.d.mts', 438, 420 ]
5847 silly gunzTarPerm extractEntry node_modules/glob/dist/esm/bin.d.mts.map
5848 silly gunzTarPerm modified mode [ 'node_modules/glob/dist/esm/bin.d.mts.map', 438, 420 ]
5849 silly gunzTarPerm extractEntry node_modules/glob/dist/esm/bin.mjs
5850 silly gunzTarPerm modified mode [ 'node_modules/glob/dist/esm/bin.mjs', 438, 420 ]
5851 silly gunzTarPerm extractEntry node_modules/glob/dist/esm/bin.mjs.map
5852 silly gunzTarPerm modified mode [ 'node_modules/glob/dist/esm/bin.mjs.map', 438, 420 ]
5853 silly gunzTarPerm extractEntry node_modules/glob/dist/esm/glob.d.ts
5854 silly gunzTarPerm modified mode [ 'node_modules/glob/dist/esm/glob.d.ts', 438, 420 ]
5855 silly gunzTarPerm extractEntry node_modules/glob/dist/esm/glob.d.ts.map
5856 silly gunzTarPerm modified mode [ 'node_modules/glob/dist/esm/glob.d.ts.map', 438, 420 ]
5857 silly gunzTarPerm extractEntry node_modules/glob/dist/esm/glob.js.map
5858 silly gunzTarPerm modified mode [ 'node_modules/glob/dist/esm/glob.js.map', 438, 420 ]
5859 silly gunzTarPerm extractEntry node_modules/glob/dist/esm/has-magic.d.ts
5860 silly gunzTarPerm modified mode [ 'node_modules/glob/dist/esm/has-magic.d.ts', 438, 420 ]
5861 silly gunzTarPerm extractEntry node_modules/glob/dist/esm/has-magic.d.ts.map
5862 silly gunzTarPerm modified mode [ 'node_modules/glob/dist/esm/has-magic.d.ts.map', 438, 420 ]
5863 silly gunzTarPerm extractEntry node_modules/glob/dist/esm/has-magic.js.map
5864 silly gunzTarPerm modified mode [ 'node_modules/glob/dist/esm/has-magic.js.map', 438, 420 ]
5865 silly gunzTarPerm extractEntry node_modules/glob/dist/esm/ignore.d.ts
5866 silly gunzTarPerm modified mode [ 'node_modules/glob/dist/esm/ignore.d.ts', 438, 420 ]
5867 silly gunzTarPerm extractEntry node_modules/glob/dist/esm/ignore.d.ts.map
5868 silly gunzTarPerm modified mode [ 'node_modules/glob/dist/esm/ignore.d.ts.map', 438, 420 ]
5869 silly gunzTarPerm extractEntry node_modules/glob/dist/esm/ignore.js.map
5870 silly gunzTarPerm modified mode [ 'node_modules/glob/dist/esm/ignore.js.map', 438, 420 ]
5871 silly gunzTarPerm extractEntry node_modules/glob/dist/esm/index.d.ts
5872 silly gunzTarPerm modified mode [ 'node_modules/glob/dist/esm/index.d.ts', 438, 420 ]
5873 silly gunzTarPerm extractEntry node_modules/glob/dist/esm/index.d.ts.map
5874 silly gunzTarPerm modified mode [ 'node_modules/glob/dist/esm/index.d.ts.map', 438, 420 ]
5875 silly gunzTarPerm extractEntry node_modules/glob/dist/esm/index.js.map
5876 silly gunzTarPerm modified mode [ 'node_modules/glob/dist/esm/index.js.map', 438, 420 ]
5877 silly gunzTarPerm extractEntry node_modules/glob/dist/esm/pattern.d.ts
5878 silly gunzTarPerm modified mode [ 'node_modules/glob/dist/esm/pattern.d.ts', 438, 420 ]
5879 silly gunzTarPerm extractEntry node_modules/glob/dist/esm/pattern.d.ts.map
5880 silly gunzTarPerm modified mode [ 'node_modules/glob/dist/esm/pattern.d.ts.map', 438, 420 ]
5881 silly gunzTarPerm extractEntry node_modules/glob/dist/esm/pattern.js.map
5882 silly gunzTarPerm modified mode [ 'node_modules/glob/dist/esm/pattern.js.map', 438, 420 ]
5883 silly gunzTarPerm extractEntry node_modules/glob/dist/esm/processor.d.ts
5884 silly gunzTarPerm modified mode [ 'node_modules/glob/dist/esm/processor.d.ts', 438, 420 ]
5885 silly gunzTarPerm extractEntry node_modules/glob/dist/esm/processor.d.ts.map
5886 silly gunzTarPerm modified mode [ 'node_modules/glob/dist/esm/processor.d.ts.map', 438, 420 ]
5887 silly gunzTarPerm extractEntry node_modules/glob/dist/esm/processor.js.map
5888 silly gunzTarPerm modified mode [ 'node_modules/glob/dist/esm/processor.js.map', 438, 420 ]
5889 silly gunzTarPerm extractEntry node_modules/glob/dist/esm/walker.d.ts
5890 silly gunzTarPerm modified mode [ 'node_modules/glob/dist/esm/walker.d.ts', 438, 420 ]
5891 silly gunzTarPerm extractEntry node_modules/glob/dist/esm/walker.d.ts.map
5892 silly gunzTarPerm modified mode [ 'node_modules/glob/dist/esm/walker.d.ts.map', 438, 420 ]
5893 silly gunzTarPerm extractEntry node_modules/glob/dist/esm/walker.js.map
5894 silly gunzTarPerm modified mode [ 'node_modules/glob/dist/esm/walker.js.map', 438, 420 ]
5895 silly gunzTarPerm extractEntry node_modules/graceful-fs/package.json
5896 silly gunzTarPerm modified mode [ 'node_modules/graceful-fs/package.json', 438, 420 ]
5897 silly gunzTarPerm extractEntry node_modules/graceful-fs/polyfills.js
5898 silly gunzTarPerm modified mode [ 'node_modules/graceful-fs/polyfills.js', 438, 420 ]
5899 silly gunzTarPerm extractEntry node_modules/graceful-fs/legacy-streams.js
5900 silly gunzTarPerm modified mode [ 'node_modules/graceful-fs/legacy-streams.js', 438, 420 ]
5901 silly gunzTarPerm extractEntry node_modules/graceful-fs/graceful-fs.js
5902 silly gunzTarPerm modified mode [ 'node_modules/graceful-fs/graceful-fs.js', 438, 420 ]
5903 silly gunzTarPerm extractEntry node_modules/graceful-fs/clone.js
5904 silly gunzTarPerm modified mode [ 'node_modules/graceful-fs/clone.js', 438, 420 ]
5905 silly gunzTarPerm extractEntry node_modules/hosted-git-info/package.json
5906 silly gunzTarPerm modified mode [ 'node_modules/hosted-git-info/package.json', 438, 420 ]
5907 silly gunzTarPerm extractEntry node_modules/hosted-git-info/lib/parse-url.js
5908 silly gunzTarPerm modified mode [ 'node_modules/hosted-git-info/lib/parse-url.js', 438, 420 ]
5909 silly gunzTarPerm extractEntry node_modules/hosted-git-info/lib/index.js
5910 silly gunzTarPerm modified mode [ 'node_modules/hosted-git-info/lib/index.js', 438, 420 ]
5911 silly gunzTarPerm extractEntry node_modules/hosted-git-info/lib/hosts.js
5912 silly gunzTarPerm modified mode [ 'node_modules/hosted-git-info/lib/hosts.js', 438, 420 ]
5913 silly gunzTarPerm extractEntry node_modules/hosted-git-info/lib/from-url.js
5914 silly gunzTarPerm modified mode [ 'node_modules/hosted-git-info/lib/from-url.js', 438, 420 ]
5915 silly gunzTarPerm extractEntry node_modules/ini/package.json
5916 silly gunzTarPerm modified mode [ 'node_modules/ini/package.json', 438, 420 ]
5917 silly gunzTarPerm extractEntry node_modules/ini/lib/ini.js
5918 silly gunzTarPerm modified mode [ 'node_modules/ini/lib/ini.js', 438, 420 ]
5919 silly gunzTarPerm extractEntry node_modules/init-package-json/package.json
5920 silly gunzTarPerm modified mode [ 'node_modules/init-package-json/package.json', 438, 420 ]
5921 silly gunzTarPerm extractEntry node_modules/init-package-json/lib/init-package-json.js
5922 silly gunzTarPerm modified mode [ 'node_modules/init-package-json/lib/init-package-json.js', 438, 420 ]
5923 silly gunzTarPerm extractEntry node_modules/init-package-json/lib/default-input.js
5924 silly gunzTarPerm modified mode [ 'node_modules/init-package-json/lib/default-input.js', 438, 420 ]
5925 silly gunzTarPerm extractEntry node_modules/is-cidr/package.json
5926 silly gunzTarPerm modified mode [ 'node_modules/is-cidr/package.json', 438, 420 ]
5927 silly gunzTarPerm extractEntry node_modules/is-cidr/dist/index.js
5928 silly gunzTarPerm modified mode [ 'node_modules/is-cidr/dist/index.js', 438, 420 ]
5929 silly gunzTarPerm extractEntry node_modules/json-parse-even-better-errors/package.json
5930 silly gunzTarPerm modified mode [ 'node_modules/json-parse-even-better-errors/package.json', 438, 420 ]
5931 silly gunzTarPerm extractEntry node_modules/json-parse-even-better-errors/lib/index.js
5932 silly gunzTarPerm modified mode [ 'node_modules/json-parse-even-better-errors/lib/index.js', 438, 420 ]
5933 silly gunzTarPerm extractEntry node_modules/libnpmaccess/package.json
5934 silly gunzTarPerm modified mode [ 'node_modules/libnpmaccess/package.json', 438, 420 ]
5935 silly gunzTarPerm extractEntry node_modules/libnpmaccess/README.md
5936 silly gunzTarPerm modified mode [ 'node_modules/libnpmaccess/README.md', 438, 420 ]
5937 silly gunzTarPerm extractEntry node_modules/libnpmaccess/lib/index.js
5938 silly gunzTarPerm modified mode [ 'node_modules/libnpmaccess/lib/index.js', 438, 420 ]
5939 silly gunzTarPerm extractEntry node_modules/libnpmdiff/package.json
5940 silly gunzTarPerm modified mode [ 'node_modules/libnpmdiff/package.json', 438, 420 ]
5941 silly gunzTarPerm extractEntry node_modules/libnpmdiff/README.md
5942 silly gunzTarPerm modified mode [ 'node_modules/libnpmdiff/README.md', 438, 420 ]
5943 silly gunzTarPerm extractEntry node_modules/libnpmdiff/lib/untar.js
5944 silly gunzTarPerm modified mode [ 'node_modules/libnpmdiff/lib/untar.js', 438, 420 ]
5945 silly gunzTarPerm extractEntry node_modules/libnpmdiff/lib/tarball.js
5946 silly gunzTarPerm modified mode [ 'node_modules/libnpmdiff/lib/tarball.js', 438, 420 ]
5947 silly gunzTarPerm extractEntry node_modules/libnpmdiff/lib/should-print-patch.js
5948 silly gunzTarPerm modified mode [ 'node_modules/libnpmdiff/lib/should-print-patch.js', 438, 420 ]
5949 silly gunzTarPerm extractEntry node_modules/libnpmdiff/lib/index.js
5950 silly gunzTarPerm modified mode [ 'node_modules/libnpmdiff/lib/index.js', 438, 420 ]
5951 silly gunzTarPerm extractEntry node_modules/libnpmdiff/lib/format-diff.js
5952 silly gunzTarPerm modified mode [ 'node_modules/libnpmdiff/lib/format-diff.js', 438, 420 ]
5953 silly gunzTarPerm extractEntry node_modules/libnpmexec/package.json
5954 silly gunzTarPerm modified mode [ 'node_modules/libnpmexec/package.json', 438, 420 ]
5955 silly gunzTarPerm extractEntry node_modules/libnpmexec/README.md
5956 silly gunzTarPerm modified mode [ 'node_modules/libnpmexec/README.md', 438, 420 ]
5957 silly gunzTarPerm extractEntry node_modules/libnpmexec/lib/run-script.js
5958 silly gunzTarPerm modified mode [ 'node_modules/libnpmexec/lib/run-script.js', 438, 420 ]
5959 silly gunzTarPerm extractEntry node_modules/libnpmexec/lib/no-tty.js
5960 silly gunzTarPerm modified mode [ 'node_modules/libnpmexec/lib/no-tty.js', 438, 420 ]
5961 silly gunzTarPerm extractEntry node_modules/libnpmexec/lib/is-windows.js
5962 silly gunzTarPerm modified mode [ 'node_modules/libnpmexec/lib/is-windows.js', 438, 420 ]
5963 silly gunzTarPerm extractEntry node_modules/libnpmexec/lib/index.js
5964 silly gunzTarPerm modified mode [ 'node_modules/libnpmexec/lib/index.js', 438, 420 ]
5965 silly gunzTarPerm extractEntry node_modules/libnpmexec/lib/get-bin-from-manifest.js
5966 silly gunzTarPerm modified mode [ 'node_modules/libnpmexec/lib/get-bin-from-manifest.js', 438, 420 ]
5967 silly gunzTarPerm extractEntry node_modules/libnpmexec/lib/file-exists.js
5968 silly gunzTarPerm modified mode [ 'node_modules/libnpmexec/lib/file-exists.js', 438, 420 ]
5969 silly gunzTarPerm extractEntry node_modules/libnpmfund/package.json
5970 silly gunzTarPerm modified mode [ 'node_modules/libnpmfund/package.json', 438, 420 ]
5971 silly gunzTarPerm extractEntry node_modules/libnpmfund/README.md
5972 silly gunzTarPerm modified mode [ 'node_modules/libnpmfund/README.md', 438, 420 ]
5973 silly gunzTarPerm extractEntry node_modules/libnpmfund/lib/index.js
5974 silly gunzTarPerm modified mode [ 'node_modules/libnpmfund/lib/index.js', 438, 420 ]
5975 silly gunzTarPerm extractEntry node_modules/libnpmorg/package.json
5976 silly gunzTarPerm modified mode [ 'node_modules/libnpmorg/package.json', 438, 420 ]
5977 silly gunzTarPerm extractEntry node_modules/libnpmorg/README.md
5978 silly gunzTarPerm modified mode [ 'node_modules/libnpmorg/README.md', 438, 420 ]
5979 silly gunzTarPerm extractEntry node_modules/libnpmorg/lib/index.js
5980 silly gunzTarPerm modified mode [ 'node_modules/libnpmorg/lib/index.js', 438, 420 ]
5981 silly gunzTarPerm extractEntry node_modules/libnpmpack/package.json
5982 silly gunzTarPerm modified mode [ 'node_modules/libnpmpack/package.json', 438, 420 ]
5983 silly gunzTarPerm extractEntry node_modules/libnpmpack/README.md
5984 silly gunzTarPerm modified mode [ 'node_modules/libnpmpack/README.md', 438, 420 ]
5985 silly gunzTarPerm extractEntry node_modules/libnpmpack/lib/index.js
5986 silly gunzTarPerm modified mode [ 'node_modules/libnpmpack/lib/index.js', 438, 420 ]
5987 silly gunzTarPerm extractEntry node_modules/libnpmpublish/package.json
5988 silly gunzTarPerm modified mode [ 'node_modules/libnpmpublish/package.json', 438, 420 ]
5989 silly gunzTarPerm extractEntry node_modules/libnpmpublish/README.md
5990 silly gunzTarPerm modified mode [ 'node_modules/libnpmpublish/README.md', 438, 420 ]
5991 silly gunzTarPerm extractEntry node_modules/libnpmpublish/lib/unpublish.js
5992 silly gunzTarPerm modified mode [ 'node_modules/libnpmpublish/lib/unpublish.js', 438, 420 ]
5993 silly gunzTarPerm extractEntry node_modules/libnpmpublish/lib/publish.js
5994 silly gunzTarPerm modified mode [ 'node_modules/libnpmpublish/lib/publish.js', 438, 420 ]
5995 silly gunzTarPerm extractEntry node_modules/libnpmpublish/lib/provenance.js
5996 silly gunzTarPerm modified mode [ 'node_modules/libnpmpublish/lib/provenance.js', 438, 420 ]
5997 silly gunzTarPerm extractEntry node_modules/libnpmpublish/lib/index.js
5998 silly gunzTarPerm modified mode [ 'node_modules/libnpmpublish/lib/index.js', 438, 420 ]
5999 silly gunzTarPerm extractEntry node_modules/libnpmsearch/package.json
6000 silly gunzTarPerm modified mode [ 'node_modules/libnpmsearch/package.json', 438, 420 ]
6001 silly gunzTarPerm extractEntry node_modules/libnpmsearch/README.md
6002 silly gunzTarPerm modified mode [ 'node_modules/libnpmsearch/README.md', 438, 420 ]
6003 silly gunzTarPerm extractEntry node_modules/libnpmsearch/lib/index.js
6004 silly gunzTarPerm modified mode [ 'node_modules/libnpmsearch/lib/index.js', 438, 420 ]
6005 silly gunzTarPerm extractEntry node_modules/libnpmteam/package.json
6006 silly gunzTarPerm modified mode [ 'node_modules/libnpmteam/package.json', 438, 420 ]
6007 silly gunzTarPerm extractEntry node_modules/libnpmteam/README.md
6008 silly gunzTarPerm modified mode [ 'node_modules/libnpmteam/README.md', 438, 420 ]
6009 silly gunzTarPerm extractEntry node_modules/libnpmteam/lib/index.js
6010 silly gunzTarPerm modified mode [ 'node_modules/libnpmteam/lib/index.js', 438, 420 ]
6011 silly gunzTarPerm extractEntry node_modules/libnpmversion/package.json
6012 silly gunzTarPerm modified mode [ 'node_modules/libnpmversion/package.json', 438, 420 ]
6013 silly gunzTarPerm extractEntry node_modules/libnpmversion/README.md
6014 silly gunzTarPerm modified mode [ 'node_modules/libnpmversion/README.md', 438, 420 ]
6015 silly gunzTarPerm extractEntry node_modules/libnpmversion/lib/write-json.js
6016 silly gunzTarPerm modified mode [ 'node_modules/libnpmversion/lib/write-json.js', 438, 420 ]
6017 silly gunzTarPerm extractEntry node_modules/libnpmversion/lib/version.js
6018 silly gunzTarPerm modified mode [ 'node_modules/libnpmversion/lib/version.js', 438, 420 ]
6019 silly gunzTarPerm extractEntry node_modules/libnpmversion/lib/tag.js
6020 silly gunzTarPerm modified mode [ 'node_modules/libnpmversion/lib/tag.js', 438, 420 ]
6021 silly gunzTarPerm extractEntry node_modules/libnpmversion/lib/retrieve-tag.js
6022 silly gunzTarPerm modified mode [ 'node_modules/libnpmversion/lib/retrieve-tag.js', 438, 420 ]
6023 silly gunzTarPerm extractEntry node_modules/libnpmversion/lib/read-json.js
6024 silly gunzTarPerm modified mode [ 'node_modules/libnpmversion/lib/read-json.js', 438, 420 ]
6025 silly gunzTarPerm extractEntry node_modules/libnpmversion/lib/index.js
6026 silly gunzTarPerm modified mode [ 'node_modules/libnpmversion/lib/index.js', 438, 420 ]
6027 silly gunzTarPerm extractEntry node_modules/libnpmversion/lib/enforce-clean.js
6028 silly gunzTarPerm modified mode [ 'node_modules/libnpmversion/lib/enforce-clean.js', 438, 420 ]
6029 silly gunzTarPerm extractEntry node_modules/libnpmversion/lib/commit.js
6030 silly gunzTarPerm modified mode [ 'node_modules/libnpmversion/lib/commit.js', 438, 420 ]
6031 silly gunzTarPerm extractEntry node_modules/make-fetch-happen/package.json
6032 silly gunzTarPerm modified mode [ 'node_modules/make-fetch-happen/package.json', 438, 420 ]
6033 silly gunzTarPerm extractEntry node_modules/make-fetch-happen/lib/remote.js
6034 silly gunzTarPerm modified mode [ 'node_modules/make-fetch-happen/lib/remote.js', 438, 420 ]
6035 silly gunzTarPerm extractEntry node_modules/make-fetch-happen/lib/pipeline.js
6036 silly gunzTarPerm modified mode [ 'node_modules/make-fetch-happen/lib/pipeline.js', 438, 420 ]
6037 silly gunzTarPerm extractEntry node_modules/make-fetch-happen/lib/options.js
6038 silly gunzTarPerm modified mode [ 'node_modules/make-fetch-happen/lib/options.js', 438, 420 ]
6039 silly gunzTarPerm extractEntry node_modules/make-fetch-happen/lib/index.js
6040 silly gunzTarPerm modified mode [ 'node_modules/make-fetch-happen/lib/index.js', 438, 420 ]
6041 silly gunzTarPerm extractEntry node_modules/make-fetch-happen/lib/fetch.js
6042 silly gunzTarPerm modified mode [ 'node_modules/make-fetch-happen/lib/fetch.js', 438, 420 ]
6043 silly gunzTarPerm extractEntry node_modules/make-fetch-happen/lib/cache/policy.js
6044 silly gunzTarPerm modified mode [ 'node_modules/make-fetch-happen/lib/cache/policy.js', 438, 420 ]
6045 silly gunzTarPerm extractEntry node_modules/make-fetch-happen/lib/cache/key.js
6046 silly gunzTarPerm modified mode [ 'node_modules/make-fetch-happen/lib/cache/key.js', 438, 420 ]
6047 silly gunzTarPerm extractEntry node_modules/make-fetch-happen/lib/cache/index.js
6048 silly gunzTarPerm modified mode [ 'node_modules/make-fetch-happen/lib/cache/index.js', 438, 420 ]
6049 silly gunzTarPerm extractEntry node_modules/make-fetch-happen/lib/cache/errors.js
6050 silly gunzTarPerm modified mode [ 'node_modules/make-fetch-happen/lib/cache/errors.js', 438, 420 ]
6051 silly gunzTarPerm extractEntry node_modules/make-fetch-happen/lib/cache/entry.js
6052 silly gunzTarPerm modified mode [ 'node_modules/make-fetch-happen/lib/cache/entry.js', 438, 420 ]
6053 silly gunzTarPerm extractEntry node_modules/make-fetch-happen/node_modules/negotiator/package.json
6054 silly gunzTarPerm modified mode [
6054 silly gunzTarPerm   'node_modules/make-fetch-happen/node_modules/negotiator/package.json',
6054 silly gunzTarPerm   438,
6054 silly gunzTarPerm   420
6054 silly gunzTarPerm ]
6055 silly gunzTarPerm extractEntry node_modules/make-fetch-happen/node_modules/negotiator/LICENSE
6056 silly gunzTarPerm modified mode [
6056 silly gunzTarPerm   'node_modules/make-fetch-happen/node_modules/negotiator/LICENSE',
6056 silly gunzTarPerm   438,
6056 silly gunzTarPerm   420
6056 silly gunzTarPerm ]
6057 silly gunzTarPerm extractEntry node_modules/make-fetch-happen/node_modules/negotiator/index.js
6058 silly gunzTarPerm modified mode [
6058 silly gunzTarPerm   'node_modules/make-fetch-happen/node_modules/negotiator/index.js',
6058 silly gunzTarPerm   438,
6058 silly gunzTarPerm   420
6058 silly gunzTarPerm ]
6059 silly gunzTarPerm extractEntry node_modules/make-fetch-happen/node_modules/negotiator/HISTORY.md
6060 silly gunzTarPerm modified mode [
6060 silly gunzTarPerm   'node_modules/make-fetch-happen/node_modules/negotiator/HISTORY.md',
6060 silly gunzTarPerm   438,
6060 silly gunzTarPerm   420
6060 silly gunzTarPerm ]
6061 silly gunzTarPerm extractEntry node_modules/make-fetch-happen/node_modules/negotiator/lib/mediaType.js
6062 silly gunzTarPerm modified mode [
6062 silly gunzTarPerm   'node_modules/make-fetch-happen/node_modules/negotiator/lib/mediaType.js',
6062 silly gunzTarPerm   438,
6062 silly gunzTarPerm   420
6062 silly gunzTarPerm ]
6063 silly gunzTarPerm extractEntry node_modules/make-fetch-happen/node_modules/negotiator/lib/language.js
6064 silly gunzTarPerm modified mode [
6064 silly gunzTarPerm   'node_modules/make-fetch-happen/node_modules/negotiator/lib/language.js',
6064 silly gunzTarPerm   438,
6064 silly gunzTarPerm   420
6064 silly gunzTarPerm ]
6065 silly gunzTarPerm extractEntry node_modules/make-fetch-happen/node_modules/negotiator/lib/encoding.js
6066 silly gunzTarPerm modified mode [
6066 silly gunzTarPerm   'node_modules/make-fetch-happen/node_modules/negotiator/lib/encoding.js',
6066 silly gunzTarPerm   438,
6066 silly gunzTarPerm   420
6066 silly gunzTarPerm ]
6067 silly gunzTarPerm extractEntry node_modules/make-fetch-happen/node_modules/negotiator/lib/charset.js
6068 silly gunzTarPerm modified mode [
6068 silly gunzTarPerm   'node_modules/make-fetch-happen/node_modules/negotiator/lib/charset.js',
6068 silly gunzTarPerm   438,
6068 silly gunzTarPerm   420
6068 silly gunzTarPerm ]
6069 silly gunzTarPerm extractEntry node_modules/minimatch/package.json
6070 silly gunzTarPerm modified mode [ 'node_modules/minimatch/package.json', 438, 420 ]
6071 silly gunzTarPerm extractEntry node_modules/minimatch/dist/commonjs/package.json
6072 silly gunzTarPerm modified mode [ 'node_modules/minimatch/dist/commonjs/package.json', 438, 420 ]
6073 silly gunzTarPerm extractEntry node_modules/minimatch/dist/commonjs/unescape.js
6074 silly gunzTarPerm modified mode [ 'node_modules/minimatch/dist/commonjs/unescape.js', 438, 420 ]
6075 silly gunzTarPerm extractEntry node_modules/minimatch/dist/commonjs/index.js
6076 silly gunzTarPerm modified mode [ 'node_modules/minimatch/dist/commonjs/index.js', 438, 420 ]
6077 silly gunzTarPerm extractEntry node_modules/minimatch/dist/commonjs/escape.js
6078 silly gunzTarPerm modified mode [ 'node_modules/minimatch/dist/commonjs/escape.js', 438, 420 ]
6079 silly gunzTarPerm extractEntry node_modules/minimatch/dist/commonjs/brace-expressions.js
6080 silly gunzTarPerm modified mode [
6080 silly gunzTarPerm   'node_modules/minimatch/dist/commonjs/brace-expressions.js',
6080 silly gunzTarPerm   438,
6080 silly gunzTarPerm   420
6080 silly gunzTarPerm ]
6081 silly gunzTarPerm extractEntry node_modules/minimatch/dist/commonjs/ast.js
6082 silly gunzTarPerm modified mode [ 'node_modules/minimatch/dist/commonjs/ast.js', 438, 420 ]
6083 silly gunzTarPerm extractEntry node_modules/minimatch/dist/commonjs/assert-valid-pattern.js
6084 silly gunzTarPerm modified mode [
6084 silly gunzTarPerm   'node_modules/minimatch/dist/commonjs/assert-valid-pattern.js',
6084 silly gunzTarPerm   438,
6084 silly gunzTarPerm   420
6084 silly gunzTarPerm ]
6085 silly gunzTarPerm extractEntry node_modules/minimatch/dist/esm/package.json
6086 silly gunzTarPerm modified mode [ 'node_modules/minimatch/dist/esm/package.json', 438, 420 ]
6087 silly gunzTarPerm extractEntry node_modules/minimatch/dist/esm/unescape.js
6088 silly gunzTarPerm modified mode [ 'node_modules/minimatch/dist/esm/unescape.js', 438, 420 ]
6089 silly gunzTarPerm extractEntry node_modules/minimatch/dist/esm/index.js
6090 silly gunzTarPerm modified mode [ 'node_modules/minimatch/dist/esm/index.js', 438, 420 ]
6091 silly gunzTarPerm extractEntry node_modules/minimatch/dist/esm/escape.js
6092 silly gunzTarPerm modified mode [ 'node_modules/minimatch/dist/esm/escape.js', 438, 420 ]
6093 silly gunzTarPerm extractEntry node_modules/minimatch/dist/esm/brace-expressions.js
6094 silly gunzTarPerm modified mode [ 'node_modules/minimatch/dist/esm/brace-expressions.js', 438, 420 ]
6095 silly gunzTarPerm extractEntry node_modules/minimatch/dist/esm/ast.js
6096 silly gunzTarPerm modified mode [ 'node_modules/minimatch/dist/esm/ast.js', 438, 420 ]
6097 silly gunzTarPerm extractEntry node_modules/minimatch/dist/esm/assert-valid-pattern.js
6098 silly gunzTarPerm modified mode [ 'node_modules/minimatch/dist/esm/assert-valid-pattern.js', 438, 420 ]
6099 silly gunzTarPerm extractEntry node_modules/minipass/package.json
6100 silly gunzTarPerm modified mode [ 'node_modules/minipass/package.json', 438, 420 ]
6101 silly gunzTarPerm extractEntry node_modules/minipass/dist/commonjs/package.json
6102 silly gunzTarPerm modified mode [ 'node_modules/minipass/dist/commonjs/package.json', 438, 420 ]
6103 silly gunzTarPerm extractEntry node_modules/minipass/dist/commonjs/index.js
6104 silly gunzTarPerm modified mode [ 'node_modules/minipass/dist/commonjs/index.js', 438, 420 ]
6105 silly gunzTarPerm extractEntry node_modules/minipass/dist/esm/package.json
6106 silly gunzTarPerm modified mode [ 'node_modules/minipass/dist/esm/package.json', 438, 420 ]
6107 silly gunzTarPerm extractEntry node_modules/minipass/dist/esm/index.js
6108 silly gunzTarPerm modified mode [ 'node_modules/minipass/dist/esm/index.js', 438, 420 ]
6109 silly gunzTarPerm extractEntry node_modules/minipass-pipeline/package.json
6110 silly gunzTarPerm modified mode [ 'node_modules/minipass-pipeline/package.json', 438, 420 ]
6111 silly gunzTarPerm extractEntry node_modules/minipass-pipeline/index.js
6112 silly gunzTarPerm modified mode [ 'node_modules/minipass-pipeline/index.js', 438, 420 ]
6113 silly gunzTarPerm extractEntry node_modules/minipass-pipeline/node_modules/minipass/package.json
6114 silly gunzTarPerm modified mode [
6114 silly gunzTarPerm   'node_modules/minipass-pipeline/node_modules/minipass/package.json',
6114 silly gunzTarPerm   438,
6114 silly gunzTarPerm   420
6114 silly gunzTarPerm ]
6115 silly gunzTarPerm extractEntry node_modules/minipass-pipeline/node_modules/minipass/index.js
6116 silly gunzTarPerm modified mode [
6116 silly gunzTarPerm   'node_modules/minipass-pipeline/node_modules/minipass/index.js',
6116 silly gunzTarPerm   438,
6116 silly gunzTarPerm   420
6116 silly gunzTarPerm ]
6117 silly gunzTarPerm extractEntry node_modules/ms/package.json
6118 silly gunzTarPerm modified mode [ 'node_modules/ms/package.json', 438, 420 ]
6119 silly gunzTarPerm extractEntry node_modules/ms/index.js
6120 silly gunzTarPerm modified mode [ 'node_modules/ms/index.js', 438, 420 ]
6121 silly gunzTarPerm extractEntry node_modules/node-gyp/package.json
6122 silly gunzTarPerm modified mode [ 'node_modules/node-gyp/package.json', 438, 420 ]
6123 silly gunzTarPerm extractEntry node_modules/node-gyp/README.md
6124 silly gunzTarPerm modified mode [ 'node_modules/node-gyp/README.md', 438, 420 ]
6125 silly gunzTarPerm extractEntry node_modules/node-gyp/LICENSE
6126 silly gunzTarPerm modified mode [ 'node_modules/node-gyp/LICENSE', 438, 420 ]
6127 silly gunzTarPerm extractEntry node_modules/node-gyp/eslint.config.js
6128 silly gunzTarPerm modified mode [ 'node_modules/node-gyp/eslint.config.js', 438, 420 ]
6129 silly gunzTarPerm extractEntry node_modules/node-gyp/.release-please-manifest.json
6130 silly gunzTarPerm modified mode [ 'node_modules/node-gyp/.release-please-manifest.json', 438, 420 ]
6131 silly gunzTarPerm extractEntry node_modules/node-gyp/addon.gypi
6132 silly gunzTarPerm modified mode [ 'node_modules/node-gyp/addon.gypi', 438, 420 ]
6133 silly gunzTarPerm extractEntry node_modules/node-gyp/bin/node-gyp.js
6134 silly gunzTarPerm modified mode [ 'node_modules/node-gyp/bin/node-gyp.js', 438, 420 ]
6135 silly gunzTarPerm extractEntry node_modules/node-gyp/CHANGELOG.md
6136 silly gunzTarPerm modified mode [ 'node_modules/node-gyp/CHANGELOG.md', 438, 420 ]
6137 silly gunzTarPerm extractEntry node_modules/node-gyp/CODE_OF_CONDUCT.md
6138 silly gunzTarPerm modified mode [ 'node_modules/node-gyp/CODE_OF_CONDUCT.md', 438, 420 ]
6139 silly gunzTarPerm extractEntry node_modules/node-gyp/CONTRIBUTING.md
6140 silly gunzTarPerm modified mode [ 'node_modules/node-gyp/CONTRIBUTING.md', 438, 420 ]
6141 silly gunzTarPerm extractEntry node_modules/node-gyp/gyp/LICENSE
6142 silly gunzTarPerm modified mode [ 'node_modules/node-gyp/gyp/LICENSE', 438, 420 ]
6143 silly gunzTarPerm extractEntry node_modules/node-gyp/gyp/.release-please-manifest.json
6144 silly gunzTarPerm modified mode [ 'node_modules/node-gyp/gyp/.release-please-manifest.json', 438, 420 ]
6145 silly gunzTarPerm extractEntry node_modules/node-gyp/gyp/data/ninja/build.ninja
6146 silly gunzTarPerm modified mode [ 'node_modules/node-gyp/gyp/data/ninja/build.ninja', 438, 420 ]
6147 silly gunzTarPerm extractEntry node_modules/node-gyp/gyp/data/win/large-pdb-shim.cc
6148 silly gunzTarPerm modified mode [ 'node_modules/node-gyp/gyp/data/win/large-pdb-shim.cc', 438, 420 ]
6149 silly gunzTarPerm extractEntry node_modules/node-gyp/gyp/docs/README.md
6150 silly gunzTarPerm modified mode [ 'node_modules/node-gyp/gyp/docs/README.md', 438, 420 ]
6151 silly gunzTarPerm extractEntry node_modules/node-gyp/gyp/docs/GypVsCMake.md
6152 silly gunzTarPerm modified mode [ 'node_modules/node-gyp/gyp/docs/GypVsCMake.md', 438, 420 ]
6153 silly gunzTarPerm extractEntry node_modules/node-gyp/gyp/docs/Hacking.md
6154 silly gunzTarPerm modified mode [ 'node_modules/node-gyp/gyp/docs/Hacking.md', 438, 420 ]
6155 silly gunzTarPerm extractEntry node_modules/node-gyp/gyp/docs/InputFormatReference.md
6156 silly gunzTarPerm modified mode [ 'node_modules/node-gyp/gyp/docs/InputFormatReference.md', 438, 420 ]
6157 silly gunzTarPerm extractEntry node_modules/node-gyp/gyp/docs/LanguageSpecification.md
6158 silly gunzTarPerm modified mode [ 'node_modules/node-gyp/gyp/docs/LanguageSpecification.md', 438, 420 ]
6159 silly gunzTarPerm extractEntry node_modules/node-gyp/gyp/docs/Testing.md
6160 silly gunzTarPerm modified mode [ 'node_modules/node-gyp/gyp/docs/Testing.md', 438, 420 ]
6161 silly gunzTarPerm extractEntry node_modules/node-gyp/gyp/docs/UserDocumentation.md
6162 silly gunzTarPerm modified mode [ 'node_modules/node-gyp/gyp/docs/UserDocumentation.md', 438, 420 ]
6163 silly gunzTarPerm extractEntry node_modules/node-gyp/gyp/gyp
6164 silly gunzTarPerm modified mode [ 'node_modules/node-gyp/gyp/gyp', 438, 420 ]
6165 silly gunzTarPerm extractEntry node_modules/node-gyp/gyp/gyp.bat
6166 silly gunzTarPerm modified mode [ 'node_modules/node-gyp/gyp/gyp.bat', 438, 420 ]
6167 silly gunzTarPerm extractEntry node_modules/node-gyp/gyp/gyp_main.py
6168 silly gunzTarPerm modified mode [ 'node_modules/node-gyp/gyp/gyp_main.py', 438, 420 ]
6169 silly gunzTarPerm extractEntry node_modules/node-gyp/gyp/pylib/gyp/common.py
6170 silly gunzTarPerm modified mode [ 'node_modules/node-gyp/gyp/pylib/gyp/common.py', 438, 420 ]
6171 silly gunzTarPerm extractEntry node_modules/node-gyp/gyp/pylib/gyp/common_test.py
6172 silly gunzTarPerm modified mode [ 'node_modules/node-gyp/gyp/pylib/gyp/common_test.py', 438, 420 ]
6173 silly gunzTarPerm extractEntry node_modules/node-gyp/gyp/pylib/gyp/easy_xml.py
6174 silly gunzTarPerm modified mode [ 'node_modules/node-gyp/gyp/pylib/gyp/easy_xml.py', 438, 420 ]
6175 silly gunzTarPerm extractEntry node_modules/node-gyp/gyp/pylib/gyp/easy_xml_test.py
6176 silly gunzTarPerm modified mode [ 'node_modules/node-gyp/gyp/pylib/gyp/easy_xml_test.py', 438, 420 ]
6177 silly gunzTarPerm extractEntry node_modules/node-gyp/gyp/pylib/gyp/flock_tool.py
6178 silly gunzTarPerm modified mode [ 'node_modules/node-gyp/gyp/pylib/gyp/flock_tool.py', 438, 420 ]
6179 silly gunzTarPerm extractEntry node_modules/node-gyp/gyp/pylib/gyp/generator/analyzer.py
6180 silly gunzTarPerm modified mode [
6180 silly gunzTarPerm   'node_modules/node-gyp/gyp/pylib/gyp/generator/analyzer.py',
6180 silly gunzTarPerm   438,
6180 silly gunzTarPerm   420
6180 silly gunzTarPerm ]
6181 silly gunzTarPerm extractEntry node_modules/node-gyp/gyp/pylib/gyp/generator/android.py
6182 silly gunzTarPerm modified mode [
6182 silly gunzTarPerm   'node_modules/node-gyp/gyp/pylib/gyp/generator/android.py',
6182 silly gunzTarPerm   438,
6182 silly gunzTarPerm   420
6182 silly gunzTarPerm ]
6183 silly gunzTarPerm extractEntry node_modules/node-gyp/gyp/pylib/gyp/generator/cmake.py
6184 silly gunzTarPerm modified mode [ 'node_modules/node-gyp/gyp/pylib/gyp/generator/cmake.py', 438, 420 ]
6185 silly gunzTarPerm extractEntry node_modules/node-gyp/gyp/pylib/gyp/generator/compile_commands_json.py
6186 silly gunzTarPerm modified mode [
6186 silly gunzTarPerm   'node_modules/node-gyp/gyp/pylib/gyp/generator/compile_commands_json.py',
6186 silly gunzTarPerm   438,
6186 silly gunzTarPerm   420
6186 silly gunzTarPerm ]
6187 silly gunzTarPerm extractEntry node_modules/node-gyp/gyp/pylib/gyp/generator/dump_dependency_json.py
6188 silly gunzTarPerm modified mode [
6188 silly gunzTarPerm   'node_modules/node-gyp/gyp/pylib/gyp/generator/dump_dependency_json.py',
6188 silly gunzTarPerm   438,
6188 silly gunzTarPerm   420
6188 silly gunzTarPerm ]
6189 silly gunzTarPerm extractEntry node_modules/node-gyp/gyp/pylib/gyp/generator/eclipse.py
6190 silly gunzTarPerm modified mode [
6190 silly gunzTarPerm   'node_modules/node-gyp/gyp/pylib/gyp/generator/eclipse.py',
6190 silly gunzTarPerm   438,
6190 silly gunzTarPerm   420
6190 silly gunzTarPerm ]
6191 silly gunzTarPerm extractEntry node_modules/node-gyp/gyp/pylib/gyp/generator/gypd.py
6192 silly gunzTarPerm modified mode [ 'node_modules/node-gyp/gyp/pylib/gyp/generator/gypd.py', 438, 420 ]
6193 silly gunzTarPerm extractEntry node_modules/node-gyp/gyp/pylib/gyp/generator/gypsh.py
6194 silly gunzTarPerm modified mode [ 'node_modules/node-gyp/gyp/pylib/gyp/generator/gypsh.py', 438, 420 ]
6195 silly gunzTarPerm extractEntry node_modules/node-gyp/gyp/pylib/gyp/generator/make.py
6196 silly gunzTarPerm modified mode [ 'node_modules/node-gyp/gyp/pylib/gyp/generator/make.py', 438, 420 ]
6197 silly gunzTarPerm extractEntry node_modules/node-gyp/gyp/pylib/gyp/generator/msvs.py
6198 silly gunzTarPerm modified mode [ 'node_modules/node-gyp/gyp/pylib/gyp/generator/msvs.py', 438, 420 ]
6199 silly gunzTarPerm extractEntry node_modules/node-gyp/gyp/pylib/gyp/generator/msvs_test.py
6200 silly gunzTarPerm modified mode [
6200 silly gunzTarPerm   'node_modules/node-gyp/gyp/pylib/gyp/generator/msvs_test.py',
6200 silly gunzTarPerm   438,
6200 silly gunzTarPerm   420
6200 silly gunzTarPerm ]
6201 silly gunzTarPerm extractEntry node_modules/node-gyp/gyp/pylib/gyp/generator/ninja.py
6202 silly gunzTarPerm modified mode [ 'node_modules/node-gyp/gyp/pylib/gyp/generator/ninja.py', 438, 420 ]
6203 silly gunzTarPerm extractEntry node_modules/node-gyp/gyp/pylib/gyp/generator/ninja_test.py
6204 silly gunzTarPerm modified mode [
6204 silly gunzTarPerm   'node_modules/node-gyp/gyp/pylib/gyp/generator/ninja_test.py',
6204 silly gunzTarPerm   438,
6204 silly gunzTarPerm   420
6204 silly gunzTarPerm ]
6205 silly gunzTarPerm extractEntry node_modules/node-gyp/gyp/pylib/gyp/generator/xcode.py
6206 silly gunzTarPerm modified mode [ 'node_modules/node-gyp/gyp/pylib/gyp/generator/xcode.py', 438, 420 ]
6207 silly gunzTarPerm extractEntry node_modules/node-gyp/gyp/pylib/gyp/generator/xcode_test.py
6208 silly gunzTarPerm modified mode [
6208 silly gunzTarPerm   'node_modules/node-gyp/gyp/pylib/gyp/generator/xcode_test.py',
6208 silly gunzTarPerm   438,
6208 silly gunzTarPerm   420
6208 silly gunzTarPerm ]
6209 silly gunzTarPerm extractEntry node_modules/node-gyp/gyp/pylib/gyp/generator/__init__.py
6210 silly gunzTarPerm modified mode [
6210 silly gunzTarPerm   'node_modules/node-gyp/gyp/pylib/gyp/generator/__init__.py',
6210 silly gunzTarPerm   438,
6210 silly gunzTarPerm   420
6210 silly gunzTarPerm ]
6211 silly gunzTarPerm extractEntry node_modules/node-gyp/gyp/pylib/gyp/input.py
6212 silly gunzTarPerm modified mode [ 'node_modules/node-gyp/gyp/pylib/gyp/input.py', 438, 420 ]
6213 silly gunzTarPerm extractEntry node_modules/node-gyp/gyp/pylib/gyp/input_test.py
6214 silly gunzTarPerm modified mode [ 'node_modules/node-gyp/gyp/pylib/gyp/input_test.py', 438, 420 ]
6215 silly gunzTarPerm extractEntry node_modules/node-gyp/gyp/pylib/gyp/mac_tool.py
6216 silly gunzTarPerm modified mode [ 'node_modules/node-gyp/gyp/pylib/gyp/mac_tool.py', 438, 420 ]
6217 silly gunzTarPerm extractEntry node_modules/node-gyp/gyp/pylib/gyp/MSVSNew.py
6218 silly gunzTarPerm modified mode [ 'node_modules/node-gyp/gyp/pylib/gyp/MSVSNew.py', 438, 420 ]
6219 silly gunzTarPerm extractEntry node_modules/node-gyp/gyp/pylib/gyp/MSVSProject.py
6220 silly gunzTarPerm modified mode [ 'node_modules/node-gyp/gyp/pylib/gyp/MSVSProject.py', 438, 420 ]
6221 silly gunzTarPerm extractEntry node_modules/node-gyp/gyp/pylib/gyp/MSVSSettings.py
6222 silly gunzTarPerm modified mode [ 'node_modules/node-gyp/gyp/pylib/gyp/MSVSSettings.py', 438, 420 ]
6223 silly gunzTarPerm extractEntry node_modules/node-gyp/gyp/pylib/gyp/MSVSSettings_test.py
6224 silly gunzTarPerm modified mode [
6224 silly gunzTarPerm   'node_modules/node-gyp/gyp/pylib/gyp/MSVSSettings_test.py',
6224 silly gunzTarPerm   438,
6224 silly gunzTarPerm   420
6224 silly gunzTarPerm ]
6225 silly gunzTarPerm extractEntry node_modules/node-gyp/gyp/pylib/gyp/MSVSToolFile.py
6226 silly gunzTarPerm modified mode [ 'node_modules/node-gyp/gyp/pylib/gyp/MSVSToolFile.py', 438, 420 ]
6227 silly gunzTarPerm extractEntry node_modules/node-gyp/gyp/pylib/gyp/MSVSUserFile.py
6228 silly gunzTarPerm modified mode [ 'node_modules/node-gyp/gyp/pylib/gyp/MSVSUserFile.py', 438, 420 ]
6229 silly gunzTarPerm extractEntry node_modules/node-gyp/gyp/pylib/gyp/MSVSUtil.py
6230 silly gunzTarPerm modified mode [ 'node_modules/node-gyp/gyp/pylib/gyp/MSVSUtil.py', 438, 420 ]
6231 silly gunzTarPerm extractEntry node_modules/node-gyp/gyp/pylib/gyp/MSVSVersion.py
6232 silly gunzTarPerm modified mode [ 'node_modules/node-gyp/gyp/pylib/gyp/MSVSVersion.py', 438, 420 ]
6233 silly gunzTarPerm extractEntry node_modules/node-gyp/gyp/pylib/gyp/msvs_emulation.py
6234 silly gunzTarPerm modified mode [ 'node_modules/node-gyp/gyp/pylib/gyp/msvs_emulation.py', 438, 420 ]
6235 silly gunzTarPerm extractEntry node_modules/node-gyp/gyp/pylib/gyp/ninja_syntax.py
6236 silly gunzTarPerm modified mode [ 'node_modules/node-gyp/gyp/pylib/gyp/ninja_syntax.py', 438, 420 ]
6237 silly gunzTarPerm extractEntry node_modules/node-gyp/gyp/pylib/gyp/simple_copy.py
6238 silly gunzTarPerm modified mode [ 'node_modules/node-gyp/gyp/pylib/gyp/simple_copy.py', 438, 420 ]
6239 silly gunzTarPerm extractEntry node_modules/node-gyp/gyp/pylib/gyp/win_tool.py
6240 silly gunzTarPerm modified mode [ 'node_modules/node-gyp/gyp/pylib/gyp/win_tool.py', 438, 420 ]
6241 silly gunzTarPerm extractEntry node_modules/node-gyp/gyp/pylib/gyp/xcodeproj_file.py
6242 silly gunzTarPerm modified mode [ 'node_modules/node-gyp/gyp/pylib/gyp/xcodeproj_file.py', 438, 420 ]
6243 silly gunzTarPerm extractEntry node_modules/node-gyp/gyp/pylib/gyp/xcode_emulation.py
6244 silly gunzTarPerm modified mode [ 'node_modules/node-gyp/gyp/pylib/gyp/xcode_emulation.py', 438, 420 ]
6245 silly gunzTarPerm extractEntry node_modules/node-gyp/gyp/pylib/gyp/xcode_emulation_test.py
6246 silly gunzTarPerm modified mode [
6246 silly gunzTarPerm   'node_modules/node-gyp/gyp/pylib/gyp/xcode_emulation_test.py',
6246 silly gunzTarPerm   438,
6246 silly gunzTarPerm   420
6246 silly gunzTarPerm ]
6247 silly gunzTarPerm extractEntry node_modules/node-gyp/gyp/pylib/gyp/xcode_ninja.py
6248 silly gunzTarPerm modified mode [ 'node_modules/node-gyp/gyp/pylib/gyp/xcode_ninja.py', 438, 420 ]
6249 silly gunzTarPerm extractEntry node_modules/node-gyp/gyp/pylib/gyp/xml_fix.py
6250 silly gunzTarPerm modified mode [ 'node_modules/node-gyp/gyp/pylib/gyp/xml_fix.py', 438, 420 ]
6251 silly gunzTarPerm extractEntry node_modules/node-gyp/gyp/pylib/gyp/__init__.py
6252 silly gunzTarPerm modified mode [ 'node_modules/node-gyp/gyp/pylib/gyp/__init__.py', 438, 420 ]
6253 silly gunzTarPerm extractEntry node_modules/node-gyp/gyp/pylib/packaging/LICENSE
6254 silly gunzTarPerm modified mode [ 'node_modules/node-gyp/gyp/pylib/packaging/LICENSE', 438, 420 ]
6255 silly gunzTarPerm extractEntry node_modules/node-gyp/gyp/pylib/packaging/LICENSE.APACHE
6256 silly gunzTarPerm modified mode [
6256 silly gunzTarPerm   'node_modules/node-gyp/gyp/pylib/packaging/LICENSE.APACHE',
6256 silly gunzTarPerm   438,
6256 silly gunzTarPerm   420
6256 silly gunzTarPerm ]
6257 silly gunzTarPerm extractEntry node_modules/node-gyp/gyp/pylib/packaging/LICENSE.BSD
6258 silly gunzTarPerm modified mode [ 'node_modules/node-gyp/gyp/pylib/packaging/LICENSE.BSD', 438, 420 ]
6259 silly gunzTarPerm extractEntry node_modules/node-gyp/gyp/pylib/packaging/markers.py
6260 silly gunzTarPerm modified mode [ 'node_modules/node-gyp/gyp/pylib/packaging/markers.py', 438, 420 ]
6261 silly gunzTarPerm extractEntry node_modules/node-gyp/gyp/pylib/packaging/metadata.py
6262 silly gunzTarPerm modified mode [ 'node_modules/node-gyp/gyp/pylib/packaging/metadata.py', 438, 420 ]
6263 silly gunzTarPerm extractEntry node_modules/node-gyp/gyp/pylib/packaging/py.typed
6264 silly gunzTarPerm modified mode [ 'node_modules/node-gyp/gyp/pylib/packaging/py.typed', 438, 420 ]
6265 silly gunzTarPerm extractEntry node_modules/node-gyp/gyp/pylib/packaging/requirements.py
6266 silly gunzTarPerm modified mode [
6266 silly gunzTarPerm   'node_modules/node-gyp/gyp/pylib/packaging/requirements.py',
6266 silly gunzTarPerm   438,
6266 silly gunzTarPerm   420
6266 silly gunzTarPerm ]
6267 silly gunzTarPerm extractEntry node_modules/node-gyp/gyp/pylib/packaging/specifiers.py
6268 silly gunzTarPerm modified mode [ 'node_modules/node-gyp/gyp/pylib/packaging/specifiers.py', 438, 420 ]
6269 silly gunzTarPerm extractEntry node_modules/node-gyp/gyp/pylib/packaging/tags.py
6270 silly gunzTarPerm modified mode [ 'node_modules/node-gyp/gyp/pylib/packaging/tags.py', 438, 420 ]
6271 silly gunzTarPerm extractEntry node_modules/node-gyp/gyp/pylib/packaging/utils.py
6272 silly gunzTarPerm modified mode [ 'node_modules/node-gyp/gyp/pylib/packaging/utils.py', 438, 420 ]
6273 silly gunzTarPerm extractEntry node_modules/node-gyp/gyp/pylib/packaging/version.py
6274 silly gunzTarPerm modified mode [ 'node_modules/node-gyp/gyp/pylib/packaging/version.py', 438, 420 ]
6275 silly gunzTarPerm extractEntry node_modules/node-gyp/gyp/pylib/packaging/_elffile.py
6276 silly gunzTarPerm modified mode [ 'node_modules/node-gyp/gyp/pylib/packaging/_elffile.py', 438, 420 ]
6277 silly gunzTarPerm extractEntry node_modules/node-gyp/gyp/pylib/packaging/_manylinux.py
6278 silly gunzTarPerm modified mode [ 'node_modules/node-gyp/gyp/pylib/packaging/_manylinux.py', 438, 420 ]
6279 silly gunzTarPerm extractEntry node_modules/node-gyp/gyp/pylib/packaging/_musllinux.py
6280 silly gunzTarPerm modified mode [ 'node_modules/node-gyp/gyp/pylib/packaging/_musllinux.py', 438, 420 ]
6281 silly gunzTarPerm extractEntry node_modules/node-gyp/gyp/pylib/packaging/_parser.py
6282 silly gunzTarPerm modified mode [ 'node_modules/node-gyp/gyp/pylib/packaging/_parser.py', 438, 420 ]
6283 silly gunzTarPerm extractEntry node_modules/node-gyp/gyp/pylib/packaging/_structures.py
6284 silly gunzTarPerm modified mode [
6284 silly gunzTarPerm   'node_modules/node-gyp/gyp/pylib/packaging/_structures.py',
6284 silly gunzTarPerm   438,
6284 silly gunzTarPerm   420
6284 silly gunzTarPerm ]
6285 silly gunzTarPerm extractEntry node_modules/node-gyp/gyp/pylib/packaging/_tokenizer.py
6286 silly gunzTarPerm modified mode [ 'node_modules/node-gyp/gyp/pylib/packaging/_tokenizer.py', 438, 420 ]
6287 silly gunzTarPerm extractEntry node_modules/node-gyp/gyp/pylib/packaging/__init__.py
6288 silly gunzTarPerm modified mode [ 'node_modules/node-gyp/gyp/pylib/packaging/__init__.py', 438, 420 ]
6289 silly gunzTarPerm extractEntry node_modules/node-gyp/gyp/pyproject.toml
6290 silly gunzTarPerm modified mode [ 'node_modules/node-gyp/gyp/pyproject.toml', 438, 420 ]
6291 silly gunzTarPerm extractEntry node_modules/node-gyp/gyp/release-please-config.json
6292 silly gunzTarPerm modified mode [ 'node_modules/node-gyp/gyp/release-please-config.json', 438, 420 ]
6293 silly gunzTarPerm extractEntry node_modules/node-gyp/gyp/test_gyp.py
6294 silly gunzTarPerm modified mode [ 'node_modules/node-gyp/gyp/test_gyp.py', 438, 420 ]
6295 silly gunzTarPerm extractEntry node_modules/node-gyp/lib/util.js
6296 silly gunzTarPerm modified mode [ 'node_modules/node-gyp/lib/util.js', 438, 420 ]
6297 silly gunzTarPerm extractEntry node_modules/node-gyp/lib/remove.js
6298 silly gunzTarPerm modified mode [ 'node_modules/node-gyp/lib/remove.js', 438, 420 ]
6299 silly gunzTarPerm extractEntry node_modules/node-gyp/lib/rebuild.js
6300 silly gunzTarPerm modified mode [ 'node_modules/node-gyp/lib/rebuild.js', 438, 420 ]
6301 silly gunzTarPerm extractEntry node_modules/node-gyp/lib/process-release.js
6302 silly gunzTarPerm modified mode [ 'node_modules/node-gyp/lib/process-release.js', 438, 420 ]
6303 silly gunzTarPerm extractEntry node_modules/node-gyp/lib/node-gyp.js
6304 silly gunzTarPerm modified mode [ 'node_modules/node-gyp/lib/node-gyp.js', 438, 420 ]
6305 silly gunzTarPerm extractEntry node_modules/node-gyp/lib/log.js
6306 silly gunzTarPerm modified mode [ 'node_modules/node-gyp/lib/log.js', 438, 420 ]
6307 silly gunzTarPerm extractEntry node_modules/node-gyp/lib/list.js
6308 silly gunzTarPerm modified mode [ 'node_modules/node-gyp/lib/list.js', 438, 420 ]
6309 silly gunzTarPerm extractEntry node_modules/node-gyp/lib/install.js
6310 silly gunzTarPerm modified mode [ 'node_modules/node-gyp/lib/install.js', 438, 420 ]
6311 silly gunzTarPerm extractEntry node_modules/node-gyp/lib/find-visualstudio.js
6312 silly gunzTarPerm modified mode [ 'node_modules/node-gyp/lib/find-visualstudio.js', 438, 420 ]
6313 silly gunzTarPerm extractEntry node_modules/node-gyp/lib/find-python.js
6314 silly gunzTarPerm modified mode [ 'node_modules/node-gyp/lib/find-python.js', 438, 420 ]
6315 silly gunzTarPerm extractEntry node_modules/node-gyp/lib/find-node-directory.js
6316 silly gunzTarPerm modified mode [ 'node_modules/node-gyp/lib/find-node-directory.js', 438, 420 ]
6317 silly gunzTarPerm extractEntry node_modules/node-gyp/lib/download.js
6318 silly gunzTarPerm modified mode [ 'node_modules/node-gyp/lib/download.js', 438, 420 ]
6319 silly gunzTarPerm extractEntry node_modules/node-gyp/lib/create-config-gypi.js
6320 silly gunzTarPerm modified mode [ 'node_modules/node-gyp/lib/create-config-gypi.js', 438, 420 ]
6321 silly gunzTarPerm extractEntry node_modules/node-gyp/lib/configure.js
6322 silly gunzTarPerm modified mode [ 'node_modules/node-gyp/lib/configure.js', 438, 420 ]
6323 silly gunzTarPerm extractEntry node_modules/node-gyp/lib/clean.js
6324 silly gunzTarPerm modified mode [ 'node_modules/node-gyp/lib/clean.js', 438, 420 ]
6325 silly gunzTarPerm extractEntry node_modules/node-gyp/lib/build.js
6326 silly gunzTarPerm modified mode [ 'node_modules/node-gyp/lib/build.js', 438, 420 ]
6327 silly gunzTarPerm extractEntry node_modules/node-gyp/lib/Find-VisualStudio.cs
6328 silly gunzTarPerm modified mode [ 'node_modules/node-gyp/lib/Find-VisualStudio.cs', 438, 420 ]
6329 silly gunzTarPerm extractEntry node_modules/node-gyp/macOS_Catalina_acid_test.sh
6330 silly gunzTarPerm modified mode [ 'node_modules/node-gyp/macOS_Catalina_acid_test.sh', 438, 420 ]
6331 silly gunzTarPerm extractEntry node_modules/node-gyp/release-please-config.json
6332 silly gunzTarPerm modified mode [ 'node_modules/node-gyp/release-please-config.json', 438, 420 ]
6333 silly gunzTarPerm extractEntry node_modules/node-gyp/SECURITY.md
6334 silly gunzTarPerm modified mode [ 'node_modules/node-gyp/SECURITY.md', 438, 420 ]
6335 silly gunzTarPerm extractEntry node_modules/node-gyp/src/win_delay_load_hook.cc
6336 silly gunzTarPerm modified mode [ 'node_modules/node-gyp/src/win_delay_load_hook.cc', 438, 420 ]
6337 silly gunzTarPerm extractEntry node_modules/node-gyp/node_modules/chownr/package.json
6338 silly gunzTarPerm modified mode [ 'node_modules/node-gyp/node_modules/chownr/package.json', 438, 420 ]
6339 silly gunzTarPerm extractEntry node_modules/node-gyp/node_modules/chownr/dist/commonjs/package.json
6340 silly gunzTarPerm modified mode [
6340 silly gunzTarPerm   'node_modules/node-gyp/node_modules/chownr/dist/commonjs/package.json',
6340 silly gunzTarPerm   438,
6340 silly gunzTarPerm   420
6340 silly gunzTarPerm ]
6341 silly gunzTarPerm extractEntry node_modules/node-gyp/node_modules/chownr/dist/commonjs/index.js
6342 silly gunzTarPerm modified mode [
6342 silly gunzTarPerm   'node_modules/node-gyp/node_modules/chownr/dist/commonjs/index.js',
6342 silly gunzTarPerm   438,
6342 silly gunzTarPerm   420
6342 silly gunzTarPerm ]
6343 silly gunzTarPerm extractEntry node_modules/node-gyp/node_modules/chownr/dist/esm/package.json
6344 silly gunzTarPerm modified mode [
6344 silly gunzTarPerm   'node_modules/node-gyp/node_modules/chownr/dist/esm/package.json',
6344 silly gunzTarPerm   438,
6344 silly gunzTarPerm   420
6344 silly gunzTarPerm ]
6345 silly gunzTarPerm extractEntry node_modules/node-gyp/node_modules/chownr/dist/esm/index.js
6346 silly gunzTarPerm modified mode [
6346 silly gunzTarPerm   'node_modules/node-gyp/node_modules/chownr/dist/esm/index.js',
6346 silly gunzTarPerm   438,
6346 silly gunzTarPerm   420
6346 silly gunzTarPerm ]
6347 silly gunzTarPerm extractEntry node_modules/node-gyp/node_modules/minizlib/package.json
6348 silly gunzTarPerm modified mode [
6348 silly gunzTarPerm   'node_modules/node-gyp/node_modules/minizlib/package.json',
6348 silly gunzTarPerm   438,
6348 silly gunzTarPerm   420
6348 silly gunzTarPerm ]
6349 silly gunzTarPerm extractEntry node_modules/node-gyp/node_modules/minizlib/dist/commonjs/package.json
6350 silly gunzTarPerm modified mode [
6350 silly gunzTarPerm   'node_modules/node-gyp/node_modules/minizlib/dist/commonjs/package.json',
6350 silly gunzTarPerm   438,
6350 silly gunzTarPerm   420
6350 silly gunzTarPerm ]
6351 silly gunzTarPerm extractEntry node_modules/node-gyp/node_modules/minizlib/dist/commonjs/index.js
6352 silly gunzTarPerm modified mode [
6352 silly gunzTarPerm   'node_modules/node-gyp/node_modules/minizlib/dist/commonjs/index.js',
6352 silly gunzTarPerm   438,
6352 silly gunzTarPerm   420
6352 silly gunzTarPerm ]
6353 silly gunzTarPerm extractEntry node_modules/node-gyp/node_modules/minizlib/dist/commonjs/constants.js
6354 silly gunzTarPerm modified mode [
6354 silly gunzTarPerm   'node_modules/node-gyp/node_modules/minizlib/dist/commonjs/constants.js',
6354 silly gunzTarPerm   438,
6354 silly gunzTarPerm   420
6354 silly gunzTarPerm ]
6355 silly gunzTarPerm extractEntry node_modules/node-gyp/node_modules/minizlib/dist/esm/package.json
6356 silly gunzTarPerm modified mode [
6356 silly gunzTarPerm   'node_modules/node-gyp/node_modules/minizlib/dist/esm/package.json',
6356 silly gunzTarPerm   438,
6356 silly gunzTarPerm   420
6356 silly gunzTarPerm ]
6357 silly gunzTarPerm extractEntry node_modules/node-gyp/node_modules/minizlib/dist/esm/index.js
6358 silly gunzTarPerm modified mode [
6358 silly gunzTarPerm   'node_modules/node-gyp/node_modules/minizlib/dist/esm/index.js',
6358 silly gunzTarPerm   438,
6358 silly gunzTarPerm   420
6358 silly gunzTarPerm ]
6359 silly gunzTarPerm extractEntry node_modules/node-gyp/node_modules/minizlib/dist/esm/constants.js
6360 silly gunzTarPerm modified mode [
6360 silly gunzTarPerm   'node_modules/node-gyp/node_modules/minizlib/dist/esm/constants.js',
6360 silly gunzTarPerm   438,
6360 silly gunzTarPerm   420
6360 silly gunzTarPerm ]
6361 silly gunzTarPerm extractEntry node_modules/node-gyp/node_modules/mkdirp/package.json
6362 silly gunzTarPerm modified mode [ 'node_modules/node-gyp/node_modules/mkdirp/package.json', 438, 420 ]
6363 silly gunzTarPerm extractEntry node_modules/node-gyp/node_modules/mkdirp/dist/cjs/package.json
6364 silly gunzTarPerm modified mode [
6364 silly gunzTarPerm   'node_modules/node-gyp/node_modules/mkdirp/dist/cjs/package.json',
6364 silly gunzTarPerm   438,
6364 silly gunzTarPerm   420
6364 silly gunzTarPerm ]
6365 silly gunzTarPerm extractEntry node_modules/node-gyp/node_modules/mkdirp/dist/mjs/package.json
6366 silly gunzTarPerm modified mode [
6366 silly gunzTarPerm   'node_modules/node-gyp/node_modules/mkdirp/dist/mjs/package.json',
6366 silly gunzTarPerm   438,
6366 silly gunzTarPerm   420
6366 silly gunzTarPerm ]
6367 silly gunzTarPerm extractEntry node_modules/node-gyp/node_modules/mkdirp/dist/mjs/use-native.js
6368 silly gunzTarPerm modified mode [
6368 silly gunzTarPerm   'node_modules/node-gyp/node_modules/mkdirp/dist/mjs/use-native.js',
6368 silly gunzTarPerm   438,
6368 silly gunzTarPerm   420
6368 silly gunzTarPerm ]
6369 silly gunzTarPerm extractEntry node_modules/node-gyp/node_modules/mkdirp/dist/mjs/path-arg.js
6370 silly gunzTarPerm modified mode [
6370 silly gunzTarPerm   'node_modules/node-gyp/node_modules/mkdirp/dist/mjs/path-arg.js',
6370 silly gunzTarPerm   438,
6370 silly gunzTarPerm   420
6370 silly gunzTarPerm ]
6371 silly gunzTarPerm extractEntry node_modules/node-gyp/node_modules/mkdirp/dist/mjs/opts-arg.js
6372 silly gunzTarPerm modified mode [
6372 silly gunzTarPerm   'node_modules/node-gyp/node_modules/mkdirp/dist/mjs/opts-arg.js',
6372 silly gunzTarPerm   438,
6372 silly gunzTarPerm   420
6372 silly gunzTarPerm ]
6373 silly gunzTarPerm extractEntry node_modules/node-gyp/node_modules/mkdirp/dist/mjs/mkdirp-native.js
6374 silly gunzTarPerm modified mode [
6374 silly gunzTarPerm   'node_modules/node-gyp/node_modules/mkdirp/dist/mjs/mkdirp-native.js',
6374 silly gunzTarPerm   438,
6374 silly gunzTarPerm   420
6374 silly gunzTarPerm ]
6375 silly gunzTarPerm extractEntry node_modules/node-gyp/node_modules/mkdirp/dist/mjs/mkdirp-manual.js
6376 silly gunzTarPerm modified mode [
6376 silly gunzTarPerm   'node_modules/node-gyp/node_modules/mkdirp/dist/mjs/mkdirp-manual.js',
6376 silly gunzTarPerm   438,
6376 silly gunzTarPerm   420
6376 silly gunzTarPerm ]
6377 silly gunzTarPerm extractEntry node_modules/node-gyp/node_modules/mkdirp/dist/mjs/index.js
6378 silly gunzTarPerm modified mode [
6378 silly gunzTarPerm   'node_modules/node-gyp/node_modules/mkdirp/dist/mjs/index.js',
6378 silly gunzTarPerm   438,
6378 silly gunzTarPerm   420
6378 silly gunzTarPerm ]
6379 silly gunzTarPerm extractEntry node_modules/node-gyp/node_modules/mkdirp/dist/mjs/find-made.js
6380 silly gunzTarPerm modified mode [
6380 silly gunzTarPerm   'node_modules/node-gyp/node_modules/mkdirp/dist/mjs/find-made.js',
6380 silly gunzTarPerm   438,
6380 silly gunzTarPerm   420
6380 silly gunzTarPerm ]
6381 silly gunzTarPerm extractEntry node_modules/node-gyp/node_modules/mkdirp/dist/mjs/find-made.d.ts
6382 silly gunzTarPerm modified mode [
6382 silly gunzTarPerm   'node_modules/node-gyp/node_modules/mkdirp/dist/mjs/find-made.d.ts',
6382 silly gunzTarPerm   438,
6382 silly gunzTarPerm   420
6382 silly gunzTarPerm ]
6383 silly gunzTarPerm extractEntry node_modules/node-gyp/node_modules/mkdirp/dist/mjs/find-made.d.ts.map
6384 silly gunzTarPerm modified mode [
6384 silly gunzTarPerm   'node_modules/node-gyp/node_modules/mkdirp/dist/mjs/find-made.d.ts.map',
6384 silly gunzTarPerm   438,
6384 silly gunzTarPerm   420
6384 silly gunzTarPerm ]
6385 silly gunzTarPerm extractEntry node_modules/node-gyp/node_modules/mkdirp/dist/mjs/find-made.js.map
6386 silly gunzTarPerm modified mode [
6386 silly gunzTarPerm   'node_modules/node-gyp/node_modules/mkdirp/dist/mjs/find-made.js.map',
6386 silly gunzTarPerm   438,
6386 silly gunzTarPerm   420
6386 silly gunzTarPerm ]
6387 silly gunzTarPerm extractEntry node_modules/node-gyp/node_modules/mkdirp/dist/mjs/index.d.ts
6388 silly gunzTarPerm modified mode [
6388 silly gunzTarPerm   'node_modules/node-gyp/node_modules/mkdirp/dist/mjs/index.d.ts',
6388 silly gunzTarPerm   438,
6388 silly gunzTarPerm   420
6388 silly gunzTarPerm ]
6389 silly gunzTarPerm extractEntry node_modules/node-gyp/node_modules/mkdirp/dist/mjs/index.d.ts.map
6390 silly gunzTarPerm modified mode [
6390 silly gunzTarPerm   'node_modules/node-gyp/node_modules/mkdirp/dist/mjs/index.d.ts.map',
6390 silly gunzTarPerm   438,
6390 silly gunzTarPerm   420
6390 silly gunzTarPerm ]
6391 silly gunzTarPerm extractEntry node_modules/node-gyp/node_modules/mkdirp/dist/mjs/index.js.map
6392 silly gunzTarPerm modified mode [
6392 silly gunzTarPerm   'node_modules/node-gyp/node_modules/mkdirp/dist/mjs/index.js.map',
6392 silly gunzTarPerm   438,
6392 silly gunzTarPerm   420
6392 silly gunzTarPerm ]
6393 silly gunzTarPerm extractEntry node_modules/node-gyp/node_modules/mkdirp/dist/mjs/mkdirp-manual.d.ts
6394 silly gunzTarPerm modified mode [
6394 silly gunzTarPerm   'node_modules/node-gyp/node_modules/mkdirp/dist/mjs/mkdirp-manual.d.ts',
6394 silly gunzTarPerm   438,
6394 silly gunzTarPerm   420
6394 silly gunzTarPerm ]
6395 silly gunzTarPerm extractEntry node_modules/node-gyp/node_modules/mkdirp/dist/mjs/mkdirp-manual.d.ts.map
6396 silly gunzTarPerm modified mode [
6396 silly gunzTarPerm   'node_modules/node-gyp/node_modules/mkdirp/dist/mjs/mkdirp-manual.d.ts.map',
6396 silly gunzTarPerm   438,
6396 silly gunzTarPerm   420
6396 silly gunzTarPerm ]
6397 silly gunzTarPerm extractEntry node_modules/node-gyp/node_modules/mkdirp/dist/mjs/mkdirp-manual.js.map
6398 silly gunzTarPerm modified mode [
6398 silly gunzTarPerm   'node_modules/node-gyp/node_modules/mkdirp/dist/mjs/mkdirp-manual.js.map',
6398 silly gunzTarPerm   438,
6398 silly gunzTarPerm   420
6398 silly gunzTarPerm ]
6399 silly gunzTarPerm extractEntry node_modules/node-gyp/node_modules/mkdirp/dist/mjs/mkdirp-native.d.ts
6400 silly gunzTarPerm modified mode [
6400 silly gunzTarPerm   'node_modules/node-gyp/node_modules/mkdirp/dist/mjs/mkdirp-native.d.ts',
6400 silly gunzTarPerm   438,
6400 silly gunzTarPerm   420
6400 silly gunzTarPerm ]
6401 silly gunzTarPerm extractEntry node_modules/node-gyp/node_modules/mkdirp/dist/mjs/mkdirp-native.d.ts.map
6402 silly gunzTarPerm modified mode [
6402 silly gunzTarPerm   'node_modules/node-gyp/node_modules/mkdirp/dist/mjs/mkdirp-native.d.ts.map',
6402 silly gunzTarPerm   438,
6402 silly gunzTarPerm   420
6402 silly gunzTarPerm ]
6403 silly gunzTarPerm extractEntry node_modules/node-gyp/node_modules/mkdirp/dist/mjs/mkdirp-native.js.map
6404 silly gunzTarPerm modified mode [
6404 silly gunzTarPerm   'node_modules/node-gyp/node_modules/mkdirp/dist/mjs/mkdirp-native.js.map',
6404 silly gunzTarPerm   438,
6404 silly gunzTarPerm   420
6404 silly gunzTarPerm ]
6405 silly gunzTarPerm extractEntry node_modules/node-gyp/node_modules/mkdirp/dist/mjs/opts-arg.d.ts
6406 silly gunzTarPerm modified mode [
6406 silly gunzTarPerm   'node_modules/node-gyp/node_modules/mkdirp/dist/mjs/opts-arg.d.ts',
6406 silly gunzTarPerm   438,
6406 silly gunzTarPerm   420
6406 silly gunzTarPerm ]
6407 silly gunzTarPerm extractEntry node_modules/node-gyp/node_modules/mkdirp/dist/mjs/opts-arg.d.ts.map
6408 silly gunzTarPerm modified mode [
6408 silly gunzTarPerm   'node_modules/node-gyp/node_modules/mkdirp/dist/mjs/opts-arg.d.ts.map',
6408 silly gunzTarPerm   438,
6408 silly gunzTarPerm   420
6408 silly gunzTarPerm ]
6409 silly gunzTarPerm extractEntry node_modules/node-gyp/node_modules/mkdirp/dist/mjs/opts-arg.js.map
6410 silly gunzTarPerm modified mode [
6410 silly gunzTarPerm   'node_modules/node-gyp/node_modules/mkdirp/dist/mjs/opts-arg.js.map',
6410 silly gunzTarPerm   438,
6410 silly gunzTarPerm   420
6410 silly gunzTarPerm ]
6411 silly gunzTarPerm extractEntry node_modules/node-gyp/node_modules/mkdirp/dist/mjs/path-arg.d.ts
6412 silly gunzTarPerm modified mode [
6412 silly gunzTarPerm   'node_modules/node-gyp/node_modules/mkdirp/dist/mjs/path-arg.d.ts',
6412 silly gunzTarPerm   438,
6412 silly gunzTarPerm   420
6412 silly gunzTarPerm ]
6413 silly gunzTarPerm extractEntry node_modules/node-gyp/node_modules/mkdirp/dist/mjs/path-arg.d.ts.map
6414 silly gunzTarPerm modified mode [
6414 silly gunzTarPerm   'node_modules/node-gyp/node_modules/mkdirp/dist/mjs/path-arg.d.ts.map',
6414 silly gunzTarPerm   438,
6414 silly gunzTarPerm   420
6414 silly gunzTarPerm ]
6415 silly gunzTarPerm extractEntry node_modules/node-gyp/node_modules/mkdirp/dist/mjs/path-arg.js.map
6416 silly gunzTarPerm modified mode [
6416 silly gunzTarPerm   'node_modules/node-gyp/node_modules/mkdirp/dist/mjs/path-arg.js.map',
6416 silly gunzTarPerm   438,
6416 silly gunzTarPerm   420
6416 silly gunzTarPerm ]
6417 silly gunzTarPerm extractEntry node_modules/node-gyp/node_modules/mkdirp/dist/mjs/use-native.d.ts
6418 silly gunzTarPerm modified mode [
6418 silly gunzTarPerm   'node_modules/node-gyp/node_modules/mkdirp/dist/mjs/use-native.d.ts',
6418 silly gunzTarPerm   438,
6418 silly gunzTarPerm   420
6418 silly gunzTarPerm ]
6419 silly gunzTarPerm extractEntry node_modules/node-gyp/node_modules/mkdirp/dist/mjs/use-native.d.ts.map
6420 silly gunzTarPerm modified mode [
6420 silly gunzTarPerm   'node_modules/node-gyp/node_modules/mkdirp/dist/mjs/use-native.d.ts.map',
6420 silly gunzTarPerm   438,
6420 silly gunzTarPerm   420
6420 silly gunzTarPerm ]
6421 silly gunzTarPerm extractEntry node_modules/node-gyp/node_modules/mkdirp/dist/mjs/use-native.js.map
6422 silly gunzTarPerm modified mode [
6422 silly gunzTarPerm   'node_modules/node-gyp/node_modules/mkdirp/dist/mjs/use-native.js.map',
6422 silly gunzTarPerm   438,
6422 silly gunzTarPerm   420
6422 silly gunzTarPerm ]
6423 silly gunzTarPerm extractEntry node_modules/node-gyp/node_modules/mkdirp/readme.markdown
6424 silly gunzTarPerm modified mode [
6424 silly gunzTarPerm   'node_modules/node-gyp/node_modules/mkdirp/readme.markdown',
6424 silly gunzTarPerm   438,
6424 silly gunzTarPerm   420
6424 silly gunzTarPerm ]
6425 silly gunzTarPerm extractEntry node_modules/node-gyp/node_modules/tar/package.json
6426 silly gunzTarPerm modified mode [ 'node_modules/node-gyp/node_modules/tar/package.json', 438, 420 ]
6427 silly gunzTarPerm extractEntry node_modules/node-gyp/node_modules/tar/dist/commonjs/package.json
6428 silly gunzTarPerm modified mode [
6428 silly gunzTarPerm   'node_modules/node-gyp/node_modules/tar/dist/commonjs/package.json',
6428 silly gunzTarPerm   438,
6428 silly gunzTarPerm   420
6428 silly gunzTarPerm ]
6429 silly gunzTarPerm extractEntry node_modules/node-gyp/node_modules/tar/dist/commonjs/write-entry.js
6430 silly gunzTarPerm modified mode [
6430 silly gunzTarPerm   'node_modules/node-gyp/node_modules/tar/dist/commonjs/write-entry.js',
6430 silly gunzTarPerm   438,
6430 silly gunzTarPerm   420
6430 silly gunzTarPerm ]
6431 silly gunzTarPerm extractEntry node_modules/node-gyp/node_modules/tar/dist/commonjs/winchars.js
6432 silly gunzTarPerm modified mode [
6432 silly gunzTarPerm   'node_modules/node-gyp/node_modules/tar/dist/commonjs/winchars.js',
6432 silly gunzTarPerm   438,
6432 silly gunzTarPerm   420
6432 silly gunzTarPerm ]
6433 silly gunzTarPerm extractEntry node_modules/node-gyp/node_modules/tar/dist/commonjs/warn-method.js
6434 silly gunzTarPerm modified mode [
6434 silly gunzTarPerm   'node_modules/node-gyp/node_modules/tar/dist/commonjs/warn-method.js',
6434 silly gunzTarPerm   438,
6434 silly gunzTarPerm   420
6434 silly gunzTarPerm ]
6435 silly gunzTarPerm extractEntry node_modules/node-gyp/node_modules/tar/dist/commonjs/update.js
6436 silly gunzTarPerm modified mode [
6436 silly gunzTarPerm   'node_modules/node-gyp/node_modules/tar/dist/commonjs/update.js',
6436 silly gunzTarPerm   438,
6436 silly gunzTarPerm   420
6436 silly gunzTarPerm ]
6437 silly gunzTarPerm extractEntry node_modules/node-gyp/node_modules/tar/dist/commonjs/unpack.js
6438 silly gunzTarPerm modified mode [
6438 silly gunzTarPerm   'node_modules/node-gyp/node_modules/tar/dist/commonjs/unpack.js',
6438 silly gunzTarPerm   438,
6438 silly gunzTarPerm   420
6438 silly gunzTarPerm ]
6439 silly gunzTarPerm extractEntry node_modules/node-gyp/node_modules/tar/dist/commonjs/types.js
6440 silly gunzTarPerm modified mode [
6440 silly gunzTarPerm   'node_modules/node-gyp/node_modules/tar/dist/commonjs/types.js',
6440 silly gunzTarPerm   438,
6440 silly gunzTarPerm   420
6440 silly gunzTarPerm ]
6441 silly gunzTarPerm extractEntry node_modules/node-gyp/node_modules/tar/dist/commonjs/symlink-error.js
6442 silly gunzTarPerm modified mode [
6442 silly gunzTarPerm   'node_modules/node-gyp/node_modules/tar/dist/commonjs/symlink-error.js',
6442 silly gunzTarPerm   438,
6442 silly gunzTarPerm   420
6442 silly gunzTarPerm ]
6443 silly gunzTarPerm extractEntry node_modules/node-gyp/node_modules/tar/dist/commonjs/strip-trailing-slashes.js
6444 silly gunzTarPerm modified mode [
6444 silly gunzTarPerm   'node_modules/node-gyp/node_modules/tar/dist/commonjs/strip-trailing-slashes.js',
6444 silly gunzTarPerm   438,
6444 silly gunzTarPerm   420
6444 silly gunzTarPerm ]
6445 silly gunzTarPerm extractEntry node_modules/node-gyp/node_modules/tar/dist/commonjs/strip-absolute-path.js
6446 silly gunzTarPerm modified mode [
6446 silly gunzTarPerm   'node_modules/node-gyp/node_modules/tar/dist/commonjs/strip-absolute-path.js',
6446 silly gunzTarPerm   438,
6446 silly gunzTarPerm   420
6446 silly gunzTarPerm ]
6447 silly gunzTarPerm extractEntry node_modules/node-gyp/node_modules/tar/dist/commonjs/replace.js
6448 silly gunzTarPerm modified mode [
6448 silly gunzTarPerm   'node_modules/node-gyp/node_modules/tar/dist/commonjs/replace.js',
6448 silly gunzTarPerm   438,
6448 silly gunzTarPerm   420
6448 silly gunzTarPerm ]
6449 silly gunzTarPerm extractEntry node_modules/node-gyp/node_modules/tar/dist/commonjs/read-entry.js
6450 silly gunzTarPerm modified mode [
6450 silly gunzTarPerm   'node_modules/node-gyp/node_modules/tar/dist/commonjs/read-entry.js',
6450 silly gunzTarPerm   438,
6450 silly gunzTarPerm   420
6450 silly gunzTarPerm ]
6451 silly gunzTarPerm extractEntry node_modules/node-gyp/node_modules/tar/dist/commonjs/pax.js
6452 silly gunzTarPerm modified mode [
6452 silly gunzTarPerm   'node_modules/node-gyp/node_modules/tar/dist/commonjs/pax.js',
6452 silly gunzTarPerm   438,
6452 silly gunzTarPerm   420
6452 silly gunzTarPerm ]
6453 silly gunzTarPerm extractEntry node_modules/node-gyp/node_modules/tar/dist/commonjs/path-reservations.js
6454 silly gunzTarPerm modified mode [
6454 silly gunzTarPerm   'node_modules/node-gyp/node_modules/tar/dist/commonjs/path-reservations.js',
6454 silly gunzTarPerm   438,
6454 silly gunzTarPerm   420
6454 silly gunzTarPerm ]
6455 silly gunzTarPerm extractEntry node_modules/node-gyp/node_modules/tar/dist/commonjs/parse.js
6456 silly gunzTarPerm modified mode [
6456 silly gunzTarPerm   'node_modules/node-gyp/node_modules/tar/dist/commonjs/parse.js',
6456 silly gunzTarPerm   438,
6456 silly gunzTarPerm   420
6456 silly gunzTarPerm ]
6457 silly gunzTarPerm extractEntry node_modules/node-gyp/node_modules/tar/dist/commonjs/pack.js
6458 silly gunzTarPerm modified mode [
6458 silly gunzTarPerm   'node_modules/node-gyp/node_modules/tar/dist/commonjs/pack.js',
6458 silly gunzTarPerm   438,
6458 silly gunzTarPerm   420
6458 silly gunzTarPerm ]
6459 silly gunzTarPerm extractEntry node_modules/node-gyp/node_modules/tar/dist/commonjs/options.js
6460 silly gunzTarPerm modified mode [
6460 silly gunzTarPerm   'node_modules/node-gyp/node_modules/tar/dist/commonjs/options.js',
6460 silly gunzTarPerm   438,
6460 silly gunzTarPerm   420
6460 silly gunzTarPerm ]
6461 silly gunzTarPerm extractEntry node_modules/node-gyp/node_modules/tar/dist/commonjs/normalize-windows-path.js
6462 silly gunzTarPerm modified mode [
6462 silly gunzTarPerm   'node_modules/node-gyp/node_modules/tar/dist/commonjs/normalize-windows-path.js',
6462 silly gunzTarPerm   438,
6462 silly gunzTarPerm   420
6462 silly gunzTarPerm ]
6463 silly gunzTarPerm extractEntry node_modules/node-gyp/node_modules/tar/dist/commonjs/normalize-unicode.js
6464 silly gunzTarPerm modified mode [
6464 silly gunzTarPerm   'node_modules/node-gyp/node_modules/tar/dist/commonjs/normalize-unicode.js',
6464 silly gunzTarPerm   438,
6464 silly gunzTarPerm   420
6464 silly gunzTarPerm ]
6465 silly gunzTarPerm extractEntry node_modules/node-gyp/node_modules/tar/dist/commonjs/mode-fix.js
6466 silly gunzTarPerm modified mode [
6466 silly gunzTarPerm   'node_modules/node-gyp/node_modules/tar/dist/commonjs/mode-fix.js',
6466 silly gunzTarPerm   438,
6466 silly gunzTarPerm   420
6466 silly gunzTarPerm ]
6467 silly gunzTarPerm extractEntry node_modules/node-gyp/node_modules/tar/dist/commonjs/mkdir.js
6468 silly gunzTarPerm modified mode [
6468 silly gunzTarPerm   'node_modules/node-gyp/node_modules/tar/dist/commonjs/mkdir.js',
6468 silly gunzTarPerm   438,
6468 silly gunzTarPerm   420
6468 silly gunzTarPerm ]
6469 silly gunzTarPerm extractEntry node_modules/node-gyp/node_modules/tar/dist/commonjs/make-command.js
6470 silly gunzTarPerm modified mode [
6470 silly gunzTarPerm   'node_modules/node-gyp/node_modules/tar/dist/commonjs/make-command.js',
6470 silly gunzTarPerm   438,
6470 silly gunzTarPerm   420
6470 silly gunzTarPerm ]
6471 silly gunzTarPerm extractEntry node_modules/node-gyp/node_modules/tar/dist/commonjs/list.js
6472 silly gunzTarPerm modified mode [
6472 silly gunzTarPerm   'node_modules/node-gyp/node_modules/tar/dist/commonjs/list.js',
6472 silly gunzTarPerm   438,
6472 silly gunzTarPerm   420
6472 silly gunzTarPerm ]
6473 silly gunzTarPerm extractEntry node_modules/node-gyp/node_modules/tar/dist/commonjs/large-numbers.js
6474 silly gunzTarPerm modified mode [
6474 silly gunzTarPerm   'node_modules/node-gyp/node_modules/tar/dist/commonjs/large-numbers.js',
6474 silly gunzTarPerm   438,
6474 silly gunzTarPerm   420
6474 silly gunzTarPerm ]
6475 silly gunzTarPerm extractEntry node_modules/node-gyp/node_modules/tar/dist/commonjs/index.js
6476 silly gunzTarPerm modified mode [
6476 silly gunzTarPerm   'node_modules/node-gyp/node_modules/tar/dist/commonjs/index.js',
6476 silly gunzTarPerm   438,
6476 silly gunzTarPerm   420
6476 silly gunzTarPerm ]
6477 silly gunzTarPerm extractEntry node_modules/node-gyp/node_modules/tar/dist/commonjs/header.js
6478 silly gunzTarPerm modified mode [
6478 silly gunzTarPerm   'node_modules/node-gyp/node_modules/tar/dist/commonjs/header.js',
6478 silly gunzTarPerm   438,
6478 silly gunzTarPerm   420
6478 silly gunzTarPerm ]
6479 silly gunzTarPerm extractEntry node_modules/node-gyp/node_modules/tar/dist/commonjs/get-write-flag.js
6480 silly gunzTarPerm modified mode [
6480 silly gunzTarPerm   'node_modules/node-gyp/node_modules/tar/dist/commonjs/get-write-flag.js',
6480 silly gunzTarPerm   438,
6480 silly gunzTarPerm   420
6480 silly gunzTarPerm ]
6481 silly gunzTarPerm extractEntry node_modules/node-gyp/node_modules/tar/dist/commonjs/extract.js
6482 silly gunzTarPerm modified mode [
6482 silly gunzTarPerm   'node_modules/node-gyp/node_modules/tar/dist/commonjs/extract.js',
6482 silly gunzTarPerm   438,
6482 silly gunzTarPerm   420
6482 silly gunzTarPerm ]
6483 silly gunzTarPerm extractEntry node_modules/node-gyp/node_modules/tar/dist/commonjs/cwd-error.js
6484 silly gunzTarPerm modified mode [
6484 silly gunzTarPerm   'node_modules/node-gyp/node_modules/tar/dist/commonjs/cwd-error.js',
6484 silly gunzTarPerm   438,
6484 silly gunzTarPerm   420
6484 silly gunzTarPerm ]
6485 silly gunzTarPerm extractEntry node_modules/node-gyp/node_modules/tar/dist/commonjs/create.js
6486 silly gunzTarPerm modified mode [
6486 silly gunzTarPerm   'node_modules/node-gyp/node_modules/tar/dist/commonjs/create.js',
6486 silly gunzTarPerm   438,
6486 silly gunzTarPerm   420
6486 silly gunzTarPerm ]
6487 silly gunzTarPerm extractEntry node_modules/node-gyp/node_modules/tar/dist/esm/package.json
6488 silly gunzTarPerm modified mode [
6488 silly gunzTarPerm   'node_modules/node-gyp/node_modules/tar/dist/esm/package.json',
6488 silly gunzTarPerm   438,
6488 silly gunzTarPerm   420
6488 silly gunzTarPerm ]
6489 silly gunzTarPerm extractEntry node_modules/node-gyp/node_modules/tar/dist/esm/write-entry.js
6490 silly gunzTarPerm modified mode [
6490 silly gunzTarPerm   'node_modules/node-gyp/node_modules/tar/dist/esm/write-entry.js',
6490 silly gunzTarPerm   438,
6490 silly gunzTarPerm   420
6490 silly gunzTarPerm ]
6491 silly gunzTarPerm extractEntry node_modules/node-gyp/node_modules/tar/dist/esm/winchars.js
6492 silly gunzTarPerm modified mode [
6492 silly gunzTarPerm   'node_modules/node-gyp/node_modules/tar/dist/esm/winchars.js',
6492 silly gunzTarPerm   438,
6492 silly gunzTarPerm   420
6492 silly gunzTarPerm ]
6493 silly gunzTarPerm extractEntry node_modules/node-gyp/node_modules/tar/dist/esm/warn-method.js
6494 silly gunzTarPerm modified mode [
6494 silly gunzTarPerm   'node_modules/node-gyp/node_modules/tar/dist/esm/warn-method.js',
6494 silly gunzTarPerm   438,
6494 silly gunzTarPerm   420
6494 silly gunzTarPerm ]
6495 silly gunzTarPerm extractEntry node_modules/node-gyp/node_modules/tar/dist/esm/update.js
6496 silly gunzTarPerm modified mode [
6496 silly gunzTarPerm   'node_modules/node-gyp/node_modules/tar/dist/esm/update.js',
6496 silly gunzTarPerm   438,
6496 silly gunzTarPerm   420
6496 silly gunzTarPerm ]
6497 silly gunzTarPerm extractEntry node_modules/node-gyp/node_modules/tar/dist/esm/unpack.js
6498 silly gunzTarPerm modified mode [
6498 silly gunzTarPerm   'node_modules/node-gyp/node_modules/tar/dist/esm/unpack.js',
6498 silly gunzTarPerm   438,
6498 silly gunzTarPerm   420
6498 silly gunzTarPerm ]
6499 silly gunzTarPerm extractEntry node_modules/node-gyp/node_modules/tar/dist/esm/types.js
6500 silly gunzTarPerm modified mode [
6500 silly gunzTarPerm   'node_modules/node-gyp/node_modules/tar/dist/esm/types.js',
6500 silly gunzTarPerm   438,
6500 silly gunzTarPerm   420
6500 silly gunzTarPerm ]
6501 silly gunzTarPerm extractEntry node_modules/node-gyp/node_modules/tar/dist/esm/symlink-error.js
6502 silly gunzTarPerm modified mode [
6502 silly gunzTarPerm   'node_modules/node-gyp/node_modules/tar/dist/esm/symlink-error.js',
6502 silly gunzTarPerm   438,
6502 silly gunzTarPerm   420
6502 silly gunzTarPerm ]
6503 silly gunzTarPerm extractEntry node_modules/node-gyp/node_modules/tar/dist/esm/strip-trailing-slashes.js
6504 silly gunzTarPerm modified mode [
6504 silly gunzTarPerm   'node_modules/node-gyp/node_modules/tar/dist/esm/strip-trailing-slashes.js',
6504 silly gunzTarPerm   438,
6504 silly gunzTarPerm   420
6504 silly gunzTarPerm ]
6505 silly gunzTarPerm extractEntry node_modules/node-gyp/node_modules/tar/dist/esm/strip-absolute-path.js
6506 silly gunzTarPerm modified mode [
6506 silly gunzTarPerm   'node_modules/node-gyp/node_modules/tar/dist/esm/strip-absolute-path.js',
6506 silly gunzTarPerm   438,
6506 silly gunzTarPerm   420
6506 silly gunzTarPerm ]
6507 silly gunzTarPerm extractEntry node_modules/node-gyp/node_modules/tar/dist/esm/replace.js
6508 silly gunzTarPerm modified mode [
6508 silly gunzTarPerm   'node_modules/node-gyp/node_modules/tar/dist/esm/replace.js',
6508 silly gunzTarPerm   438,
6508 silly gunzTarPerm   420
6508 silly gunzTarPerm ]
6509 silly gunzTarPerm extractEntry node_modules/node-gyp/node_modules/tar/dist/esm/read-entry.js
6510 silly gunzTarPerm modified mode [
6510 silly gunzTarPerm   'node_modules/node-gyp/node_modules/tar/dist/esm/read-entry.js',
6510 silly gunzTarPerm   438,
6510 silly gunzTarPerm   420
6510 silly gunzTarPerm ]
6511 silly gunzTarPerm extractEntry node_modules/node-gyp/node_modules/tar/dist/esm/pax.js
6512 silly gunzTarPerm modified mode [ 'node_modules/node-gyp/node_modules/tar/dist/esm/pax.js', 438, 420 ]
6513 silly gunzTarPerm extractEntry node_modules/node-gyp/node_modules/tar/dist/esm/path-reservations.js
6514 silly gunzTarPerm modified mode [
6514 silly gunzTarPerm   'node_modules/node-gyp/node_modules/tar/dist/esm/path-reservations.js',
6514 silly gunzTarPerm   438,
6514 silly gunzTarPerm   420
6514 silly gunzTarPerm ]
6515 silly gunzTarPerm extractEntry node_modules/node-gyp/node_modules/tar/dist/esm/parse.js
6516 silly gunzTarPerm modified mode [
6516 silly gunzTarPerm   'node_modules/node-gyp/node_modules/tar/dist/esm/parse.js',
6516 silly gunzTarPerm   438,
6516 silly gunzTarPerm   420
6516 silly gunzTarPerm ]
6517 silly gunzTarPerm extractEntry node_modules/node-gyp/node_modules/tar/dist/esm/pack.js
6518 silly gunzTarPerm modified mode [ 'node_modules/node-gyp/node_modules/tar/dist/esm/pack.js', 438, 420 ]
6519 silly gunzTarPerm extractEntry node_modules/node-gyp/node_modules/tar/dist/esm/options.js
6520 silly gunzTarPerm modified mode [
6520 silly gunzTarPerm   'node_modules/node-gyp/node_modules/tar/dist/esm/options.js',
6520 silly gunzTarPerm   438,
6520 silly gunzTarPerm   420
6520 silly gunzTarPerm ]
6521 silly gunzTarPerm extractEntry node_modules/node-gyp/node_modules/tar/dist/esm/normalize-windows-path.js
6522 silly gunzTarPerm modified mode [
6522 silly gunzTarPerm   'node_modules/node-gyp/node_modules/tar/dist/esm/normalize-windows-path.js',
6522 silly gunzTarPerm   438,
6522 silly gunzTarPerm   420
6522 silly gunzTarPerm ]
6523 silly gunzTarPerm extractEntry node_modules/node-gyp/node_modules/tar/dist/esm/normalize-unicode.js
6524 silly gunzTarPerm modified mode [
6524 silly gunzTarPerm   'node_modules/node-gyp/node_modules/tar/dist/esm/normalize-unicode.js',
6524 silly gunzTarPerm   438,
6524 silly gunzTarPerm   420
6524 silly gunzTarPerm ]
6525 silly gunzTarPerm extractEntry node_modules/node-gyp/node_modules/tar/dist/esm/mode-fix.js
6526 silly gunzTarPerm modified mode [
6526 silly gunzTarPerm   'node_modules/node-gyp/node_modules/tar/dist/esm/mode-fix.js',
6526 silly gunzTarPerm   438,
6526 silly gunzTarPerm   420
6526 silly gunzTarPerm ]
6527 silly gunzTarPerm extractEntry node_modules/node-gyp/node_modules/tar/dist/esm/mkdir.js
6528 silly gunzTarPerm modified mode [
6528 silly gunzTarPerm   'node_modules/node-gyp/node_modules/tar/dist/esm/mkdir.js',
6528 silly gunzTarPerm   438,
6528 silly gunzTarPerm   420
6528 silly gunzTarPerm ]
6529 silly gunzTarPerm extractEntry node_modules/node-gyp/node_modules/tar/dist/esm/make-command.js
6530 silly gunzTarPerm modified mode [
6530 silly gunzTarPerm   'node_modules/node-gyp/node_modules/tar/dist/esm/make-command.js',
6530 silly gunzTarPerm   438,
6530 silly gunzTarPerm   420
6530 silly gunzTarPerm ]
6531 silly gunzTarPerm extractEntry node_modules/node-gyp/node_modules/tar/dist/esm/list.js
6532 silly gunzTarPerm modified mode [ 'node_modules/node-gyp/node_modules/tar/dist/esm/list.js', 438, 420 ]
6533 silly gunzTarPerm extractEntry node_modules/node-gyp/node_modules/tar/dist/esm/large-numbers.js
6534 silly gunzTarPerm modified mode [
6534 silly gunzTarPerm   'node_modules/node-gyp/node_modules/tar/dist/esm/large-numbers.js',
6534 silly gunzTarPerm   438,
6534 silly gunzTarPerm   420
6534 silly gunzTarPerm ]
6535 silly gunzTarPerm extractEntry node_modules/node-gyp/node_modules/tar/dist/esm/index.js
6536 silly gunzTarPerm modified mode [
6536 silly gunzTarPerm   'node_modules/node-gyp/node_modules/tar/dist/esm/index.js',
6536 silly gunzTarPerm   438,
6536 silly gunzTarPerm   420
6536 silly gunzTarPerm ]
6537 silly gunzTarPerm extractEntry node_modules/node-gyp/node_modules/tar/dist/esm/header.js
6538 silly gunzTarPerm modified mode [
6538 silly gunzTarPerm   'node_modules/node-gyp/node_modules/tar/dist/esm/header.js',
6538 silly gunzTarPerm   438,
6538 silly gunzTarPerm   420
6538 silly gunzTarPerm ]
6539 silly gunzTarPerm extractEntry node_modules/node-gyp/node_modules/tar/dist/esm/get-write-flag.js
6540 silly gunzTarPerm modified mode [
6540 silly gunzTarPerm   'node_modules/node-gyp/node_modules/tar/dist/esm/get-write-flag.js',
6540 silly gunzTarPerm   438,
6540 silly gunzTarPerm   420
6540 silly gunzTarPerm ]
6541 silly gunzTarPerm extractEntry node_modules/node-gyp/node_modules/tar/dist/esm/extract.js
6542 silly gunzTarPerm modified mode [
6542 silly gunzTarPerm   'node_modules/node-gyp/node_modules/tar/dist/esm/extract.js',
6542 silly gunzTarPerm   438,
6542 silly gunzTarPerm   420
6542 silly gunzTarPerm ]
6543 silly gunzTarPerm extractEntry node_modules/node-gyp/node_modules/tar/dist/esm/cwd-error.js
6544 silly gunzTarPerm modified mode [
6544 silly gunzTarPerm   'node_modules/node-gyp/node_modules/tar/dist/esm/cwd-error.js',
6544 silly gunzTarPerm   438,
6544 silly gunzTarPerm   420
6544 silly gunzTarPerm ]
6545 silly gunzTarPerm extractEntry node_modules/node-gyp/node_modules/tar/dist/esm/create.js
6546 silly gunzTarPerm modified mode [
6546 silly gunzTarPerm   'node_modules/node-gyp/node_modules/tar/dist/esm/create.js',
6546 silly gunzTarPerm   438,
6546 silly gunzTarPerm   420
6546 silly gunzTarPerm ]
6547 silly gunzTarPerm extractEntry node_modules/node-gyp/node_modules/yallist/package.json
6548 silly gunzTarPerm modified mode [ 'node_modules/node-gyp/node_modules/yallist/package.json', 438, 420 ]
6549 silly gunzTarPerm extractEntry node_modules/node-gyp/node_modules/yallist/dist/commonjs/package.json
6550 silly gunzTarPerm modified mode [
6550 silly gunzTarPerm   'node_modules/node-gyp/node_modules/yallist/dist/commonjs/package.json',
6550 silly gunzTarPerm   438,
6550 silly gunzTarPerm   420
6550 silly gunzTarPerm ]
6551 silly gunzTarPerm extractEntry node_modules/node-gyp/node_modules/yallist/dist/commonjs/index.js
6552 silly gunzTarPerm modified mode [
6552 silly gunzTarPerm   'node_modules/node-gyp/node_modules/yallist/dist/commonjs/index.js',
6552 silly gunzTarPerm   438,
6552 silly gunzTarPerm   420
6552 silly gunzTarPerm ]
6553 silly gunzTarPerm extractEntry node_modules/node-gyp/node_modules/yallist/dist/esm/package.json
6554 silly gunzTarPerm modified mode [
6554 silly gunzTarPerm   'node_modules/node-gyp/node_modules/yallist/dist/esm/package.json',
6554 silly gunzTarPerm   438,
6554 silly gunzTarPerm   420
6554 silly gunzTarPerm ]
6555 silly gunzTarPerm extractEntry node_modules/node-gyp/node_modules/yallist/dist/esm/index.js
6556 silly gunzTarPerm modified mode [
6556 silly gunzTarPerm   'node_modules/node-gyp/node_modules/yallist/dist/esm/index.js',
6556 silly gunzTarPerm   438,
6556 silly gunzTarPerm   420
6556 silly gunzTarPerm ]
6557 silly gunzTarPerm extractEntry node_modules/nopt/package.json
6558 silly gunzTarPerm modified mode [ 'node_modules/nopt/package.json', 438, 420 ]
6559 silly gunzTarPerm extractEntry node_modules/nopt/README.md
6560 silly gunzTarPerm modified mode [ 'node_modules/nopt/README.md', 438, 420 ]
6561 silly gunzTarPerm extractEntry node_modules/nopt/bin/nopt.js
6562 silly gunzTarPerm modified mode [ 'node_modules/nopt/bin/nopt.js', 438, 420 ]
6563 silly gunzTarPerm extractEntry node_modules/nopt/lib/type-defs.js
6564 silly gunzTarPerm modified mode [ 'node_modules/nopt/lib/type-defs.js', 438, 420 ]
6565 silly gunzTarPerm extractEntry node_modules/nopt/lib/nopt.js
6566 silly gunzTarPerm modified mode [ 'node_modules/nopt/lib/nopt.js', 438, 420 ]
6567 silly gunzTarPerm extractEntry node_modules/nopt/lib/nopt-lib.js
6568 silly gunzTarPerm modified mode [ 'node_modules/nopt/lib/nopt-lib.js', 438, 420 ]
6569 silly gunzTarPerm extractEntry node_modules/nopt/lib/debug.js
6570 silly gunzTarPerm modified mode [ 'node_modules/nopt/lib/debug.js', 438, 420 ]
6571 silly gunzTarPerm extractEntry node_modules/normalize-package-data/package.json
6572 silly gunzTarPerm modified mode [ 'node_modules/normalize-package-data/package.json', 438, 420 ]
6573 silly gunzTarPerm extractEntry node_modules/normalize-package-data/lib/safe_format.js
6574 silly gunzTarPerm modified mode [ 'node_modules/normalize-package-data/lib/safe_format.js', 438, 420 ]
6575 silly gunzTarPerm extractEntry node_modules/normalize-package-data/lib/normalize.js
6576 silly gunzTarPerm modified mode [ 'node_modules/normalize-package-data/lib/normalize.js', 438, 420 ]
6577 silly gunzTarPerm extractEntry node_modules/normalize-package-data/lib/make_warning.js
6578 silly gunzTarPerm modified mode [ 'node_modules/normalize-package-data/lib/make_warning.js', 438, 420 ]
6579 silly gunzTarPerm extractEntry node_modules/normalize-package-data/lib/fixer.js
6580 silly gunzTarPerm modified mode [ 'node_modules/normalize-package-data/lib/fixer.js', 438, 420 ]
6581 silly gunzTarPerm extractEntry node_modules/normalize-package-data/lib/extract_description.js
6582 silly gunzTarPerm modified mode [
6582 silly gunzTarPerm   'node_modules/normalize-package-data/lib/extract_description.js',
6582 silly gunzTarPerm   438,
6582 silly gunzTarPerm   420
6582 silly gunzTarPerm ]
6583 silly gunzTarPerm extractEntry node_modules/normalize-package-data/lib/typos.json
6584 silly gunzTarPerm modified mode [ 'node_modules/normalize-package-data/lib/typos.json', 438, 420 ]
6585 silly gunzTarPerm extractEntry node_modules/normalize-package-data/lib/warning_messages.json
6586 silly gunzTarPerm modified mode [
6586 silly gunzTarPerm   'node_modules/normalize-package-data/lib/warning_messages.json',
6586 silly gunzTarPerm   438,
6586 silly gunzTarPerm   420
6586 silly gunzTarPerm ]
6587 silly gunzTarPerm extractEntry node_modules/npm-audit-report/package.json
6588 silly gunzTarPerm modified mode [ 'node_modules/npm-audit-report/package.json', 438, 420 ]
6589 silly gunzTarPerm extractEntry node_modules/npm-audit-report/lib/index.js
6590 silly gunzTarPerm modified mode [ 'node_modules/npm-audit-report/lib/index.js', 438, 420 ]
6591 silly gunzTarPerm extractEntry node_modules/npm-audit-report/lib/exit-code.js
6592 silly gunzTarPerm modified mode [ 'node_modules/npm-audit-report/lib/exit-code.js', 438, 420 ]
6593 silly gunzTarPerm extractEntry node_modules/npm-audit-report/lib/colors.js
6594 silly gunzTarPerm modified mode [ 'node_modules/npm-audit-report/lib/colors.js', 438, 420 ]
6595 silly gunzTarPerm extractEntry node_modules/npm-audit-report/lib/reporters/quiet.js
6596 silly gunzTarPerm modified mode [ 'node_modules/npm-audit-report/lib/reporters/quiet.js', 438, 420 ]
6597 silly gunzTarPerm extractEntry node_modules/npm-audit-report/lib/reporters/json.js
6598 silly gunzTarPerm modified mode [ 'node_modules/npm-audit-report/lib/reporters/json.js', 438, 420 ]
6599 silly gunzTarPerm extractEntry node_modules/npm-audit-report/lib/reporters/install.js
6600 silly gunzTarPerm modified mode [ 'node_modules/npm-audit-report/lib/reporters/install.js', 438, 420 ]
6601 silly gunzTarPerm extractEntry node_modules/npm-audit-report/lib/reporters/detail.js
6602 silly gunzTarPerm modified mode [ 'node_modules/npm-audit-report/lib/reporters/detail.js', 438, 420 ]
6603 silly gunzTarPerm extractEntry node_modules/npm-install-checks/package.json
6604 silly gunzTarPerm modified mode [ 'node_modules/npm-install-checks/package.json', 438, 420 ]
6605 silly gunzTarPerm extractEntry node_modules/npm-install-checks/lib/index.js
6606 silly gunzTarPerm modified mode [ 'node_modules/npm-install-checks/lib/index.js', 438, 420 ]
6607 silly gunzTarPerm extractEntry node_modules/npm-install-checks/lib/dev-engines.js
6608 silly gunzTarPerm modified mode [ 'node_modules/npm-install-checks/lib/dev-engines.js', 438, 420 ]
6609 silly gunzTarPerm extractEntry node_modules/npm-install-checks/lib/current-env.js
6610 silly gunzTarPerm modified mode [ 'node_modules/npm-install-checks/lib/current-env.js', 438, 420 ]
6611 silly gunzTarPerm extractEntry node_modules/npm-package-arg/package.json
6612 silly gunzTarPerm modified mode [ 'node_modules/npm-package-arg/package.json', 438, 420 ]
6613 silly gunzTarPerm extractEntry node_modules/npm-package-arg/lib/npa.js
6614 silly gunzTarPerm modified mode [ 'node_modules/npm-package-arg/lib/npa.js', 438, 420 ]
6615 silly gunzTarPerm extractEntry node_modules/npm-pick-manifest/package.json
6616 silly gunzTarPerm modified mode [ 'node_modules/npm-pick-manifest/package.json', 438, 420 ]
6617 silly gunzTarPerm extractEntry node_modules/npm-pick-manifest/lib/index.js
6618 silly gunzTarPerm modified mode [ 'node_modules/npm-pick-manifest/lib/index.js', 438, 420 ]
6619 silly gunzTarPerm extractEntry node_modules/npm-profile/package.json
6620 silly gunzTarPerm modified mode [ 'node_modules/npm-profile/package.json', 438, 420 ]
6621 silly gunzTarPerm extractEntry node_modules/npm-profile/lib/index.js
6622 silly gunzTarPerm modified mode [ 'node_modules/npm-profile/lib/index.js', 438, 420 ]
6623 silly gunzTarPerm extractEntry node_modules/npm-registry-fetch/package.json
6624 silly gunzTarPerm modified mode [ 'node_modules/npm-registry-fetch/package.json', 438, 420 ]
6625 silly gunzTarPerm extractEntry node_modules/npm-registry-fetch/lib/json-stream.js
6626 silly gunzTarPerm modified mode [ 'node_modules/npm-registry-fetch/lib/json-stream.js', 438, 420 ]
6627 silly gunzTarPerm extractEntry node_modules/npm-registry-fetch/lib/index.js
6628 silly gunzTarPerm modified mode [ 'node_modules/npm-registry-fetch/lib/index.js', 438, 420 ]
6629 silly gunzTarPerm extractEntry node_modules/npm-registry-fetch/lib/errors.js
6630 silly gunzTarPerm modified mode [ 'node_modules/npm-registry-fetch/lib/errors.js', 438, 420 ]
6631 silly gunzTarPerm extractEntry node_modules/npm-registry-fetch/lib/default-opts.js
6632 silly gunzTarPerm modified mode [ 'node_modules/npm-registry-fetch/lib/default-opts.js', 438, 420 ]
6633 silly gunzTarPerm extractEntry node_modules/npm-registry-fetch/lib/check-response.js
6634 silly gunzTarPerm modified mode [ 'node_modules/npm-registry-fetch/lib/check-response.js', 438, 420 ]
6635 silly gunzTarPerm extractEntry node_modules/npm-registry-fetch/lib/auth.js
6636 silly gunzTarPerm modified mode [ 'node_modules/npm-registry-fetch/lib/auth.js', 438, 420 ]
6637 silly gunzTarPerm extractEntry node_modules/npm-registry-fetch/node_modules/minizlib/package.json
6638 silly gunzTarPerm modified mode [
6638 silly gunzTarPerm   'node_modules/npm-registry-fetch/node_modules/minizlib/package.json',
6638 silly gunzTarPerm   438,
6638 silly gunzTarPerm   420
6638 silly gunzTarPerm ]
6639 silly gunzTarPerm extractEntry node_modules/npm-registry-fetch/node_modules/minizlib/dist/commonjs/package.json
6640 silly gunzTarPerm modified mode [
6640 silly gunzTarPerm   'node_modules/npm-registry-fetch/node_modules/minizlib/dist/commonjs/package.json',
6640 silly gunzTarPerm   438,
6640 silly gunzTarPerm   420
6640 silly gunzTarPerm ]
6641 silly gunzTarPerm extractEntry node_modules/npm-registry-fetch/node_modules/minizlib/dist/commonjs/index.js
6642 silly gunzTarPerm modified mode [
6642 silly gunzTarPerm   'node_modules/npm-registry-fetch/node_modules/minizlib/dist/commonjs/index.js',
6642 silly gunzTarPerm   438,
6642 silly gunzTarPerm   420
6642 silly gunzTarPerm ]
6643 silly gunzTarPerm extractEntry node_modules/npm-registry-fetch/node_modules/minizlib/dist/commonjs/constants.js
6644 silly gunzTarPerm modified mode [
6644 silly gunzTarPerm   'node_modules/npm-registry-fetch/node_modules/minizlib/dist/commonjs/constants.js',
6644 silly gunzTarPerm   438,
6644 silly gunzTarPerm   420
6644 silly gunzTarPerm ]
6645 silly gunzTarPerm extractEntry node_modules/npm-registry-fetch/node_modules/minizlib/dist/esm/package.json
6646 silly gunzTarPerm modified mode [
6646 silly gunzTarPerm   'node_modules/npm-registry-fetch/node_modules/minizlib/dist/esm/package.json',
6646 silly gunzTarPerm   438,
6646 silly gunzTarPerm   420
6646 silly gunzTarPerm ]
6647 silly gunzTarPerm extractEntry node_modules/npm-registry-fetch/node_modules/minizlib/dist/esm/index.js
6648 silly gunzTarPerm modified mode [
6648 silly gunzTarPerm   'node_modules/npm-registry-fetch/node_modules/minizlib/dist/esm/index.js',
6648 silly gunzTarPerm   438,
6648 silly gunzTarPerm   420
6648 silly gunzTarPerm ]
6649 silly gunzTarPerm extractEntry node_modules/npm-registry-fetch/node_modules/minizlib/dist/esm/constants.js
6650 silly gunzTarPerm modified mode [
6650 silly gunzTarPerm   'node_modules/npm-registry-fetch/node_modules/minizlib/dist/esm/constants.js',
6650 silly gunzTarPerm   438,
6650 silly gunzTarPerm   420
6650 silly gunzTarPerm ]
6651 silly gunzTarPerm extractEntry node_modules/npm-user-validate/package.json
6652 silly gunzTarPerm modified mode [ 'node_modules/npm-user-validate/package.json', 438, 420 ]
6653 silly gunzTarPerm extractEntry node_modules/npm-user-validate/lib/index.js
6654 silly gunzTarPerm modified mode [ 'node_modules/npm-user-validate/lib/index.js', 438, 420 ]
6655 silly gunzTarPerm extractEntry node_modules/p-map/package.json
6656 silly gunzTarPerm modified mode [ 'node_modules/p-map/package.json', 438, 420 ]
6657 silly gunzTarPerm extractEntry node_modules/p-map/index.js
6658 silly gunzTarPerm modified mode [ 'node_modules/p-map/index.js', 438, 420 ]
6659 silly gunzTarPerm extractEntry node_modules/pacote/package.json
6660 silly gunzTarPerm modified mode [ 'node_modules/pacote/package.json', 438, 420 ]
6661 silly gunzTarPerm extractEntry node_modules/pacote/README.md
6662 silly gunzTarPerm modified mode [ 'node_modules/pacote/README.md', 438, 420 ]
6663 silly gunzTarPerm extractEntry node_modules/pacote/bin/index.js
6664 silly gunzTarPerm modified mode [ 'node_modules/pacote/bin/index.js', 438, 420 ]
6665 silly gunzTarPerm extractEntry node_modules/pacote/lib/remote.js
6666 silly gunzTarPerm modified mode [ 'node_modules/pacote/lib/remote.js', 438, 420 ]
6667 silly gunzTarPerm extractEntry node_modules/pacote/lib/registry.js
6668 silly gunzTarPerm modified mode [ 'node_modules/pacote/lib/registry.js', 438, 420 ]
6669 silly gunzTarPerm extractEntry node_modules/pacote/lib/index.js
6670 silly gunzTarPerm modified mode [ 'node_modules/pacote/lib/index.js', 438, 420 ]
6671 silly gunzTarPerm extractEntry node_modules/pacote/lib/git.js
6672 silly gunzTarPerm modified mode [ 'node_modules/pacote/lib/git.js', 438, 420 ]
6673 silly gunzTarPerm extractEntry node_modules/pacote/lib/file.js
6674 silly gunzTarPerm modified mode [ 'node_modules/pacote/lib/file.js', 438, 420 ]
6675 silly gunzTarPerm extractEntry node_modules/pacote/lib/fetcher.js
6676 silly gunzTarPerm modified mode [ 'node_modules/pacote/lib/fetcher.js', 438, 420 ]
6677 silly gunzTarPerm extractEntry node_modules/pacote/lib/dir.js
6678 silly gunzTarPerm modified mode [ 'node_modules/pacote/lib/dir.js', 438, 420 ]
6679 silly gunzTarPerm extractEntry node_modules/pacote/lib/util/trailing-slashes.js
6680 silly gunzTarPerm modified mode [ 'node_modules/pacote/lib/util/trailing-slashes.js', 438, 420 ]
6681 silly gunzTarPerm extractEntry node_modules/pacote/lib/util/tar-create-options.js
6682 silly gunzTarPerm modified mode [ 'node_modules/pacote/lib/util/tar-create-options.js', 438, 420 ]
6683 silly gunzTarPerm extractEntry node_modules/pacote/lib/util/protected.js
6684 silly gunzTarPerm modified mode [ 'node_modules/pacote/lib/util/protected.js', 438, 420 ]
6685 silly gunzTarPerm extractEntry node_modules/pacote/lib/util/npm.js
6686 silly gunzTarPerm modified mode [ 'node_modules/pacote/lib/util/npm.js', 438, 420 ]
6687 silly gunzTarPerm extractEntry node_modules/pacote/lib/util/is-package-bin.js
6688 silly gunzTarPerm modified mode [ 'node_modules/pacote/lib/util/is-package-bin.js', 438, 420 ]
6689 silly gunzTarPerm extractEntry node_modules/pacote/lib/util/cache-dir.js
6690 silly gunzTarPerm modified mode [ 'node_modules/pacote/lib/util/cache-dir.js', 438, 420 ]
6691 silly gunzTarPerm extractEntry node_modules/pacote/lib/util/add-git-sha.js
6692 silly gunzTarPerm modified mode [ 'node_modules/pacote/lib/util/add-git-sha.js', 438, 420 ]
6693 silly gunzTarPerm extractEntry node_modules/parse-conflict-json/package.json
6694 silly gunzTarPerm modified mode [ 'node_modules/parse-conflict-json/package.json', 438, 420 ]
6695 silly gunzTarPerm extractEntry node_modules/parse-conflict-json/lib/index.js
6696 silly gunzTarPerm modified mode [ 'node_modules/parse-conflict-json/lib/index.js', 438, 420 ]
6697 silly gunzTarPerm extractEntry node_modules/proc-log/package.json
6698 silly gunzTarPerm modified mode [ 'node_modules/proc-log/package.json', 438, 420 ]
6699 silly gunzTarPerm extractEntry node_modules/proc-log/lib/index.js
6700 silly gunzTarPerm modified mode [ 'node_modules/proc-log/lib/index.js', 438, 420 ]
6701 silly gunzTarPerm extractEntry node_modules/qrcode-terminal/package.json
6702 silly gunzTarPerm modified mode [ 'node_modules/qrcode-terminal/package.json', 438, 420 ]
6703 silly gunzTarPerm extractEntry node_modules/qrcode-terminal/README.md
6704 silly gunzTarPerm modified mode [ 'node_modules/qrcode-terminal/README.md', 438, 420 ]
6705 silly gunzTarPerm extractEntry node_modules/qrcode-terminal/LICENSE
6706 silly gunzTarPerm modified mode [ 'node_modules/qrcode-terminal/LICENSE', 438, 420 ]
6707 silly gunzTarPerm extractEntry node_modules/qrcode-terminal/.travis.yml
6708 silly gunzTarPerm modified mode [ 'node_modules/qrcode-terminal/.travis.yml', 438, 420 ]
6709 silly gunzTarPerm extractEntry node_modules/qrcode-terminal/bin/qrcode-terminal.js
6710 silly gunzTarPerm modified mode [ 'node_modules/qrcode-terminal/bin/qrcode-terminal.js', 438, 420 ]
6711 silly gunzTarPerm extractEntry node_modules/qrcode-terminal/example/small-qrcode.js
6712 silly gunzTarPerm modified mode [ 'node_modules/qrcode-terminal/example/small-qrcode.js', 438, 420 ]
6713 silly gunzTarPerm extractEntry node_modules/qrcode-terminal/example/callback.js
6714 silly gunzTarPerm modified mode [ 'node_modules/qrcode-terminal/example/callback.js', 438, 420 ]
6715 silly gunzTarPerm extractEntry node_modules/qrcode-terminal/example/basic.js
6716 silly gunzTarPerm modified mode [ 'node_modules/qrcode-terminal/example/basic.js', 438, 420 ]
6717 silly gunzTarPerm extractEntry node_modules/qrcode-terminal/example/basic.png
6718 silly gunzTarPerm modified mode [ 'node_modules/qrcode-terminal/example/basic.png', 438, 420 ]
6719 silly gunzTarPerm extractEntry node_modules/qrcode-terminal/lib/main.js
6720 silly gunzTarPerm modified mode [ 'node_modules/qrcode-terminal/lib/main.js', 438, 420 ]
6721 silly gunzTarPerm extractEntry node_modules/qrcode-terminal/test/main.js
6722 silly gunzTarPerm modified mode [ 'node_modules/qrcode-terminal/test/main.js', 438, 420 ]
6723 silly gunzTarPerm extractEntry node_modules/qrcode-terminal/vendor/QRCode/QRUtil.js
6724 silly gunzTarPerm modified mode [ 'node_modules/qrcode-terminal/vendor/QRCode/QRUtil.js', 438, 420 ]
6725 silly gunzTarPerm extractEntry node_modules/qrcode-terminal/vendor/QRCode/QRRSBlock.js
6726 silly gunzTarPerm modified mode [ 'node_modules/qrcode-terminal/vendor/QRCode/QRRSBlock.js', 438, 420 ]
6727 silly gunzTarPerm extractEntry node_modules/qrcode-terminal/vendor/QRCode/QRPolynomial.js
6728 silly gunzTarPerm modified mode [
6728 silly gunzTarPerm   'node_modules/qrcode-terminal/vendor/QRCode/QRPolynomial.js',
6728 silly gunzTarPerm   438,
6728 silly gunzTarPerm   420
6728 silly gunzTarPerm ]
6729 silly gunzTarPerm extractEntry node_modules/qrcode-terminal/vendor/QRCode/QRMode.js
6730 silly gunzTarPerm modified mode [ 'node_modules/qrcode-terminal/vendor/QRCode/QRMode.js', 438, 420 ]
6731 silly gunzTarPerm extractEntry node_modules/qrcode-terminal/vendor/QRCode/QRMath.js
6732 silly gunzTarPerm modified mode [ 'node_modules/qrcode-terminal/vendor/QRCode/QRMath.js', 438, 420 ]
6733 silly gunzTarPerm extractEntry node_modules/qrcode-terminal/vendor/QRCode/QRMaskPattern.js
6734 silly gunzTarPerm modified mode [
6734 silly gunzTarPerm   'node_modules/qrcode-terminal/vendor/QRCode/QRMaskPattern.js',
6734 silly gunzTarPerm   438,
6734 silly gunzTarPerm   420
6734 silly gunzTarPerm ]
6735 silly gunzTarPerm extractEntry node_modules/qrcode-terminal/vendor/QRCode/QRErrorCorrectLevel.js
6736 silly gunzTarPerm modified mode [
6736 silly gunzTarPerm   'node_modules/qrcode-terminal/vendor/QRCode/QRErrorCorrectLevel.js',
6736 silly gunzTarPerm   438,
6736 silly gunzTarPerm   420
6736 silly gunzTarPerm ]
6737 silly gunzTarPerm extractEntry node_modules/qrcode-terminal/vendor/QRCode/QRBitBuffer.js
6738 silly gunzTarPerm modified mode [
6738 silly gunzTarPerm   'node_modules/qrcode-terminal/vendor/QRCode/QRBitBuffer.js',
6738 silly gunzTarPerm   438,
6738 silly gunzTarPerm   420
6738 silly gunzTarPerm ]
6739 silly gunzTarPerm extractEntry node_modules/qrcode-terminal/vendor/QRCode/QR8bitByte.js
6740 silly gunzTarPerm modified mode [
6740 silly gunzTarPerm   'node_modules/qrcode-terminal/vendor/QRCode/QR8bitByte.js',
6740 silly gunzTarPerm   438,
6740 silly gunzTarPerm   420
6740 silly gunzTarPerm ]
6741 silly gunzTarPerm extractEntry node_modules/qrcode-terminal/vendor/QRCode/index.js
6742 silly gunzTarPerm modified mode [ 'node_modules/qrcode-terminal/vendor/QRCode/index.js', 438, 420 ]
6743 silly gunzTarPerm extractEntry node_modules/read/package.json
6744 silly gunzTarPerm modified mode [ 'node_modules/read/package.json', 438, 420 ]
6745 silly gunzTarPerm extractEntry node_modules/read/dist/commonjs/package.json
6746 silly gunzTarPerm modified mode [ 'node_modules/read/dist/commonjs/package.json', 438, 420 ]
6747 silly gunzTarPerm extractEntry node_modules/read/dist/commonjs/read.js
6748 silly gunzTarPerm modified mode [ 'node_modules/read/dist/commonjs/read.js', 438, 420 ]
6749 silly gunzTarPerm extractEntry node_modules/read/dist/esm/package.json
6750 silly gunzTarPerm modified mode [ 'node_modules/read/dist/esm/package.json', 438, 420 ]
6751 silly gunzTarPerm extractEntry node_modules/read/dist/esm/read.js
6752 silly gunzTarPerm modified mode [ 'node_modules/read/dist/esm/read.js', 438, 420 ]
6753 silly gunzTarPerm extractEntry node_modules/semver/package.json
6754 silly gunzTarPerm modified mode [ 'node_modules/semver/package.json', 438, 420 ]
6755 silly gunzTarPerm extractEntry node_modules/semver/README.md
6756 silly gunzTarPerm modified mode [ 'node_modules/semver/README.md', 438, 420 ]
6757 silly gunzTarPerm extractEntry node_modules/semver/preload.js
6758 silly gunzTarPerm modified mode [ 'node_modules/semver/preload.js', 438, 420 ]
6759 silly gunzTarPerm extractEntry node_modules/semver/index.js
6760 silly gunzTarPerm modified mode [ 'node_modules/semver/index.js', 438, 420 ]
6761 silly gunzTarPerm extractEntry node_modules/semver/bin/semver.js
6762 silly gunzTarPerm modified mode [ 'node_modules/semver/bin/semver.js', 438, 420 ]
6763 silly gunzTarPerm extractEntry node_modules/semver/classes/semver.js
6764 silly gunzTarPerm modified mode [ 'node_modules/semver/classes/semver.js', 438, 420 ]
6765 silly gunzTarPerm extractEntry node_modules/semver/classes/range.js
6766 silly gunzTarPerm modified mode [ 'node_modules/semver/classes/range.js', 438, 420 ]
6767 silly gunzTarPerm extractEntry node_modules/semver/classes/index.js
6768 silly gunzTarPerm modified mode [ 'node_modules/semver/classes/index.js', 438, 420 ]
6769 silly gunzTarPerm extractEntry node_modules/semver/classes/comparator.js
6770 silly gunzTarPerm modified mode [ 'node_modules/semver/classes/comparator.js', 438, 420 ]
6771 silly gunzTarPerm extractEntry node_modules/semver/functions/valid.js
6772 silly gunzTarPerm modified mode [ 'node_modules/semver/functions/valid.js', 438, 420 ]
6773 silly gunzTarPerm extractEntry node_modules/semver/functions/sort.js
6774 silly gunzTarPerm modified mode [ 'node_modules/semver/functions/sort.js', 438, 420 ]
6775 silly gunzTarPerm extractEntry node_modules/semver/functions/satisfies.js
6776 silly gunzTarPerm modified mode [ 'node_modules/semver/functions/satisfies.js', 438, 420 ]
6777 silly gunzTarPerm extractEntry node_modules/semver/functions/rsort.js
6778 silly gunzTarPerm modified mode [ 'node_modules/semver/functions/rsort.js', 438, 420 ]
6779 silly gunzTarPerm extractEntry node_modules/semver/functions/rcompare.js
6780 silly gunzTarPerm modified mode [ 'node_modules/semver/functions/rcompare.js', 438, 420 ]
6781 silly gunzTarPerm extractEntry node_modules/semver/functions/prerelease.js
6782 silly gunzTarPerm modified mode [ 'node_modules/semver/functions/prerelease.js', 438, 420 ]
6783 silly gunzTarPerm extractEntry node_modules/semver/functions/patch.js
6784 silly gunzTarPerm modified mode [ 'node_modules/semver/functions/patch.js', 438, 420 ]
6785 silly gunzTarPerm extractEntry node_modules/semver/functions/parse.js
6786 silly gunzTarPerm modified mode [ 'node_modules/semver/functions/parse.js', 438, 420 ]
6787 silly gunzTarPerm extractEntry node_modules/semver/functions/neq.js
6788 silly gunzTarPerm modified mode [ 'node_modules/semver/functions/neq.js', 438, 420 ]
6789 silly gunzTarPerm extractEntry node_modules/semver/functions/minor.js
6790 silly gunzTarPerm modified mode [ 'node_modules/semver/functions/minor.js', 438, 420 ]
6791 silly gunzTarPerm extractEntry node_modules/semver/functions/major.js
6792 silly gunzTarPerm modified mode [ 'node_modules/semver/functions/major.js', 438, 420 ]
6793 silly gunzTarPerm extractEntry node_modules/semver/functions/lte.js
6794 silly gunzTarPerm modified mode [ 'node_modules/semver/functions/lte.js', 438, 420 ]
6795 silly gunzTarPerm extractEntry node_modules/semver/functions/lt.js
6796 silly gunzTarPerm modified mode [ 'node_modules/semver/functions/lt.js', 438, 420 ]
6797 silly gunzTarPerm extractEntry node_modules/semver/functions/inc.js
6798 silly gunzTarPerm modified mode [ 'node_modules/semver/functions/inc.js', 438, 420 ]
6799 silly gunzTarPerm extractEntry node_modules/semver/functions/gte.js
6800 silly gunzTarPerm modified mode [ 'node_modules/semver/functions/gte.js', 438, 420 ]
6801 silly gunzTarPerm extractEntry node_modules/semver/functions/gt.js
6802 silly gunzTarPerm modified mode [ 'node_modules/semver/functions/gt.js', 438, 420 ]
6803 silly gunzTarPerm extractEntry node_modules/semver/functions/eq.js
6804 silly gunzTarPerm modified mode [ 'node_modules/semver/functions/eq.js', 438, 420 ]
6805 silly gunzTarPerm extractEntry node_modules/semver/functions/diff.js
6806 silly gunzTarPerm modified mode [ 'node_modules/semver/functions/diff.js', 438, 420 ]
6807 silly gunzTarPerm extractEntry node_modules/semver/functions/compare.js
6808 silly gunzTarPerm modified mode [ 'node_modules/semver/functions/compare.js', 438, 420 ]
6809 silly gunzTarPerm extractEntry node_modules/semver/functions/compare-loose.js
6810 silly gunzTarPerm modified mode [ 'node_modules/semver/functions/compare-loose.js', 438, 420 ]
6811 silly gunzTarPerm extractEntry node_modules/semver/functions/compare-build.js
6812 silly gunzTarPerm modified mode [ 'node_modules/semver/functions/compare-build.js', 438, 420 ]
6813 silly gunzTarPerm extractEntry node_modules/semver/functions/coerce.js
6814 silly gunzTarPerm modified mode [ 'node_modules/semver/functions/coerce.js', 438, 420 ]
6815 silly gunzTarPerm extractEntry node_modules/semver/functions/cmp.js
6816 silly gunzTarPerm modified mode [ 'node_modules/semver/functions/cmp.js', 438, 420 ]
6817 silly gunzTarPerm extractEntry node_modules/semver/functions/clean.js
6818 silly gunzTarPerm modified mode [ 'node_modules/semver/functions/clean.js', 438, 420 ]
6819 silly gunzTarPerm extractEntry node_modules/semver/internal/re.js
6820 silly gunzTarPerm modified mode [ 'node_modules/semver/internal/re.js', 438, 420 ]
6821 silly gunzTarPerm extractEntry node_modules/semver/internal/parse-options.js
6822 silly gunzTarPerm modified mode [ 'node_modules/semver/internal/parse-options.js', 438, 420 ]
6823 silly gunzTarPerm extractEntry node_modules/semver/internal/lrucache.js
6824 silly gunzTarPerm modified mode [ 'node_modules/semver/internal/lrucache.js', 438, 420 ]
6825 silly gunzTarPerm extractEntry node_modules/semver/internal/identifiers.js
6826 silly gunzTarPerm modified mode [ 'node_modules/semver/internal/identifiers.js', 438, 420 ]
6827 silly gunzTarPerm extractEntry node_modules/semver/internal/debug.js
6828 silly gunzTarPerm modified mode [ 'node_modules/semver/internal/debug.js', 438, 420 ]
6829 silly gunzTarPerm extractEntry node_modules/semver/internal/constants.js
6830 silly gunzTarPerm modified mode [ 'node_modules/semver/internal/constants.js', 438, 420 ]
6831 silly gunzTarPerm extractEntry node_modules/semver/range.bnf
6832 silly gunzTarPerm modified mode [ 'node_modules/semver/range.bnf', 438, 420 ]
6833 silly gunzTarPerm extractEntry node_modules/semver/ranges/valid.js
6834 silly gunzTarPerm modified mode [ 'node_modules/semver/ranges/valid.js', 438, 420 ]
6835 silly gunzTarPerm extractEntry node_modules/semver/ranges/to-comparators.js
6836 silly gunzTarPerm modified mode [ 'node_modules/semver/ranges/to-comparators.js', 438, 420 ]
6837 silly gunzTarPerm extractEntry node_modules/semver/ranges/subset.js
6838 silly gunzTarPerm modified mode [ 'node_modules/semver/ranges/subset.js', 438, 420 ]
6839 silly gunzTarPerm extractEntry node_modules/semver/ranges/simplify.js
6840 silly gunzTarPerm modified mode [ 'node_modules/semver/ranges/simplify.js', 438, 420 ]
6841 silly gunzTarPerm extractEntry node_modules/semver/ranges/outside.js
6842 silly gunzTarPerm modified mode [ 'node_modules/semver/ranges/outside.js', 438, 420 ]
6843 silly gunzTarPerm extractEntry node_modules/semver/ranges/min-version.js
6844 silly gunzTarPerm modified mode [ 'node_modules/semver/ranges/min-version.js', 438, 420 ]
6845 silly gunzTarPerm extractEntry node_modules/semver/ranges/min-satisfying.js
6846 silly gunzTarPerm modified mode [ 'node_modules/semver/ranges/min-satisfying.js', 438, 420 ]
6847 silly gunzTarPerm extractEntry node_modules/semver/ranges/max-satisfying.js
6848 silly gunzTarPerm modified mode [ 'node_modules/semver/ranges/max-satisfying.js', 438, 420 ]
6849 silly gunzTarPerm extractEntry node_modules/semver/ranges/ltr.js
6850 silly gunzTarPerm modified mode [ 'node_modules/semver/ranges/ltr.js', 438, 420 ]
6851 silly gunzTarPerm extractEntry node_modules/semver/ranges/intersects.js
6852 silly gunzTarPerm modified mode [ 'node_modules/semver/ranges/intersects.js', 438, 420 ]
6853 silly gunzTarPerm extractEntry node_modules/semver/ranges/gtr.js
6854 silly gunzTarPerm modified mode [ 'node_modules/semver/ranges/gtr.js', 438, 420 ]
6855 silly gunzTarPerm extractEntry node_modules/spdx-expression-parse/package.json
6856 silly gunzTarPerm modified mode [ 'node_modules/spdx-expression-parse/package.json', 438, 420 ]
6857 silly gunzTarPerm extractEntry node_modules/spdx-expression-parse/scan.js
6858 silly gunzTarPerm modified mode [ 'node_modules/spdx-expression-parse/scan.js', 438, 420 ]
6859 silly gunzTarPerm extractEntry node_modules/spdx-expression-parse/parse.js
6860 silly gunzTarPerm modified mode [ 'node_modules/spdx-expression-parse/parse.js', 438, 420 ]
6861 silly gunzTarPerm extractEntry node_modules/spdx-expression-parse/index.js
6862 silly gunzTarPerm modified mode [ 'node_modules/spdx-expression-parse/index.js', 438, 420 ]
6863 silly gunzTarPerm extractEntry node_modules/spdx-expression-parse/AUTHORS
6864 silly gunzTarPerm modified mode [ 'node_modules/spdx-expression-parse/AUTHORS', 438, 420 ]
6865 silly gunzTarPerm extractEntry node_modules/ssri/package.json
6866 silly gunzTarPerm modified mode [ 'node_modules/ssri/package.json', 438, 420 ]
6867 silly gunzTarPerm extractEntry node_modules/ssri/lib/index.js
6868 silly gunzTarPerm modified mode [ 'node_modules/ssri/lib/index.js', 438, 420 ]
6869 silly gunzTarPerm extractEntry node_modules/supports-color/package.json
6870 silly gunzTarPerm modified mode [ 'node_modules/supports-color/package.json', 438, 420 ]
6871 silly gunzTarPerm extractEntry node_modules/supports-color/index.js
6872 silly gunzTarPerm modified mode [ 'node_modules/supports-color/index.js', 438, 420 ]
6873 silly gunzTarPerm extractEntry node_modules/supports-color/browser.js
6874 silly gunzTarPerm modified mode [ 'node_modules/supports-color/browser.js', 438, 420 ]
6875 silly gunzTarPerm extractEntry node_modules/tar/package.json
6876 silly gunzTarPerm modified mode [ 'node_modules/tar/package.json', 438, 420 ]
6877 silly gunzTarPerm extractEntry node_modules/tar/index.js
6878 silly gunzTarPerm modified mode [ 'node_modules/tar/index.js', 438, 420 ]
6879 silly gunzTarPerm extractEntry node_modules/tar/lib/write-entry.js
6880 silly gunzTarPerm modified mode [ 'node_modules/tar/lib/write-entry.js', 438, 420 ]
6881 silly gunzTarPerm extractEntry node_modules/tar/lib/winchars.js
6882 silly gunzTarPerm modified mode [ 'node_modules/tar/lib/winchars.js', 438, 420 ]
6883 silly gunzTarPerm extractEntry node_modules/tar/lib/warn-mixin.js
6884 silly gunzTarPerm modified mode [ 'node_modules/tar/lib/warn-mixin.js', 438, 420 ]
6885 silly gunzTarPerm extractEntry node_modules/tar/lib/update.js
6886 silly gunzTarPerm modified mode [ 'node_modules/tar/lib/update.js', 438, 420 ]
6887 silly gunzTarPerm extractEntry node_modules/tar/lib/unpack.js
6888 silly gunzTarPerm modified mode [ 'node_modules/tar/lib/unpack.js', 438, 420 ]
6889 silly gunzTarPerm extractEntry node_modules/tar/lib/types.js
6890 silly gunzTarPerm modified mode [ 'node_modules/tar/lib/types.js', 438, 420 ]
6891 silly gunzTarPerm extractEntry node_modules/tar/lib/strip-trailing-slashes.js
6892 silly gunzTarPerm modified mode [ 'node_modules/tar/lib/strip-trailing-slashes.js', 438, 420 ]
6893 silly gunzTarPerm extractEntry node_modules/tar/lib/strip-absolute-path.js
6894 silly gunzTarPerm modified mode [ 'node_modules/tar/lib/strip-absolute-path.js', 438, 420 ]
6895 silly gunzTarPerm extractEntry node_modules/tar/lib/replace.js
6896 silly gunzTarPerm modified mode [ 'node_modules/tar/lib/replace.js', 438, 420 ]
6897 silly gunzTarPerm extractEntry node_modules/tar/lib/read-entry.js
6898 silly gunzTarPerm modified mode [ 'node_modules/tar/lib/read-entry.js', 438, 420 ]
6899 silly gunzTarPerm extractEntry node_modules/tar/lib/pax.js
6900 silly gunzTarPerm modified mode [ 'node_modules/tar/lib/pax.js', 438, 420 ]
6901 silly gunzTarPerm extractEntry node_modules/tar/lib/path-reservations.js
6902 silly gunzTarPerm modified mode [ 'node_modules/tar/lib/path-reservations.js', 438, 420 ]
6903 silly gunzTarPerm extractEntry node_modules/tar/lib/parse.js
6904 silly gunzTarPerm modified mode [ 'node_modules/tar/lib/parse.js', 438, 420 ]
6905 silly gunzTarPerm extractEntry node_modules/tar/lib/pack.js
6906 silly gunzTarPerm modified mode [ 'node_modules/tar/lib/pack.js', 438, 420 ]
6907 silly gunzTarPerm extractEntry node_modules/tar/lib/normalize-windows-path.js
6908 silly gunzTarPerm modified mode [ 'node_modules/tar/lib/normalize-windows-path.js', 438, 420 ]
6909 silly gunzTarPerm extractEntry node_modules/tar/lib/normalize-unicode.js
6910 silly gunzTarPerm modified mode [ 'node_modules/tar/lib/normalize-unicode.js', 438, 420 ]
6911 silly gunzTarPerm extractEntry node_modules/tar/lib/mode-fix.js
6912 silly gunzTarPerm modified mode [ 'node_modules/tar/lib/mode-fix.js', 438, 420 ]
6913 silly gunzTarPerm extractEntry node_modules/tar/lib/mkdir.js
6914 silly gunzTarPerm modified mode [ 'node_modules/tar/lib/mkdir.js', 438, 420 ]
6915 silly gunzTarPerm extractEntry node_modules/tar/lib/list.js
6916 silly gunzTarPerm modified mode [ 'node_modules/tar/lib/list.js', 438, 420 ]
6917 silly gunzTarPerm extractEntry node_modules/tar/lib/large-numbers.js
6918 silly gunzTarPerm modified mode [ 'node_modules/tar/lib/large-numbers.js', 438, 420 ]
6919 silly gunzTarPerm extractEntry node_modules/tar/lib/high-level-opt.js
6920 silly gunzTarPerm modified mode [ 'node_modules/tar/lib/high-level-opt.js', 438, 420 ]
6921 silly gunzTarPerm extractEntry node_modules/tar/lib/header.js
6922 silly gunzTarPerm modified mode [ 'node_modules/tar/lib/header.js', 438, 420 ]
6923 silly gunzTarPerm extractEntry node_modules/tar/lib/get-write-flag.js
6924 silly gunzTarPerm modified mode [ 'node_modules/tar/lib/get-write-flag.js', 438, 420 ]
6925 silly gunzTarPerm extractEntry node_modules/tar/lib/extract.js
6926 silly gunzTarPerm modified mode [ 'node_modules/tar/lib/extract.js', 438, 420 ]
6927 silly gunzTarPerm extractEntry node_modules/tar/lib/create.js
6928 silly gunzTarPerm modified mode [ 'node_modules/tar/lib/create.js', 438, 420 ]
6929 silly gunzTarPerm extractEntry node_modules/tar/node_modules/fs-minipass/package.json
6930 silly gunzTarPerm modified mode [ 'node_modules/tar/node_modules/fs-minipass/package.json', 438, 420 ]
6931 silly gunzTarPerm extractEntry node_modules/tar/node_modules/fs-minipass/index.js
6932 silly gunzTarPerm modified mode [ 'node_modules/tar/node_modules/fs-minipass/index.js', 438, 420 ]
6933 silly gunzTarPerm extractEntry node_modules/tar/node_modules/fs-minipass/node_modules/minipass/package.json
6934 silly gunzTarPerm modified mode [
6934 silly gunzTarPerm   'node_modules/tar/node_modules/fs-minipass/node_modules/minipass/package.json',
6934 silly gunzTarPerm   438,
6934 silly gunzTarPerm   420
6934 silly gunzTarPerm ]
6935 silly gunzTarPerm extractEntry node_modules/tar/node_modules/fs-minipass/node_modules/minipass/index.js
6936 silly gunzTarPerm modified mode [
6936 silly gunzTarPerm   'node_modules/tar/node_modules/fs-minipass/node_modules/minipass/index.js',
6936 silly gunzTarPerm   438,
6936 silly gunzTarPerm   420
6936 silly gunzTarPerm ]
6937 silly gunzTarPerm extractEntry node_modules/tar/node_modules/minipass/package.json
6938 silly gunzTarPerm modified mode [ 'node_modules/tar/node_modules/minipass/package.json', 438, 420 ]
6939 silly gunzTarPerm extractEntry node_modules/tar/node_modules/minipass/index.js
6940 silly gunzTarPerm modified mode [ 'node_modules/tar/node_modules/minipass/index.js', 438, 420 ]
6941 silly gunzTarPerm extractEntry node_modules/tar/node_modules/minipass/index.mjs
6942 silly gunzTarPerm modified mode [ 'node_modules/tar/node_modules/minipass/index.mjs', 438, 420 ]
6943 silly gunzTarPerm extractEntry node_modules/text-table/package.json
6944 silly gunzTarPerm modified mode [ 'node_modules/text-table/package.json', 438, 420 ]
6945 silly gunzTarPerm extractEntry node_modules/text-table/LICENSE
6946 silly gunzTarPerm modified mode [ 'node_modules/text-table/LICENSE', 438, 420 ]
6947 silly gunzTarPerm extractEntry node_modules/text-table/index.js
6948 silly gunzTarPerm modified mode [ 'node_modules/text-table/index.js', 438, 420 ]
6949 silly gunzTarPerm extractEntry node_modules/text-table/example/table.js
6950 silly gunzTarPerm modified mode [ 'node_modules/text-table/example/table.js', 438, 420 ]
6951 silly gunzTarPerm extractEntry node_modules/text-table/example/doubledot.js
6952 silly gunzTarPerm modified mode [ 'node_modules/text-table/example/doubledot.js', 438, 420 ]
6953 silly gunzTarPerm extractEntry node_modules/text-table/example/dotalign.js
6954 silly gunzTarPerm modified mode [ 'node_modules/text-table/example/dotalign.js', 438, 420 ]
6955 silly gunzTarPerm extractEntry node_modules/text-table/example/center.js
6956 silly gunzTarPerm modified mode [ 'node_modules/text-table/example/center.js', 438, 420 ]
6957 silly gunzTarPerm extractEntry node_modules/text-table/example/align.js
6958 silly gunzTarPerm modified mode [ 'node_modules/text-table/example/align.js', 438, 420 ]
6959 silly gunzTarPerm extractEntry node_modules/text-table/test/table.js
6960 silly gunzTarPerm modified mode [ 'node_modules/text-table/test/table.js', 438, 420 ]
6961 silly gunzTarPerm extractEntry node_modules/text-table/test/doubledot.js
6962 silly gunzTarPerm modified mode [ 'node_modules/text-table/test/doubledot.js', 438, 420 ]
6963 silly gunzTarPerm extractEntry node_modules/text-table/test/dotalign.js
6964 silly gunzTarPerm modified mode [ 'node_modules/text-table/test/dotalign.js', 438, 420 ]
6965 silly gunzTarPerm extractEntry node_modules/text-table/test/center.js
6966 silly gunzTarPerm modified mode [ 'node_modules/text-table/test/center.js', 438, 420 ]
6967 silly gunzTarPerm extractEntry node_modules/text-table/test/ansi-colors.js
6968 silly gunzTarPerm modified mode [ 'node_modules/text-table/test/ansi-colors.js', 438, 420 ]
6969 silly gunzTarPerm extractEntry node_modules/text-table/test/align.js
6970 silly gunzTarPerm modified mode [ 'node_modules/text-table/test/align.js', 438, 420 ]
6971 silly gunzTarPerm extractEntry node_modules/tiny-relative-date/package.json
6972 silly gunzTarPerm modified mode [ 'node_modules/tiny-relative-date/package.json', 438, 420 ]
6973 silly gunzTarPerm extractEntry node_modules/tiny-relative-date/lib/index.js
6974 silly gunzTarPerm modified mode [ 'node_modules/tiny-relative-date/lib/index.js', 438, 420 ]
6975 silly gunzTarPerm extractEntry node_modules/tiny-relative-date/lib/factory.js
6976 silly gunzTarPerm modified mode [ 'node_modules/tiny-relative-date/lib/factory.js', 438, 420 ]
6977 silly gunzTarPerm extractEntry node_modules/tiny-relative-date/src/index.js
6978 silly gunzTarPerm modified mode [ 'node_modules/tiny-relative-date/src/index.js', 438, 420 ]
6979 silly gunzTarPerm extractEntry node_modules/tiny-relative-date/src/factory.js
6980 silly gunzTarPerm modified mode [ 'node_modules/tiny-relative-date/src/factory.js', 438, 420 ]
6981 silly gunzTarPerm extractEntry node_modules/tiny-relative-date/translations/es.js
6982 silly gunzTarPerm modified mode [ 'node_modules/tiny-relative-date/translations/es.js', 438, 420 ]
6983 silly gunzTarPerm extractEntry node_modules/tiny-relative-date/translations/en.js
6984 silly gunzTarPerm modified mode [ 'node_modules/tiny-relative-date/translations/en.js', 438, 420 ]
6985 silly gunzTarPerm extractEntry node_modules/tiny-relative-date/translations/en-short.js
6986 silly gunzTarPerm modified mode [
6986 silly gunzTarPerm   'node_modules/tiny-relative-date/translations/en-short.js',
6986 silly gunzTarPerm   438,
6986 silly gunzTarPerm   420
6986 silly gunzTarPerm ]
6987 silly gunzTarPerm extractEntry node_modules/tiny-relative-date/translations/de.js
6988 silly gunzTarPerm modified mode [ 'node_modules/tiny-relative-date/translations/de.js', 438, 420 ]
6989 silly gunzTarPerm extractEntry node_modules/tiny-relative-date/translations/da.js
6990 silly gunzTarPerm modified mode [ 'node_modules/tiny-relative-date/translations/da.js', 438, 420 ]
6991 silly gunzTarPerm extractEntry node_modules/treeverse/package.json
6992 silly gunzTarPerm modified mode [ 'node_modules/treeverse/package.json', 438, 420 ]
6993 silly gunzTarPerm extractEntry node_modules/treeverse/lib/index.js
6994 silly gunzTarPerm modified mode [ 'node_modules/treeverse/lib/index.js', 438, 420 ]
6995 silly gunzTarPerm extractEntry node_modules/treeverse/lib/depth.js
6996 silly gunzTarPerm modified mode [ 'node_modules/treeverse/lib/depth.js', 438, 420 ]
6997 silly gunzTarPerm extractEntry node_modules/treeverse/lib/depth-descent.js
6998 silly gunzTarPerm modified mode [ 'node_modules/treeverse/lib/depth-descent.js', 438, 420 ]
6999 silly gunzTarPerm extractEntry node_modules/treeverse/lib/breadth.js
7000 silly gunzTarPerm modified mode [ 'node_modules/treeverse/lib/breadth.js', 438, 420 ]
7001 silly gunzTarPerm extractEntry node_modules/validate-npm-package-name/package.json
7002 silly gunzTarPerm modified mode [ 'node_modules/validate-npm-package-name/package.json', 438, 420 ]
7003 silly gunzTarPerm extractEntry node_modules/validate-npm-package-name/lib/index.js
7004 silly gunzTarPerm modified mode [ 'node_modules/validate-npm-package-name/lib/index.js', 438, 420 ]
7005 silly gunzTarPerm extractEntry node_modules/which/package.json
7006 silly gunzTarPerm modified mode [ 'node_modules/which/package.json', 438, 420 ]
7007 silly gunzTarPerm extractEntry node_modules/which/README.md
7008 silly gunzTarPerm modified mode [ 'node_modules/which/README.md', 438, 420 ]
7009 silly gunzTarPerm extractEntry node_modules/which/bin/which.js
7010 silly gunzTarPerm modified mode [ 'node_modules/which/bin/which.js', 438, 420 ]
7011 silly gunzTarPerm extractEntry node_modules/which/lib/index.js
7012 silly gunzTarPerm modified mode [ 'node_modules/which/lib/index.js', 438, 420 ]
7013 silly gunzTarPerm extractEntry node_modules/which/node_modules/isexe/package.json
7014 silly gunzTarPerm modified mode [ 'node_modules/which/node_modules/isexe/package.json', 438, 420 ]
7015 silly gunzTarPerm extractEntry node_modules/which/node_modules/isexe/dist/cjs/package.json
7016 silly gunzTarPerm modified mode [
7016 silly gunzTarPerm   'node_modules/which/node_modules/isexe/dist/cjs/package.json',
7016 silly gunzTarPerm   438,
7016 silly gunzTarPerm   420
7016 silly gunzTarPerm ]
7017 silly gunzTarPerm extractEntry node_modules/which/node_modules/isexe/dist/cjs/win32.js
7018 silly gunzTarPerm modified mode [ 'node_modules/which/node_modules/isexe/dist/cjs/win32.js', 438, 420 ]
7019 silly gunzTarPerm extractEntry node_modules/which/node_modules/isexe/dist/cjs/posix.js
7020 silly gunzTarPerm modified mode [ 'node_modules/which/node_modules/isexe/dist/cjs/posix.js', 438, 420 ]
7021 silly gunzTarPerm extractEntry node_modules/which/node_modules/isexe/dist/cjs/options.js
7022 silly gunzTarPerm modified mode [
7022 silly gunzTarPerm   'node_modules/which/node_modules/isexe/dist/cjs/options.js',
7022 silly gunzTarPerm   438,
7022 silly gunzTarPerm   420
7022 silly gunzTarPerm ]
7023 silly gunzTarPerm extractEntry node_modules/which/node_modules/isexe/dist/cjs/index.js
7024 silly gunzTarPerm modified mode [ 'node_modules/which/node_modules/isexe/dist/cjs/index.js', 438, 420 ]
7025 silly gunzTarPerm extractEntry node_modules/which/node_modules/isexe/dist/mjs/package.json
7026 silly gunzTarPerm modified mode [
7026 silly gunzTarPerm   'node_modules/which/node_modules/isexe/dist/mjs/package.json',
7026 silly gunzTarPerm   438,
7026 silly gunzTarPerm   420
7026 silly gunzTarPerm ]
7027 silly gunzTarPerm extractEntry node_modules/which/node_modules/isexe/dist/mjs/win32.js
7028 silly gunzTarPerm modified mode [ 'node_modules/which/node_modules/isexe/dist/mjs/win32.js', 438, 420 ]
7029 silly gunzTarPerm extractEntry node_modules/which/node_modules/isexe/dist/mjs/posix.js
7030 silly gunzTarPerm modified mode [ 'node_modules/which/node_modules/isexe/dist/mjs/posix.js', 438, 420 ]
7031 silly gunzTarPerm extractEntry node_modules/which/node_modules/isexe/dist/mjs/options.js
7032 silly gunzTarPerm modified mode [
7032 silly gunzTarPerm   'node_modules/which/node_modules/isexe/dist/mjs/options.js',
7032 silly gunzTarPerm   438,
7032 silly gunzTarPerm   420
7032 silly gunzTarPerm ]
7033 silly gunzTarPerm extractEntry node_modules/which/node_modules/isexe/dist/mjs/index.js
7034 silly gunzTarPerm modified mode [ 'node_modules/which/node_modules/isexe/dist/mjs/index.js', 438, 420 ]
7035 silly lockFile 99ecdc4f-ata-Roaming-npm-node-modules-npm tar://C:\Users\dmorah\AppData\Roaming\npm\node_modules\npm
7036 silly lockFile 99ecdc4f-ata-Roaming-npm-node-modules-npm tar://C:\Users\dmorah\AppData\Roaming\npm\node_modules\npm
7037 silly lockFile 544ca78c-npm-cache-npm-11-3-0-package-tgz tar://C:\Users\dmorah\AppData\Roaming\npm-cache\npm\11.3.0\package.tgz
7038 silly lockFile 544ca78c-npm-cache-npm-11-3-0-package-tgz tar://C:\Users\dmorah\AppData\Roaming\npm-cache\npm\11.3.0\package.tgz
7039 info preinstall npm@11.3.0
7040 verbose readDependencies using package.json deps
7041 verbose readDependencies using package.json deps
7042 verbose cache add [ '@npmcli/fs@^4.0.0', null ]
7043 verbose cache add name=undefined spec="@npmcli/fs@^4.0.0" args=["@npmcli/fs@^4.0.0",null]
7044 verbose parsed url Url {
7044 verbose parsed url   protocol: null,
7044 verbose parsed url   slashes: null,
7044 verbose parsed url   auth: null,
7044 verbose parsed url   host: null,
7044 verbose parsed url   port: null,
7044 verbose parsed url   hostname: null,
7044 verbose parsed url   hash: null,
7044 verbose parsed url   search: null,
7044 verbose parsed url   query: null,
7044 verbose parsed url   pathname: '@npmcli/fs@%5E4.0.0',
7044 verbose parsed url   path: '@npmcli/fs@%5E4.0.0',
7044 verbose parsed url   href: '@npmcli/fs@%5E4.0.0'
7044 verbose parsed url }
7045 verbose cache add name="" spec="npmcli/fs@^4.0.0" args=["","npmcli/fs@^4.0.0"]
7046 verbose parsed url Url {
7046 verbose parsed url   protocol: null,
7046 verbose parsed url   slashes: null,
7046 verbose parsed url   auth: null,
7046 verbose parsed url   host: null,
7046 verbose parsed url   port: null,
7046 verbose parsed url   hostname: null,
7046 verbose parsed url   hash: null,
7046 verbose parsed url   search: null,
7046 verbose parsed url   query: null,
7046 verbose parsed url   pathname: 'npmcli/fs@%5E4.0.0',
7046 verbose parsed url   path: 'npmcli/fs@%5E4.0.0',
7046 verbose parsed url   href: 'npmcli/fs@%5E4.0.0'
7046 verbose parsed url }
7047 verbose cache add name="npmcli/fs" spec="^4.0.0" args=["npmcli/fs","^4.0.0"]
7048 verbose parsed url Url {
7048 verbose parsed url   protocol: null,
7048 verbose parsed url   slashes: null,
7048 verbose parsed url   auth: null,
7048 verbose parsed url   host: null,
7048 verbose parsed url   port: null,
7048 verbose parsed url   hostname: null,
7048 verbose parsed url   hash: null,
7048 verbose parsed url   search: null,
7048 verbose parsed url   query: null,
7048 verbose parsed url   pathname: '%5E4.0.0',
7048 verbose parsed url   path: '%5E4.0.0',
7048 verbose parsed url   href: '%5E4.0.0'
7048 verbose parsed url }
7049 verbose addNamed [ 'npmcli/fs', '^4.0.0' ]
7050 verbose addNamed [ null, null ]
7051 silly lockFile 4de9e8ce-npmcli-fs-4-0-0 npmcli/fs@^4.0.0
7052 verbose lock npmcli/fs@^4.0.0 C:\Users\dmorah\AppData\Roaming\npm-cache\4de9e8ce-npmcli-fs-4-0-0.lock
7053 verbose cache add [ '@npmcli/map-workspaces@^4.0.2', null ]
7054 verbose cache add name=undefined spec="@npmcli/map-workspaces@^4.0.2" args=["@npmcli/map-workspaces@^4.0.2",null]
7055 verbose parsed url Url {
7055 verbose parsed url   protocol: null,
7055 verbose parsed url   slashes: null,
7055 verbose parsed url   auth: null,
7055 verbose parsed url   host: null,
7055 verbose parsed url   port: null,
7055 verbose parsed url   hostname: null,
7055 verbose parsed url   hash: null,
7055 verbose parsed url   search: null,
7055 verbose parsed url   query: null,
7055 verbose parsed url   pathname: '@npmcli/map-workspaces@%5E4.0.2',
7055 verbose parsed url   path: '@npmcli/map-workspaces@%5E4.0.2',
7055 verbose parsed url   href: '@npmcli/map-workspaces@%5E4.0.2'
7055 verbose parsed url }
7056 verbose cache add name="" spec="npmcli/map-workspaces@^4.0.2" args=["","npmcli/map-workspaces@^4.0.2"]
7057 verbose parsed url Url {
7057 verbose parsed url   protocol: null,
7057 verbose parsed url   slashes: null,
7057 verbose parsed url   auth: null,
7057 verbose parsed url   host: null,
7057 verbose parsed url   port: null,
7057 verbose parsed url   hostname: null,
7057 verbose parsed url   hash: null,
7057 verbose parsed url   search: null,
7057 verbose parsed url   query: null,
7057 verbose parsed url   pathname: 'npmcli/map-workspaces@%5E4.0.2',
7057 verbose parsed url   path: 'npmcli/map-workspaces@%5E4.0.2',
7057 verbose parsed url   href: 'npmcli/map-workspaces@%5E4.0.2'
7057 verbose parsed url }
7058 verbose cache add name="npmcli/map-workspaces" spec="^4.0.2" args=["npmcli/map-workspaces","^4.0.2"]
7059 verbose parsed url Url {
7059 verbose parsed url   protocol: null,
7059 verbose parsed url   slashes: null,
7059 verbose parsed url   auth: null,
7059 verbose parsed url   host: null,
7059 verbose parsed url   port: null,
7059 verbose parsed url   hostname: null,
7059 verbose parsed url   hash: null,
7059 verbose parsed url   search: null,
7059 verbose parsed url   query: null,
7059 verbose parsed url   pathname: '%5E4.0.2',
7059 verbose parsed url   path: '%5E4.0.2',
7059 verbose parsed url   href: '%5E4.0.2'
7059 verbose parsed url }
7060 verbose addNamed [ 'npmcli/map-workspaces', '^4.0.2' ]
7061 verbose addNamed [ null, null ]
7062 silly lockFile c0b71445-npmcli-map-workspaces-4-0-2 npmcli/map-workspaces@^4.0.2
7063 verbose lock npmcli/map-workspaces@^4.0.2 C:\Users\dmorah\AppData\Roaming\npm-cache\c0b71445-npmcli-map-workspaces-4-0-2.lock
7064 verbose cache add [ '@npmcli/package-json@^6.1.1', null ]
7065 verbose cache add name=undefined spec="@npmcli/package-json@^6.1.1" args=["@npmcli/package-json@^6.1.1",null]
7066 verbose parsed url Url {
7066 verbose parsed url   protocol: null,
7066 verbose parsed url   slashes: null,
7066 verbose parsed url   auth: null,
7066 verbose parsed url   host: null,
7066 verbose parsed url   port: null,
7066 verbose parsed url   hostname: null,
7066 verbose parsed url   hash: null,
7066 verbose parsed url   search: null,
7066 verbose parsed url   query: null,
7066 verbose parsed url   pathname: '@npmcli/package-json@%5E6.1.1',
7066 verbose parsed url   path: '@npmcli/package-json@%5E6.1.1',
7066 verbose parsed url   href: '@npmcli/package-json@%5E6.1.1'
7066 verbose parsed url }
7067 verbose cache add name="" spec="npmcli/package-json@^6.1.1" args=["","npmcli/package-json@^6.1.1"]
7068 verbose parsed url Url {
7068 verbose parsed url   protocol: null,
7068 verbose parsed url   slashes: null,
7068 verbose parsed url   auth: null,
7068 verbose parsed url   host: null,
7068 verbose parsed url   port: null,
7068 verbose parsed url   hostname: null,
7068 verbose parsed url   hash: null,
7068 verbose parsed url   search: null,
7068 verbose parsed url   query: null,
7068 verbose parsed url   pathname: 'npmcli/package-json@%5E6.1.1',
7068 verbose parsed url   path: 'npmcli/package-json@%5E6.1.1',
7068 verbose parsed url   href: 'npmcli/package-json@%5E6.1.1'
7068 verbose parsed url }
7069 verbose cache add name="npmcli/package-json" spec="^6.1.1" args=["npmcli/package-json","^6.1.1"]
7070 verbose parsed url Url {
7070 verbose parsed url   protocol: null,
7070 verbose parsed url   slashes: null,
7070 verbose parsed url   auth: null,
7070 verbose parsed url   host: null,
7070 verbose parsed url   port: null,
7070 verbose parsed url   hostname: null,
7070 verbose parsed url   hash: null,
7070 verbose parsed url   search: null,
7070 verbose parsed url   query: null,
7070 verbose parsed url   pathname: '%5E6.1.1',
7070 verbose parsed url   path: '%5E6.1.1',
7070 verbose parsed url   href: '%5E6.1.1'
7070 verbose parsed url }
7071 verbose addNamed [ 'npmcli/package-json', '^6.1.1' ]
7072 verbose addNamed [ null, null ]
7073 silly lockFile 3408f40b-npmcli-package-json-6-1-1 npmcli/package-json@^6.1.1
7074 verbose lock npmcli/package-json@^6.1.1 C:\Users\dmorah\AppData\Roaming\npm-cache\3408f40b-npmcli-package-json-6-1-1.lock
7075 verbose cache add [ '@npmcli/promise-spawn@^8.0.2', null ]
7076 verbose cache add name=undefined spec="@npmcli/promise-spawn@^8.0.2" args=["@npmcli/promise-spawn@^8.0.2",null]
7077 verbose parsed url Url {
7077 verbose parsed url   protocol: null,
7077 verbose parsed url   slashes: null,
7077 verbose parsed url   auth: null,
7077 verbose parsed url   host: null,
7077 verbose parsed url   port: null,
7077 verbose parsed url   hostname: null,
7077 verbose parsed url   hash: null,
7077 verbose parsed url   search: null,
7077 verbose parsed url   query: null,
7077 verbose parsed url   pathname: '@npmcli/promise-spawn@%5E8.0.2',
7077 verbose parsed url   path: '@npmcli/promise-spawn@%5E8.0.2',
7077 verbose parsed url   href: '@npmcli/promise-spawn@%5E8.0.2'
7077 verbose parsed url }
7078 verbose cache add name="" spec="npmcli/promise-spawn@^8.0.2" args=["","npmcli/promise-spawn@^8.0.2"]
7079 verbose parsed url Url {
7079 verbose parsed url   protocol: null,
7079 verbose parsed url   slashes: null,
7079 verbose parsed url   auth: null,
7079 verbose parsed url   host: null,
7079 verbose parsed url   port: null,
7079 verbose parsed url   hostname: null,
7079 verbose parsed url   hash: null,
7079 verbose parsed url   search: null,
7079 verbose parsed url   query: null,
7079 verbose parsed url   pathname: 'npmcli/promise-spawn@%5E8.0.2',
7079 verbose parsed url   path: 'npmcli/promise-spawn@%5E8.0.2',
7079 verbose parsed url   href: 'npmcli/promise-spawn@%5E8.0.2'
7079 verbose parsed url }
7080 verbose cache add name="npmcli/promise-spawn" spec="^8.0.2" args=["npmcli/promise-spawn","^8.0.2"]
7081 verbose parsed url Url {
7081 verbose parsed url   protocol: null,
7081 verbose parsed url   slashes: null,
7081 verbose parsed url   auth: null,
7081 verbose parsed url   host: null,
7081 verbose parsed url   port: null,
7081 verbose parsed url   hostname: null,
7081 verbose parsed url   hash: null,
7081 verbose parsed url   search: null,
7081 verbose parsed url   query: null,
7081 verbose parsed url   pathname: '%5E8.0.2',
7081 verbose parsed url   path: '%5E8.0.2',
7081 verbose parsed url   href: '%5E8.0.2'
7081 verbose parsed url }
7082 verbose addNamed [ 'npmcli/promise-spawn', '^8.0.2' ]
7083 verbose addNamed [ null, null ]
7084 silly lockFile 12a517b2-npmcli-promise-spawn-8-0-2 npmcli/promise-spawn@^8.0.2
7085 verbose lock npmcli/promise-spawn@^8.0.2 C:\Users\dmorah\AppData\Roaming\npm-cache\12a517b2-npmcli-promise-spawn-8-0-2.lock
7086 silly addNameRange { name: 'npmcli/fs', range: '*', hasData: false }
7087 silly addNameRange { name: 'npmcli/package-json', range: '*', hasData: false }
7088 verbose cache add [ '@npmcli/redact@^3.1.1', null ]
7089 verbose cache add name=undefined spec="@npmcli/redact@^3.1.1" args=["@npmcli/redact@^3.1.1",null]
7090 verbose parsed url Url {
7090 verbose parsed url   protocol: null,
7090 verbose parsed url   slashes: null,
7090 verbose parsed url   auth: null,
7090 verbose parsed url   host: null,
7090 verbose parsed url   port: null,
7090 verbose parsed url   hostname: null,
7090 verbose parsed url   hash: null,
7090 verbose parsed url   search: null,
7090 verbose parsed url   query: null,
7090 verbose parsed url   pathname: '@npmcli/redact@%5E3.1.1',
7090 verbose parsed url   path: '@npmcli/redact@%5E3.1.1',
7090 verbose parsed url   href: '@npmcli/redact@%5E3.1.1'
7090 verbose parsed url }
7091 verbose cache add name="" spec="npmcli/redact@^3.1.1" args=["","npmcli/redact@^3.1.1"]
7092 verbose parsed url Url {
7092 verbose parsed url   protocol: null,
7092 verbose parsed url   slashes: null,
7092 verbose parsed url   auth: null,
7092 verbose parsed url   host: null,
7092 verbose parsed url   port: null,
7092 verbose parsed url   hostname: null,
7092 verbose parsed url   hash: null,
7092 verbose parsed url   search: null,
7092 verbose parsed url   query: null,
7092 verbose parsed url   pathname: 'npmcli/redact@%5E3.1.1',
7092 verbose parsed url   path: 'npmcli/redact@%5E3.1.1',
7092 verbose parsed url   href: 'npmcli/redact@%5E3.1.1'
7092 verbose parsed url }
7093 verbose cache add name="npmcli/redact" spec="^3.1.1" args=["npmcli/redact","^3.1.1"]
7094 verbose parsed url Url {
7094 verbose parsed url   protocol: null,
7094 verbose parsed url   slashes: null,
7094 verbose parsed url   auth: null,
7094 verbose parsed url   host: null,
7094 verbose parsed url   port: null,
7094 verbose parsed url   hostname: null,
7094 verbose parsed url   hash: null,
7094 verbose parsed url   search: null,
7094 verbose parsed url   query: null,
7094 verbose parsed url   pathname: '%5E3.1.1',
7094 verbose parsed url   path: '%5E3.1.1',
7094 verbose parsed url   href: '%5E3.1.1'
7094 verbose parsed url }
7095 verbose addNamed [ 'npmcli/redact', '^3.1.1' ]
7096 verbose addNamed [ null, null ]
7097 silly lockFile 71f0332e-npmcli-redact-3-1-1 npmcli/redact@^3.1.1
7098 verbose lock npmcli/redact@^3.1.1 C:\Users\dmorah\AppData\Roaming\npm-cache\71f0332e-npmcli-redact-3-1-1.lock
7099 verbose url raw npmcli/fs
7100 verbose url resolving [ 'https://registry.npmjs.org/', './npmcli/fs' ]
7101 verbose url resolved https://registry.npmjs.org/npmcli/fs
7102 info trying registry request attempt 1 at 16:00:06
7103 http GET https://registry.npmjs.org/npmcli/fs
7104 verbose cache add [ '@npmcli/run-script@^9.1.0', null ]
7105 verbose cache add name=undefined spec="@npmcli/run-script@^9.1.0" args=["@npmcli/run-script@^9.1.0",null]
7106 verbose parsed url Url {
7106 verbose parsed url   protocol: null,
7106 verbose parsed url   slashes: null,
7106 verbose parsed url   auth: null,
7106 verbose parsed url   host: null,
7106 verbose parsed url   port: null,
7106 verbose parsed url   hostname: null,
7106 verbose parsed url   hash: null,
7106 verbose parsed url   search: null,
7106 verbose parsed url   query: null,
7106 verbose parsed url   pathname: '@npmcli/run-script@%5E9.1.0',
7106 verbose parsed url   path: '@npmcli/run-script@%5E9.1.0',
7106 verbose parsed url   href: '@npmcli/run-script@%5E9.1.0'
7106 verbose parsed url }
7107 verbose cache add name="" spec="npmcli/run-script@^9.1.0" args=["","npmcli/run-script@^9.1.0"]
7108 verbose parsed url Url {
7108 verbose parsed url   protocol: null,
7108 verbose parsed url   slashes: null,
7108 verbose parsed url   auth: null,
7108 verbose parsed url   host: null,
7108 verbose parsed url   port: null,
7108 verbose parsed url   hostname: null,
7108 verbose parsed url   hash: null,
7108 verbose parsed url   search: null,
7108 verbose parsed url   query: null,
7108 verbose parsed url   pathname: 'npmcli/run-script@%5E9.1.0',
7108 verbose parsed url   path: 'npmcli/run-script@%5E9.1.0',
7108 verbose parsed url   href: 'npmcli/run-script@%5E9.1.0'
7108 verbose parsed url }
7109 verbose cache add name="npmcli/run-script" spec="^9.1.0" args=["npmcli/run-script","^9.1.0"]
7110 verbose parsed url Url {
7110 verbose parsed url   protocol: null,
7110 verbose parsed url   slashes: null,
7110 verbose parsed url   auth: null,
7110 verbose parsed url   host: null,
7110 verbose parsed url   port: null,
7110 verbose parsed url   hostname: null,
7110 verbose parsed url   hash: null,
7110 verbose parsed url   search: null,
7110 verbose parsed url   query: null,
7110 verbose parsed url   pathname: '%5E9.1.0',
7110 verbose parsed url   path: '%5E9.1.0',
7110 verbose parsed url   href: '%5E9.1.0'
7110 verbose parsed url }
7111 verbose addNamed [ 'npmcli/run-script', '^9.1.0' ]
7112 verbose addNamed [ null, null ]
7113 silly lockFile 227cb29c-npmcli-run-script-9-1-0 npmcli/run-script@^9.1.0
7114 verbose lock npmcli/run-script@^9.1.0 C:\Users\dmorah\AppData\Roaming\npm-cache\227cb29c-npmcli-run-script-9-1-0.lock
7115 verbose cache add [ '@sigstore/tuf@^3.0.0', null ]
7116 verbose cache add name=undefined spec="@sigstore/tuf@^3.0.0" args=["@sigstore/tuf@^3.0.0",null]
7117 verbose parsed url Url {
7117 verbose parsed url   protocol: null,
7117 verbose parsed url   slashes: null,
7117 verbose parsed url   auth: null,
7117 verbose parsed url   host: null,
7117 verbose parsed url   port: null,
7117 verbose parsed url   hostname: null,
7117 verbose parsed url   hash: null,
7117 verbose parsed url   search: null,
7117 verbose parsed url   query: null,
7117 verbose parsed url   pathname: '@sigstore/tuf@%5E3.0.0',
7117 verbose parsed url   path: '@sigstore/tuf@%5E3.0.0',
7117 verbose parsed url   href: '@sigstore/tuf@%5E3.0.0'
7117 verbose parsed url }
7118 verbose cache add name="" spec="sigstore/tuf@^3.0.0" args=["","sigstore/tuf@^3.0.0"]
7119 verbose parsed url Url {
7119 verbose parsed url   protocol: null,
7119 verbose parsed url   slashes: null,
7119 verbose parsed url   auth: null,
7119 verbose parsed url   host: null,
7119 verbose parsed url   port: null,
7119 verbose parsed url   hostname: null,
7119 verbose parsed url   hash: null,
7119 verbose parsed url   search: null,
7119 verbose parsed url   query: null,
7119 verbose parsed url   pathname: 'sigstore/tuf@%5E3.0.0',
7119 verbose parsed url   path: 'sigstore/tuf@%5E3.0.0',
7119 verbose parsed url   href: 'sigstore/tuf@%5E3.0.0'
7119 verbose parsed url }
7120 verbose cache add name="sigstore/tuf" spec="^3.0.0" args=["sigstore/tuf","^3.0.0"]
7121 verbose parsed url Url {
7121 verbose parsed url   protocol: null,
7121 verbose parsed url   slashes: null,
7121 verbose parsed url   auth: null,
7121 verbose parsed url   host: null,
7121 verbose parsed url   port: null,
7121 verbose parsed url   hostname: null,
7121 verbose parsed url   hash: null,
7121 verbose parsed url   search: null,
7121 verbose parsed url   query: null,
7121 verbose parsed url   pathname: '%5E3.0.0',
7121 verbose parsed url   path: '%5E3.0.0',
7121 verbose parsed url   href: '%5E3.0.0'
7121 verbose parsed url }
7122 verbose addNamed [ 'sigstore/tuf', '^3.0.0' ]
7123 verbose addNamed [ null, null ]
7124 silly lockFile a017a125-sigstore-tuf-3-0-0 sigstore/tuf@^3.0.0
7125 verbose lock sigstore/tuf@^3.0.0 C:\Users\dmorah\AppData\Roaming\npm-cache\a017a125-sigstore-tuf-3-0-0.lock
7126 verbose cache add [ '@isaacs/string-locale-compare@^1.1.0', null ]
7127 verbose cache add name=undefined spec="@isaacs/string-locale-compare@^1.1.0" args=["@isaacs/string-locale-compare@^1.1.0",null]
7128 verbose parsed url Url {
7128 verbose parsed url   protocol: null,
7128 verbose parsed url   slashes: null,
7128 verbose parsed url   auth: null,
7128 verbose parsed url   host: null,
7128 verbose parsed url   port: null,
7128 verbose parsed url   hostname: null,
7128 verbose parsed url   hash: null,
7128 verbose parsed url   search: null,
7128 verbose parsed url   query: null,
7128 verbose parsed url   pathname: '@isaacs/string-locale-compare@%5E1.1.0',
7128 verbose parsed url   path: '@isaacs/string-locale-compare@%5E1.1.0',
7128 verbose parsed url   href: '@isaacs/string-locale-compare@%5E1.1.0'
7128 verbose parsed url }
7129 verbose cache add name="" spec="isaacs/string-locale-compare@^1.1.0" args=["","isaacs/string-locale-compare@^1.1.0"]
7130 verbose parsed url Url {
7130 verbose parsed url   protocol: null,
7130 verbose parsed url   slashes: null,
7130 verbose parsed url   auth: null,
7130 verbose parsed url   host: null,
7130 verbose parsed url   port: null,
7130 verbose parsed url   hostname: null,
7130 verbose parsed url   hash: null,
7130 verbose parsed url   search: null,
7130 verbose parsed url   query: null,
7130 verbose parsed url   pathname: 'isaacs/string-locale-compare@%5E1.1.0',
7130 verbose parsed url   path: 'isaacs/string-locale-compare@%5E1.1.0',
7130 verbose parsed url   href: 'isaacs/string-locale-compare@%5E1.1.0'
7130 verbose parsed url }
7131 verbose cache add name="isaacs/string-locale-compare" spec="^1.1.0" args=["isaacs/string-locale-compare","^1.1.0"]
7132 verbose parsed url Url {
7132 verbose parsed url   protocol: null,
7132 verbose parsed url   slashes: null,
7132 verbose parsed url   auth: null,
7132 verbose parsed url   host: null,
7132 verbose parsed url   port: null,
7132 verbose parsed url   hostname: null,
7132 verbose parsed url   hash: null,
7132 verbose parsed url   search: null,
7132 verbose parsed url   query: null,
7132 verbose parsed url   pathname: '%5E1.1.0',
7132 verbose parsed url   path: '%5E1.1.0',
7132 verbose parsed url   href: '%5E1.1.0'
7132 verbose parsed url }
7133 verbose addNamed [ 'isaacs/string-locale-compare', '^1.1.0' ]
7134 verbose addNamed [ null, null ]
7135 silly lockFile 2f35d2a6-aacs-string-locale-compare-1-1-0 isaacs/string-locale-compare@^1.1.0
7136 verbose lock isaacs/string-locale-compare@^1.1.0 C:\Users\dmorah\AppData\Roaming\npm-cache\2f35d2a6-aacs-string-locale-compare-1-1-0.lock
7137 verbose cache add [ '@npmcli/arborist@^9.0.2', null ]
7138 verbose cache add name=undefined spec="@npmcli/arborist@^9.0.2" args=["@npmcli/arborist@^9.0.2",null]
7139 verbose parsed url Url {
7139 verbose parsed url   protocol: null,
7139 verbose parsed url   slashes: null,
7139 verbose parsed url   auth: null,
7139 verbose parsed url   host: null,
7139 verbose parsed url   port: null,
7139 verbose parsed url   hostname: null,
7139 verbose parsed url   hash: null,
7139 verbose parsed url   search: null,
7139 verbose parsed url   query: null,
7139 verbose parsed url   pathname: '@npmcli/arborist@%5E9.0.2',
7139 verbose parsed url   path: '@npmcli/arborist@%5E9.0.2',
7139 verbose parsed url   href: '@npmcli/arborist@%5E9.0.2'
7139 verbose parsed url }
7140 verbose cache add name="" spec="npmcli/arborist@^9.0.2" args=["","npmcli/arborist@^9.0.2"]
7141 verbose parsed url Url {
7141 verbose parsed url   protocol: null,
7141 verbose parsed url   slashes: null,
7141 verbose parsed url   auth: null,
7141 verbose parsed url   host: null,
7141 verbose parsed url   port: null,
7141 verbose parsed url   hostname: null,
7141 verbose parsed url   hash: null,
7141 verbose parsed url   search: null,
7141 verbose parsed url   query: null,
7141 verbose parsed url   pathname: 'npmcli/arborist@%5E9.0.2',
7141 verbose parsed url   path: 'npmcli/arborist@%5E9.0.2',
7141 verbose parsed url   href: 'npmcli/arborist@%5E9.0.2'
7141 verbose parsed url }
7142 verbose cache add name="npmcli/arborist" spec="^9.0.2" args=["npmcli/arborist","^9.0.2"]
7143 verbose parsed url Url {
7143 verbose parsed url   protocol: null,
7143 verbose parsed url   slashes: null,
7143 verbose parsed url   auth: null,
7143 verbose parsed url   host: null,
7143 verbose parsed url   port: null,
7143 verbose parsed url   hostname: null,
7143 verbose parsed url   hash: null,
7143 verbose parsed url   search: null,
7143 verbose parsed url   query: null,
7143 verbose parsed url   pathname: '%5E9.0.2',
7143 verbose parsed url   path: '%5E9.0.2',
7143 verbose parsed url   href: '%5E9.0.2'
7143 verbose parsed url }
7144 verbose addNamed [ 'npmcli/arborist', '^9.0.2' ]
7145 verbose addNamed [ null, null ]
7146 silly lockFile b0f79173-npmcli-arborist-9-0-2 npmcli/arborist@^9.0.2
7147 verbose lock npmcli/arborist@^9.0.2 C:\Users\dmorah\AppData\Roaming\npm-cache\b0f79173-npmcli-arborist-9-0-2.lock
7148 verbose url raw npmcli/package-json
7149 verbose url resolving [ 'https://registry.npmjs.org/', './npmcli/package-json' ]
7150 verbose url resolved https://registry.npmjs.org/npmcli/package-json
7151 info trying registry request attempt 1 at 16:00:06
7152 http GET https://registry.npmjs.org/npmcli/package-json
7153 silly addNameRange { name: 'npmcli/map-workspaces', range: '*', hasData: false }
7154 silly addNameRange { name: 'npmcli/promise-spawn', range: '*', hasData: false }
7155 silly addNameRange { name: 'npmcli/redact', range: '*', hasData: false }
7156 silly addNameRange { name: 'npmcli/run-script', range: '*', hasData: false }
7157 silly addNameRange { name: 'sigstore/tuf', range: '*', hasData: false }
7158 verbose cache add [ '@npmcli/config@^10.2.0', null ]
7159 verbose cache add name=undefined spec="@npmcli/config@^10.2.0" args=["@npmcli/config@^10.2.0",null]
7160 verbose parsed url Url {
7160 verbose parsed url   protocol: null,
7160 verbose parsed url   slashes: null,
7160 verbose parsed url   auth: null,
7160 verbose parsed url   host: null,
7160 verbose parsed url   port: null,
7160 verbose parsed url   hostname: null,
7160 verbose parsed url   hash: null,
7160 verbose parsed url   search: null,
7160 verbose parsed url   query: null,
7160 verbose parsed url   pathname: '@npmcli/config@%5E10.2.0',
7160 verbose parsed url   path: '@npmcli/config@%5E10.2.0',
7160 verbose parsed url   href: '@npmcli/config@%5E10.2.0'
7160 verbose parsed url }
7161 verbose cache add name="" spec="npmcli/config@^10.2.0" args=["","npmcli/config@^10.2.0"]
7162 verbose parsed url Url {
7162 verbose parsed url   protocol: null,
7162 verbose parsed url   slashes: null,
7162 verbose parsed url   auth: null,
7162 verbose parsed url   host: null,
7162 verbose parsed url   port: null,
7162 verbose parsed url   hostname: null,
7162 verbose parsed url   hash: null,
7162 verbose parsed url   search: null,
7162 verbose parsed url   query: null,
7162 verbose parsed url   pathname: 'npmcli/config@%5E10.2.0',
7162 verbose parsed url   path: 'npmcli/config@%5E10.2.0',
7162 verbose parsed url   href: 'npmcli/config@%5E10.2.0'
7162 verbose parsed url }
7163 verbose cache add name="npmcli/config" spec="^10.2.0" args=["npmcli/config","^10.2.0"]
7164 verbose parsed url Url {
7164 verbose parsed url   protocol: null,
7164 verbose parsed url   slashes: null,
7164 verbose parsed url   auth: null,
7164 verbose parsed url   host: null,
7164 verbose parsed url   port: null,
7164 verbose parsed url   hostname: null,
7164 verbose parsed url   hash: null,
7164 verbose parsed url   search: null,
7164 verbose parsed url   query: null,
7164 verbose parsed url   pathname: '%5E10.2.0',
7164 verbose parsed url   path: '%5E10.2.0',
7164 verbose parsed url   href: '%5E10.2.0'
7164 verbose parsed url }
7165 verbose addNamed [ 'npmcli/config', '^10.2.0' ]
7166 verbose addNamed [ null, null ]
7167 silly lockFile 327c5715-npmcli-config-10-2-0 npmcli/config@^10.2.0
7168 verbose lock npmcli/config@^10.2.0 C:\Users\dmorah\AppData\Roaming\npm-cache\327c5715-npmcli-config-10-2-0.lock
7169 silly addNameRange { name: 'npmcli/arborist', range: '*', hasData: false }
7170 silly addNameRange { name: 'isaacs/string-locale-compare', range: '*', hasData: false }
7171 verbose url raw npmcli/map-workspaces
7172 verbose url resolving [ 'https://registry.npmjs.org/', './npmcli/map-workspaces' ]
7173 verbose url resolved https://registry.npmjs.org/npmcli/map-workspaces
7174 info trying registry request attempt 1 at 16:00:06
7175 http GET https://registry.npmjs.org/npmcli/map-workspaces
7176 verbose url raw npmcli/promise-spawn
7177 verbose url resolving [ 'https://registry.npmjs.org/', './npmcli/promise-spawn' ]
7178 verbose url resolved https://registry.npmjs.org/npmcli/promise-spawn
7179 info trying registry request attempt 1 at 16:00:06
7180 http GET https://registry.npmjs.org/npmcli/promise-spawn
7181 verbose url raw npmcli/redact
7182 verbose url resolving [ 'https://registry.npmjs.org/', './npmcli/redact' ]
7183 verbose url resolved https://registry.npmjs.org/npmcli/redact
7184 info trying registry request attempt 1 at 16:00:06
7185 http GET https://registry.npmjs.org/npmcli/redact
7186 verbose url raw npmcli/run-script
7187 verbose url resolving [ 'https://registry.npmjs.org/', './npmcli/run-script' ]
7188 verbose url resolved https://registry.npmjs.org/npmcli/run-script
7189 info trying registry request attempt 1 at 16:00:06
7190 http GET https://registry.npmjs.org/npmcli/run-script
7191 verbose url raw sigstore/tuf
7192 verbose url resolving [ 'https://registry.npmjs.org/', './sigstore/tuf' ]
7193 verbose url resolved https://registry.npmjs.org/sigstore/tuf
7194 info trying registry request attempt 1 at 16:00:06
7195 http GET https://registry.npmjs.org/sigstore/tuf
7196 verbose url raw npmcli/arborist
7197 verbose url resolving [ 'https://registry.npmjs.org/', './npmcli/arborist' ]
7198 verbose url resolved https://registry.npmjs.org/npmcli/arborist
7199 info trying registry request attempt 1 at 16:00:06
7200 http GET https://registry.npmjs.org/npmcli/arborist
7201 verbose url raw isaacs/string-locale-compare
7202 verbose url resolving [ 'https://registry.npmjs.org/', './isaacs/string-locale-compare' ]
7203 verbose url resolved https://registry.npmjs.org/isaacs/string-locale-compare
7204 info trying registry request attempt 1 at 16:00:06
7205 http GET https://registry.npmjs.org/isaacs/string-locale-compare
7206 silly addNameRange { name: 'npmcli/config', range: '*', hasData: false }
7207 verbose url raw npmcli/config
7208 verbose url resolving [ 'https://registry.npmjs.org/', './npmcli/config' ]
7209 verbose url resolved https://registry.npmjs.org/npmcli/config
7210 info trying registry request attempt 1 at 16:00:06
7211 http GET https://registry.npmjs.org/npmcli/config
7212 http 404 https://registry.npmjs.org/isaacs/string-locale-compare
7213 silly registry.get cb [
7213 silly registry.get   404,
7213 silly registry.get   {
7213 silly registry.get     date: 'Mon, 14 Apr 2025 14:01:10 GMT',
7213 silly registry.get     'content-type': 'application/json',
7213 silly registry.get     'content-length': '42',
7213 silly registry.get     connection: 'close',
7213 silly registry.get     'cf-ray': '9303bbce4bea026a-MAD',
7213 silly registry.get     'access-control-allow-origin': '*',
7213 silly registry.get     server: 'cloudflare'
7213 silly registry.get   }
7213 silly registry.get ]
7214 silly addNameRange number 2 { name: 'isaacs/string-locale-compare', range: '*', hasData: true }
7215 silly addNameRange versions [ undefined, [] ]
7216 error TypeError: Cannot read properties of undefined (reading 'latest')
7216 error     at next (C:\Users\dmorah\AppData\Roaming\npm\node_modules\npm\lib\cache.js:690:35)
7216 error     at C:\Users\dmorah\AppData\Roaming\npm\node_modules\npm\lib\cache.js:678:5
7216 error     at saved (C:\Users\dmorah\AppData\Roaming\npm\node_modules\npm\node_modules\npm-registry-client\lib\get.js:138:7)
7216 error     at FSReqCallback.oncomplete (node:fs:188:23)
7217 error If you need help, you may report this log at:
7217 error     <http://github.com/isaacs/npm/issues>
7217 error or email it to:
7217 error     <npm-@googlegroups.com>
7218 error System Windows_NT 10.0.26100
7219 error command "C:\\Program Files\\nodejs\\node.exe" "C:\\Users\\dmorah\\AppData\\Roaming\\npm\\node_modules\\npm\\bin\\npm-cli.js" "install" "-g" "npm"
7220 error cwd C:\Users\dmorah\Downloads\EjerciciosCSS-main\EjerciciosCSS-main\HeaderSpaBeauty
7221 error node -v v22.13.1
7222 error npm -v 1.3.0
7223 verbose exit [ 1, true ]
